customer_id,first_name,last_name,date_of_birth,address_line1,address_line2,city,postcode,email,phone_number,customer_segment,join_date,marketing_consent_flag
1,Ruth,Griffiths,1955-05-10,"Flat 32, Sian Streets",,New Maryton,E3 8ZA,francescaharrison@example.com,,Standard,2022-11-16,1
2,Lucy,Wright,1981-03-04,6 White Forge,Flat 11y,West Leighview,W8 6DX,teresa95@example.net,0117 4960103,Mutual Rewards,2027-07-30,1
3,Gregory,Robinson,1993-02-08,6 Price Village,Flat 25w,Lake Vincent,SL1W 8JG,olamb@example.net,+44(0)191 4960350,Standard,2022-12-13,1
4,Ryan,Nelson,1979-03-29,"Flat 13K, Kelly Parks",,Youngmouth,M23 9SY,ievans@example.net,+44161 496 0101,Standard,2022-04-20,0
5,Teresa,Walsh,1963-05-13,"Studio 16, Wright Mountain",,Andreatown,SR1X 5EN,asteele@example.net,+449098790482,Mutual Rewards,2025-04-27,0
6,Kenneth,Taylor,1949-02-18,"Studio 89m, Karen Track",Flat 88,New Brandonfort,E5 3BJ,cunninghamdanielle@example.org,03069990822,Standard,2026-08-12,0
7,Alice,May,1968-02-03,89 Arnold Plains,Studio 34z,Jenniferhaven,CM33 5AY,joanquinn@example.org,01632 960031,standard,2021-04-08,1
8,Mohamed,Bruce,1950-06-19,73 Alexandra Ports,Studio 3,Mannborough,E6 6ST,daviesleah@example.org,(0114) 496 0651,Mutual Rewards,2023-02-12,1
9,Alex,Bates,1980-06-14,"Flat 62, Hall Well",,South Georginaville,B1 2SU,zdobson@example.org,+44116 496 0606,Standard,2023-04-04,1
10,Sandra,Hussain,2000-02-03,"Flat 34, Kevin Prairie",,Lake Terryton,W8 0WD,brianwright@example.net,(0909) 8790361,Standard,2025-11-05,0
11,Louis,Jackson,1973-10-01,169 Hudson Ford,,Shaneview,18,tlee@example.com,028 9018 0808,Standard,2023-07-20,1
12,Cheryl,Webb,1985-12-06,11 Abdul Haven,,Lake Glenn,M87 0DS,samuel05@example.org,+4428 9018427,Standard,2025-09-11,0
13,Diana,Rowe,1941-09-02,1 Janice Camp,,Caroleside,S20 5BQ,jillsmith@example.org,+44131 496 0869,Standard,2027-05-18,1
14,Dean,Bennett,1977-11-07,2 Jennings Street,,Victoriabury,CW1 0UJ,kellystone@example.org,+44(0)117 496 0036,Standard,2023-10-17,1
15,Ricky,Taylor,1947-11-24,"Flat 86R, Singh Crescent",Flat 29q,North Jodiechester,SS5 9WE,msutton@example.com,+44(0)1134960608,Standard,2027-11-11,1
16,Shannon,Holmes,1969-02-03,61 Johnson Shore,,Lake Cliffordhaven,SG6 6NX,alexburton@example.com,(029)2018299,Standard,2023-07-25,1
17,Carol,French,1978-10-27,43 Thornton Rest,Studio 57C,Davieshaven,TQ21 8ZP,summersdamian@example.net,+44121 4960332,Standard,2021-03-17,1
18,Jordan,Smith,1972-09-17,"Studio 17, Shah Ports",,Lake Bethan,ME63 0ES,edwardroberts@example.net,0191 498 0708,standard,2023-02-14,1
19,Adrian,Murphy,1956-05-24,"Studio 88M, Giles Mills",Studio 86,Bartlettfort,EX34 3LT,edwardsdamian@example.com,0131 4960581,Mutual Rewards,2022-03-06,0
20,Derek,Wilson,1996-07-19,316 Butcher Mountain,,Farmerchester,ZE90 7AQ,janet68@example.net,+441632960893,Standard,2025-02-25,1
21,Gerald,Sharpe,1973-01-01,"Flat 6, King Union",Studio 2,Bellside,S9 1SF,qclayton@example.com,+44(0)1214960375,Mutual Rewards,2023-11-15,0
22,Jessica,White,2007-07-01,"Flat 17b, Bruce Fork",,Port Naomiton,L3 9FJ,elainedavies@example.net,+44117 4960745,Standard,2022-06-06,0
23,Lynda,Jenkins,2008-01-30,4 Rosemary Burg,Flat 96z,North Jenna,WA3B 9EY,wardanne@example.net,+44(0)131 4960185,STANDARD,2021-02-09,0
24,Emily,Fuller,1946-06-14,57 Tracy Fall,Studio 84N,Hallshire,HG3 4TJ,qpearce@example.com,01314960075,Standard,2022-07-19,1
25,Holly,Kelly,1943-12-05,"Flat 49S, Humphreys Path",Flat 13,Jonesbury,LN7R 1NJ,tmarshall@example.net,(020) 74960578,STANDARD,2025-07-08,0
26,Leigh,Field,1992-11-02,"Flat 74t, Wilson Stravenue",Flat 51,East Robin,LS4Y 1HN,rebeccagardner@example.org,01632 960824,Standard,2021-05-22,1
27,Alexander,Fisher,1981-09-15,710 Jones Mill,,Jeffreyton,WN7 1RU,mellorjoyce@example.org,01164960294,Standard,2021-09-22,1
28,Frederick,Iqbal,1999-08-15,"Studio 99, Zoe Light",,Walkerport,S4K 9EH,arthurbenson@example.org,0118 4960281,Standard,2022-05-02,0
29,Paul,Hanson,2000-04-15,"Flat 03s, Campbell Motorway",,Lake Donaldview,PE3P 8JF,patrick10@example.org,+44(0)306 9990499,Mutual Rewards,2023-06-16,1
30,Jennifer,Harvey,2006-09-10,"Studio 64G, Williams Rapid",,South Brandonview,E3 4YB,paulinereynolds@example.com,+44(0)1184960296,Mutual Rewards,2026-05-27,1
31,Abigail,Morgan,1989-04-04,"Flat 65u, Shaun Isle",Studio 7,Cherylfurt,B7B 4PE,ataylor@example.net,+44909 879 0876,Standard,2021-06-18,1
32,Roy,Joyce,2002-07-02,"Studio 70n, Parry Heights",,Wallacefort,B9 2NX,fishercolin@example.org,+44(0)8081570171,Standard,2026-07-06,0
33,Carl,Morley,1951-11-22,"Studio 46, Robinson Gardens",,Fisherfurt,G14 5WL,birdjoel@example.net,(020) 74960727,Standard,2025-08-01,1
34,Pamela,Ward,1990-01-13,"Studio 5, Amelia Garden",Studio 63,Thomasfort,TS6P 7BF,oliver71@example.net,+441514960026,STANDARD,2026-07-28,1
35,Dean,Tucker,1976-09-17,"Flat 96P, Hugh Walk",Studio 86u,Carrton,E3S 3DS,cartergeraldine@example.org,(0151)4960240,Mutual Rewards,2021-05-23,0
36,Victor,Coles,1988-05-23,"Flat 56j, Melanie Loop",,East Clive,S9 7YF,bethanydawson@example.com,(0118)4960074,Mutual Rewards,2026-10-07,1
37,Janice,Steele,1977-04-10,"Flat 94O, Marshall Motorway",Flat 36E,East Margaretshire,OX4 0RL,armstrongjoyce@example.net,0114 496 0974,Mutual Rewards,2027-08-08,0
38,Bernard,Jenkins,1964-03-24,"Flat 39, Davies Stravenue",,Lake Lewis,RM0M 0YQ,,+441632 960214,Standard,2023-10-13,0
39,Elizabeth,Jarvis,1963-10-04,588 Burke Glens,,Morganport,WR5B 1FJ,zmorgan@example.net,+44(0)131 496 0160,STANDARD,2023-04-02,0
40,Paula,Harvey,1975-08-06,"Studio 49y, Griffiths Fort",Studio 0,Kathrynbury,BR7Y 6EF,hardingleon@example.com,,Mutual Rewards,2021-12-27,1
41,Lewis,Henry,1984-04-14,75 Fox Stream,Flat 61,Richardsview,N3 7JQ,robinsonlaura@example.net,+44(0)28 9018 0506,Mutual Rewards,2023-05-08,1
42,Karl,Morgan,1983-02-18,"Flat 3, Adam Turnpike",,Normanberg,L1W 9HJ,sean90@example.com,(0909) 879 0228,Standard,2023-02-18,0
43,Clive,Griffiths,1944-03-27,0 Pearson Freeway,,Andrewburgh,BL2 8ED,xparkin@example.net,+4420 74960178,Mutual Rewards,2022-11-20,1
44,Jayne,Thomas,1985-10-11,"Studio 0, Catherine Vista",,Pickeringville,SP71 5ZF,clarkesara@example.net,(020)74960856,Standard,2026-01-31,1
45,Melanie,Harris,1967-01-01,"Flat 1, Sharon Mission",,South Declan,JE61 6PL,carl71@example.org,+448081570116,Mutual Rewards,2021-10-28,0
46,Christine,Barker,1971-12-06,885 Victoria Knoll,,Taylorton,PH4 1YW,deanmoss@example.org,0909 879 0158,Standard,2024-02-16,1
47,Geoffrey,Carter,1990-08-09,89 Tina Shoals,Studio 40l,Ritaport,HS0 2YR,sandersashleigh@example.org,+44(0)1144960836,Standard,2024-07-28,0
48,Sandra,Cook,1958-12-19,"Flat 59M, Lee Drives",,Port Marian,E4 6UZ,ncarroll@example.net,(0115)4960561,Standard,2023-05-31,1
49,Josephine,Davies,1980-05-25,"Studio 40, Hannah Rapid",,North Dennisport,G44 1AU,yjarvis@example.net,01632 960 388,Standard,2026-09-07,0
50,Owen,Hammond,1948-09-24,07 Terry Ports,,Allenchester,CH6 5GZ,xlee@example.org,(0151) 496 0136,Standard,2026-01-04,1
51,Joanne,Barry,1953-11-23,"Flat 53v, Martin Pass",,New Deniseborough,HS2 1FL,kylefoster@example.net,+44114 4960277,Standard,2027-06-02,1
52,Lynne,Carter,1941-12-28,"Studio 99u, Hayes Cliff",,Williamsport,PE0 8DN,dprice@example.com,+448081570411,Mutual Rewards,2026-03-26,1
53,Marilyn,O'Sullivan,1991-06-05,"Studio 80, Walker Ports",Studio 35M,Knightton,CF51 0JT,nbarry@example.org,+44(0)131 496 0546,Standard,2024-06-24,0
54,Declan,Davies,1982-01-20,515 Nicole Springs,,Abbottberg,BT9 5NR,marilynwalters@example.org,+44121 4960865,Standard,2027-12-02,0
55,Scott,Davies,1963-03-29,685 Linda Inlet,,East Maurice,DG32 1NE,,+44(0)161 496 0880,Mutual Rewards,2026-08-19,0
56,Tom,Hawkins,1979-12-18,622 Hazel Trail,Studio 27,South Juliebury,PO47 8JN,mcooke@example.com,(029)2018977,Mutual Rewards,2027-07-19,1
57,Lawrence,Marsh,1949-06-27,"Flat 39, Tony Center",,Cameronside,E4 2LT,amandagreen@example.org,(0808)1570750,Standard,2024-07-13,1
58,Alexander,Frost,1949-05-30,"Flat 61, Wilson Island",Flat 5,East Ian,WA7 7TZ,howejack@example.com,+44117 4960289,Mutual Rewards,2025-06-28,1
59,Mary,Griffiths,1955-04-23,"Flat 41, Shane Manor",,Collinsfort,B8K 2NS,richardscameron@example.net,+44(0)141 4960218,Standard,2024-01-26,1
60,Joseph,Watson,2003-08-03,70 Robinson Glen,,West Josephstad,E95 0QX,carly27@example.net,01614960221,Mutual Rewards,2027-02-03,1
61,Clare,Sims,1980-12-28,3 Guy Inlet,,Scottside,EN03 5BP,harry56@example.com,+44(0)1632 960765,Standard,2022-08-04,0
62,Jean,Marshall,1969-07-02,"Studio 41, Ferguson Rapids",,New Billy,CF1 4NT,cthompson@example.com,+44151 496 0059,Standard,2024-09-13,0
63,Henry,Dawson,1977-07-03,6 Lewis Summit,,North Gareth,W0C 3QQ,cwells@example.net,(0116) 496 0755,Standard,2024-10-11,1
64,Martin,Allen,1953-09-26,"Studio 5, Smith Crescent",,Lake Christianfort,S8B 4TH,annette73@example.org,+44(0)115 4960172,Standard,2027-01-26,1
65,Louise,Turner,1949-09-03,"Studio 51J, Ball Vista",Flat 25,North Marc,L70 8YQ,jroberts@example.org,028 9018 0114,Standard,2024-05-22,1
66,Catherine,Carey,1949-01-20,"Studio 12, Graham Mission",,Daviesstad,G26 1WF,roger25@example.net,+44(0)117 496 0584,Standard,2021-09-03,1
67,Tony,Chapman,1948-11-13,"Flat 49, Stephanie Row",,New Kimberley,G99 9BA,thomasjemma@example.net,+44118 4960396,Standard,2026-04-05,1
68,Ruth,Holland,1965-04-06,"Studio 47p, Jordan Cliffs",,East Chloechester,LL35 5PQ,xclarke@example.net,+44(0)1914960153,Standard,2024-12-20,0
69,Adrian,Phillips,1945-11-21,1 Gregory Lights,,Smithburgh,OX5 2UW,,+44(0)1514960747,Standard,2021-03-14,0
70,George,Harding,1977-03-21,"Flat 39, Parker Haven",,Andersonfort,NN0 6FL,sophie50@example.com,0114 4960983,Standard,2024-02-01,1
71,Andrea,Barber,1950-04-15,"Studio 78, Mason Road",,East Lewisfurt,TQ5 2HZ,cknight@example.org,+44(0)1154960578,Standard,2024-11-20,1
72,Kieran,Butler,1984-05-04,95 Lisa Ridges,,Jennamouth,W9E 0QP,robinsoncarole@example.com,+44(0)3069990097,Mutual Rewards,2023-04-05,1
73,Abbie,Gill,1971-05-02,097 Judith Roads,,Kennedybury,E3 7PS,amymarshall@example.com,+441614960970,Standard,2027-01-02,1
74,Ashley,Joyce,1991-09-29,"Studio 78y, Andrews Mount",,Janicestad,TD4W 3JL,eric44@example.net,,Standard,2022-10-06,1
75,Hollie,Cole,2002-04-11,"Studio 5, Hussain Ports",,Wheelerfurt,TD2 0ND,angela47@example.org,(0117) 496 0848,Mutual Rewards,2026-12-03,1
76,Abdul,Khan,1970-07-14,0 Kim Fort,,North Amymouth,LN1X 0XG,eriley@example.com,+44(0)28 9018345,mutual rewards,2023-06-06,1
77,Leah,Howard,1951-01-17,938 Clive Mall,Flat 06,Birchport,B4 5NT,igregory@example.net,+44(0)1514960431,Mutual Rewards,2023-10-25,1
78,Ben,Elliott,1981-10-07,"Studio 20V, James Port",Studio 32N,Masonhaven,CA6 2FU,frederick04@example.com,0118 496 0745,Standard,2023-07-28,0
79,Carole,Wood,1948-04-04,53 Dorothy Crest,Studio 4,South Joyce,729,xhill@example.org,020 7946 0108,Standard,2025-04-20,0
80,Reece,Allen,1983-01-18,5 Clark Ford,Studio 97f,Lawmouth,S79 8TN,frostpaul@example.net,+44117 4960910,Standard,2024-08-09,1
81,Leigh,Harrison,1972-01-14,7 Mitchell Lodge,Flat 26,Margaretmouth,IM18 5EG,uhill@example.org,+44(0)808 157 0004,Standard,2024-12-09,0
82,Ellie,Peters,2003-01-09,"Studio 63, Kelly Key",,West Roy,TA1A 9AJ,josephspencer@example.org,+44151 496 0903,Standard,2027-04-20,1
83,Samuel,Ahmed,2005-09-07,302 Henry Street,,Melissamouth,M28 6NL,randallmarie@example.net,+441164960687,Standard,2021-05-26,1
84,Leigh,Howarth,1952-10-09,"Studio 56, Burrows Lane",,Port Shannon,EC34 7BX,jmorgan@example.net,+44(0)115 4960634,Mutual Rewards,2022-09-24,0
85,Mohamed,Willis,1955-09-09,"Flat 18U, Lee Grove",,Davieston,L9 7HP,stephen33@example.net,+44115 496 0739,Standard,2026-12-27,0
86,Dennis,Frost,1994-01-26,546 Ashton Knolls,,Elliotstad,W7B 5HQ,amy09@example.org,,Standard,2027-04-22,0
87,Jacob,Brown,1944-10-16,"Flat 23v, Jessica Port",,South Georgina,SL5M 7TG,leslie28@example.com,+44(0)1164960808,Standard,2021-04-16,1
88,Keith,Harding,2004-09-29,6 Harriet Fort,,Lake Derektown,W50 7AA,hbrown@example.net,+44(0)118 4960840,Standard,2025-04-10,1
89,Amelia,Davies,1993-12-27,1 Cameron Fields,,Owenview,BT56 9JJ,lydia10@example.org,+44141 4960668,Standard,2025-01-18,1
90,William,Woods,1947-01-03,7 Berry Isle,Studio 18,East Phillipshire,FK01 8YB,guybrown@example.org,+4420 7496 0261,Standard,2023-07-19,1
91,Ben,Moore,1973-01-25,"Studio 85y, Charlene Stream",,New Deniston,S3 5ZZ,umorgan@example.org,+4428 9018 0477,Standard,2022-12-10,0
92,Susan,Fisher,1946-06-17,"Studio 2, Cunningham River",,Louisland,M2 2RP,,+441314960110,Standard,2023-08-16,1
93,Louise,Evans,1977-11-05,"Flat 2, Christian Meadows",,Randallhaven,CF01 8DZ,emma04@example.com,(0141) 496 0183,Standard,2025-11-13,0
94,Maria,Thompson,1988-12-11,"Flat 24, Phillips Drive",,East Tracyview,GU71 4JU,claredean@example.com,0113 4960659,Standard,2024-03-26,1
95,Hugh,Williams,1950-08-24,"Studio 92t, Gibbs Square",,South Terry,S54 9JP,ywhite@example.com,+44(0)131 496 0193,Mutual Rewards,2026-01-14,1
96,Janice,Gardner,1957-10-01,737 Holden Cliff,Studio 7,Lake Leon,M26 1TZ,ijackson@example.net,+44909 879 0680,Standard,2027-09-23,1
97,Rebecca,Harrison,1945-11-28,3 Thompson Ridge,Flat 9,Morganmouth,CF01 3WW,katiepatel@example.com,(0306)9990982,Standard,2023-12-08,1
98,Peter,Jones,1995-09-30,"Studio 1, Patrick Keys",,Glennmouth,W57 7TP,hodgsoncarolyn@example.org,(0113)4960512,Standard,2027-04-20,1
99,Norman,Lewis,1961-01-20,86 Barnes Lodge,Studio 22O,Byrneborough,PE66 3HL,mellorpaula@example.org,,STANDARD,2024-02-11,1
100,Victor,Chapman,1977-12-13,78 Anderson Ridge,,Foxstad,WD7 4ZY,daviesterry@example.org,0118 4960412,Standard,2024-03-05,1
101,Annette,Dale,1971-09-14,"Studio 9, Beverley Lights",,Skinnerside,rm2v7nf,fjones@example.net,+44113 4960340,Standard,2023-05-04,1
102,Eric,Powell,1970-05-17,97 Marion Crescent,,Paigestad,B7J 6EJ,ryan74@example.com,(0909) 8790171,Standard,2027-08-07,0
103,Frank,Kelly,2005-09-14,"Studio 96k, Russell Via",,Port Darren,N8E 5NN,katherine12@example.com,(0114) 496 0422,Standard,2023-02-15,1
104,Jacob,Ellis,1972-04-30,672 Johnson Lane,,Tuckerland,ML45 7PY,taylorcolin@example.net,+44(0)151 496 0518,Mutual Rewards,2024-05-20,1
105,Charlie,Morgan,1990-10-04,45 Haynes Ports,Flat 97,Jillton,E7 1GT,bsavage@example.org,+44292018242,Standard,2023-05-02,1
106,Colin,Waters,1971-03-12,"Flat 5, Lee Locks",,Bethbury,SA11 3UD,jennawilson@example.net,,Standard,2024-10-14,1
107,John,Bailey,1987-04-13,"Flat 6, Lesley Cliffs",,South Craig,TS1B 5NF,wgriffin@example.org,+44289018218,Standard,2025-10-17,0
108,John,Morrison,1999-06-08,53 Victoria Ridges,,Taylorland,G1 5SP,louiswhite@example.org,(0118) 496 0899,Mutual Rewards,2027-02-19,1
109,Tina,Kirby,1997-01-29,438 Deborah Hill,Studio 03F,Clarkfort,PH1V 5PF,ktaylor@example.com,+44(0)131 496 0827,Standard,2027-07-22,1
110,Liam,Brown,1961-07-04,4 Simon Circle,,O'Sullivanhaven,KW61 4DN,lewisdennis@example.org,(0191)4960569,Standard,2026-05-25,1
111,Francesca,Davies,1948-09-07,63 Duncan Corners,,Clarkton,SG2 0FA,jeanwatson@example.net,0191 498 0425,Standard,2022-01-30,1
112,Max,Hope,1991-02-04,5 Dixon Circles,,Melissaland,LE85 7YG,charles41@example.net,(029) 2018138,Standard,2021-01-08,0
113,Samuel,Taylor,1954-09-29,0 Evans Drive,Flat 08,Wilsonbury,SR54 9QE,gardnergeorgia@example.org,+44141 496 0174,Mutual Rewards,2027-08-01,1
114,Graeme,Mills,1978-02-20,"Flat 5, Iain Port",Flat 93D,Mariefort,L20 0JX,heather05@example.org,,Standard,2027-06-16,0
115,Sylvia,Patel,1992-12-31,"Flat 3, Samantha Overpass",Flat 2,Colinton,S57 9EW,kimperry@example.org,+4420 74960906,Standard,2026-08-21,1
116,Callum,Smith,1982-07-19,"Flat 65u, Dixon Club",,East Fiona,G1 7TP,woneill@example.org,+44151 4960474,Standard,2022-01-08,1
117,George,Fraser,2008-03-28,"Studio 90n, Bray Station",,West Hannah,B4E 0RT,neilhall@example.org,+44115 4960003,Standard,2022-02-11,1
118,Joe,West,1963-04-29,"Studio 19L, Bell Club",,North Joemouth,E51 7BG,zfuller@example.com,+44113 4960662,standard,2024-01-05,1
119,Allan,Walker,1961-12-09,"Flat 72c, Eileen Hill",,Aliside,BN14 2SH,harrietturner@example.net,+44(0)3069990065,STANDARD,2025-01-30,1
120,Paige,Porter,1970-01-04,"Studio 85, Dixon Burg",,Jodiebury,M0 8QY,samspencer@example.net,0118 4960480,Standard,2027-07-02,1
121,Gerald,Allen,1952-07-24,"Flat 22p, Forster Square",,Marietown,SN5W 9HU,clive70@example.org,01144960393,Mutual Rewards,2021-03-03,1
122,Kerry,Jones,1959-10-28,"Studio 32, Edwards Unions",,Darrentown,G18 1QR,holtbrandon@example.org,(0116) 4960675,Standard,2022-06-26,1
123,Lindsey,Morgan,1981-01-15,"Flat 92, Parkes Spurs",,Scottburgh,AB9P 2ZP,rutharmstrong@example.com,0116 496 0513,Standard,2023-12-14,1
124,Stanley,Thompson,1976-02-15,570 Kelly Square,,West Douglasville,AB0P 6GS,wwallace@example.net,0141 496 0179,Standard,2026-07-16,0
125,Joyce,Wilson,1961-06-23,"Flat 0, Brown Green",,North Glennburgh,CW18 5ZZ,bcampbell@example.net,+44116 496 0962,Standard,2021-06-16,1
126,Oliver,Fry,1954-08-04,88 Benson Hills,,North Adam,OX87 0QA,qnicholson@example.net,+44(0)20 7496 0731,Standard,2021-03-21,1
127,Russell,Thompson,1995-02-22,"Flat 7, Mohammad Tunnel",,Jonesview,S2 6QG,cthomas@example.com,+44118 4960349,Standard,2021-07-11,1
128,Derek,Mitchell,2004-10-10,5 Coates Radial,,New Benjamin,TW86 9JU,jason60@example.net,02074960899,Mutual Rewards,2022-04-04,0
129,Trevor,Wells,2008-05-16,"Flat 23, Malcolm Canyon",,Fergusonchester,G94 1DR,rfisher@example.net,+44(0)151 496 0099,Standard,2025-06-12,1
130,Samantha,Clark,1981-02-12,9 Kenneth Port,,Port Mitchellside,WS6 6UY,rthomas@example.com,0116 496 0996,Standard,2021-05-01,1
131,Hannah,Ball,2002-05-31,"Studio 30V, Wall Landing",Flat 5,Graemeview,WF13 4TP,helen91@example.org,(0151)4960367,Standard,2027-06-18,1
132,Georgia,Taylor,1974-05-07,214 Kirk Vista,,East Alexborough,L0 0QH,laura78@example.com,+4428 9018 0103,Standard,2024-03-03,1
133,Wendy,Wright,2003-04-28,98 Ward Villages,,Charleneland,BB6 2YH,eileenwilson@example.org,+441184960680,Standard,2027-08-22,1
134,Jill,Bailey,1967-06-27,290 Howard Rest,Flat 46y,Kellyview,W48 9EA,chelsea99@example.com,(0121) 4960171,Standard,2023-11-11,0
135,Martyn,Hart,1963-07-23,"Flat 43j, Kevin Valley",,Bensonberg,BB7M 6RR,jacksonalexandra@example.org,(0131) 496 0387,Standard,2026-09-19,0
136,Sarah,O'Sullivan,1956-08-31,824 Megan Crossroad,,Yvonneburgh,ZE5X 3QJ,emily55@example.com,(020)74960471,Standard,2025-01-01,1
137,Alexander,Taylor,1962-07-14,38 Gail Light,,Amyton,G35 9TF,jeremy17@example.com,(028)9018250,Standard,2021-01-15,1
138,Alison,Robertson,1980-03-06,271 Jayne Mews,,Ahmedfort,AB08 5AP,jackdavies@example.net,+441632 960335,Standard,2023-08-28,1
139,Callum,Webb,1990-04-23,"Flat 10, Wells Motorway",Studio 89H,Tracyberg,ZE7 3GR,wilsonwayne@example.org,+441632 960098,Standard,2022-06-10,1
140,Harry,Owen,1945-01-07,48 Marilyn Causeway,,Lake Michaelton,CH6R 1XL,ncampbell@example.net,+4429 2018046,Standard,2026-08-18,0
141,Oliver,Adams,1968-06-10,"Studio 92, Burke Cove",,West Geoffreyville,DH93 8HQ,charris@example.net,+44161 4960375,Standard,2022-12-30,1
142,Paul,Brown,1951-08-12,9 Burrows Course,Studio 11,Carlybury,GY47 1GB,rebecca56@example.net,(0115)4960100,STANDARD,2022-03-06,0
143,Cheryl,Miah,1948-11-07,"Flat 79r, Christine Via",,Justinville,JE74 7SG,danielsdarren@example.org,01154960697,Standard,2027-10-29,0
144,Shirley,Davies,1947-12-19,659 Lydia Villages,Studio 27F,South Chloeton,M5 8YY,aimeewong@example.net,0191 4960916,Mutual Rewards,2026-08-18,1
145,Frederick,Jones,1986-08-02,"Flat 89, Mark Row",Flat 87,Taylorland,HG35 0WJ,pahmed@example.org,+44(0)151 496 0797,Standard,2021-10-01,1
146,Dawn,Williams,1956-03-09,01 Ali Point,,Port Georgeport,L7F 0JT,yvonne99@example.com,(01632) 960 571,Standard,2021-10-30,1
147,Katy,Morton,1975-09-23,"Flat 48H, Campbell Cape",,South Bradley,SW6B 9HH,begumlisa@example.org,+44(0)151 496 0351,Standard,2027-06-11,1
148,Elizabeth,Parker,1958-06-24,79 Dawn Avenue,,New Annshire,ML29 2ER,leanne66@example.net,+44(0)29 2018 0346,Standard,2023-12-02,0
149,Billy,Price,1941-07-17,6 Watts Plaza,,Andreaborough,L94 2GW,carolyn15@example.net,01614960996,Standard,2026-09-26,1
150,Eleanor,Hussain,1946-05-26,"Flat 8, Peter Light",Flat 00,West Shaun,SL4 0NH,evansalison@example.org,028 9018838,Standard,2024-04-23,1
151,Frank,Lewis,1941-08-14,"Studio 06y, Andrews Spur",,Lynnton,M3 3QY,gordonharris@example.org,+4429 2018 0122,Standard,2027-04-03,0
152,Katherine,Baldwin,1987-01-10,48 Clarke Prairie,Flat 05D,North Carl,PH0 7YX,liam58@example.org,+44(0)1164960818,Standard,2022-05-11,1
153,Elizabeth,Freeman,1978-11-24,"Flat 5, Allan Shore",Flat 55s,Port Marian,W8W 1QT,jemmaosborne@example.net,01184960056,Standard,2027-10-10,0
154,Geoffrey,Cooper,1952-01-07,"Flat 8, Lewis Pass",,Jonesport,DG5V 1GX,johnsonrhys@example.net,(028)9018361,Mutual Rewards,2022-10-01,0
155,Shannon,Norton,1976-07-29,"Studio 12b, Edwards Camp",,North Alexanderburgh,NW1 4SR,byates@example.com,(0113) 4960618,Standard,2021-01-19,0
156,Jemma,Atkinson,1988-04-04,901 Murray Coves,,Joyceport,E4U 6RA,opope@example.org,+44(0)1632960684,Standard,2026-05-24,1
157,Gareth,Jordan,2005-01-17,"Flat 8, Harry Canyon",Flat 9,Powellland,DL5 6WF,jeffreyquinn@example.com,0117 4960129,Mutual Rewards,2021-06-18,1
158,Georgina,Hall,1966-06-14,14 Joe Stream,Studio 75,Scottbury,M9 3PU,qmills@example.com,+44(0)29 2018 0929,Standard,2025-10-28,1
159,Julie,Mann,2008-07-07,"Flat 05, Ross Station",Studio 64x,Lake Mohamed,LL75 7XE,leahjenkins@example.com,(0909) 879 0283,Mutual Rewards,2023-03-29,1
160,Kayleigh,Hamilton,1978-03-23,8 Kimberley Prairie,Studio 9,North Lynn,NP8 2QR,joanhunter@example.com,+44(0)115 4960788,Standard,2021-10-09,1
161,Patricia,Evans,2005-09-28,392 Katie Estate,,New Anna,WR2Y 5BJ,qbarnes@example.com,+44(0)1174960038,Standard,2027-09-25,1
162,Rebecca,McCarthy,1997-11-24,"Flat 0, Webb Pike",,Marcusshire,G6S 5YD,nicola38@example.com,+44131 496 0577,Standard,2026-02-21,1
163,Thomas,Knight,1948-08-09,23 Katherine Row,,Phillipberg,G59 3SP,jonescatherine@example.com,(0117)4960926,Standard,2021-03-11,0
164,Norman,Thomas,1994-10-27,8 Marion Drive,,East Garryburgh,S9K 4DH,,+44151 496 0977,Standard,2022-06-14,1
165,Gerald,Burke,1948-09-09,298 Thompson Spur,,Sandrashire,L6 2EA,zoetaylor@example.net,+4429 2018629,Standard,2021-10-27,1
166,Edward,Jones,1983-08-02,811 Knowles Rapids,,Port Josephinechester,S5W 8SJ,ypearson@example.com,+4420 7496 0916,Standard,2022-02-20,1
167,Conor,Jones,1972-02-25,4 Smith Avenue,,New Zoeville,B6S 5SQ,nashnaomi@example.net,(0118) 4960486,Standard,2025-10-21,1
168,Claire,Blackburn,1952-02-15,"Flat 68, Carpenter Points",,Smithport,N6T 1JT,oliverstevens@example.com,+44(0)306 999 0589,Standard,2026-12-06,1
169,Lydia,Goddard,1954-07-21,01 Megan Rapid,,Nicholsonview,N19 6RZ,jodie02@example.net,+44161 496 0703,Standard,2026-08-03,0
170,Maureen,Hussain,1950-10-27,883 Frances Camp,,Shanetown,E46 6RY,maureenbrown@example.net,(0114)4960184,Standard,2027-03-07,1
171,Yvonne,Austin,1953-04-12,"Flat 43M, Sandra Lodge",,West Clivechester,E8B 5EW,shannon94@example.net,(0151)4960697,Standard,2027-07-21,0
172,Norman,Reed,1988-08-06,"Studio 79b, Clark Cliff",Studio 3,Port Guy,HU88 4JN,matthewsglenn@example.org,+44(0)191 496 0275,Standard,2024-01-04,1
173,Charlie,Lawrence,1958-11-12,"Flat 37, Damian Street",Flat 43,East Frederick,N2U 1DU,,028 9018080,Mutual Rewards,2025-02-07,1
174,Christine,Houghton,1962-02-06,"Studio 47, Denise Harbors",,Mortonshire,B86 8BW,lisa27@example.org,+44(0)29 2018875,Standard,2026-11-12,1
175,John,Brown,1993-04-08,91 Evans Wall,,Christianside,EC4 9PQ,,+44(0)1164960763,Mutual Rewards,2024-07-26,0
176,Beth,Mitchell,1991-07-15,"Studio 4, Gardner Curve",,Port Oliver,FK3V 6HF,elainenelson@example.org,+44(0)1414960728,Standard,2025-07-18,0
177,Guy,Thornton,1963-08-30,"Flat 89d, Gibson Estates",Flat 3,Aliceville,SW54 5XX,leigh06@example.org,(0131)4960939,Standard,2025-11-25,1
178,Francesca,Brooks,1961-12-11,55 Russell Mission,Flat 6,Gillianberg,N69 1DG,julian55@example.net,01214960496,Mutual Rewards,2023-04-23,0
179,Louise,Porter,1948-11-22,"Studio 98C, Thompson Walk",Flat 2,Lake Tony,SN1H 6EE,crosselaine@example.net,0114 4960068,Mutual Rewards,2027-07-05,0
180,Jake,Webb,1955-11-09,6 Wilson Street,Flat 72i,North Joshua,HU5R 8LX,skirk@example.net,+44(0)116 496 0997,Standard,2026-05-15,0
181,Heather,Shaw,1985-06-17,"Studio 84, Jones Forks",,South Mohammadstad,EX24 0WF,mitchell78@example.org,+44292018774,Standard,2021-01-29,0
182,Sharon,Roberts,1980-02-28,8 Barrett Points,,Byrneburgh,ST6P 4DS,georgiamiller@example.net,08081570448,Standard,2027-11-18,1
183,Max,Ali,1969-10-16,2 Griffiths Motorway,,Dixonfort,N02 8AG,birdmalcolm@example.net,(0151) 4960031,Standard,2022-04-14,1
184,Stephen,Hughes,1964-11-12,"Studio 4, Turner Mountain",Studio 05f,North Vincent,BS87 3LR,blakefrederick@example.com,(0306)9990730,Standard,2022-09-11,0
185,Kelly,Newman,1954-10-18,376 Hudson Estate,,Lake Georginahaven,M7 3QB,nathansmith@example.com,+44(0)1214960024,Standard,2025-12-22,1
186,Trevor,Byrne,1957-03-30,0 Holmes Drives,,Craigbury,W19 0BQ,ritawilkinson@example.org,+441154960735,Standard,2025-10-01,0
187,Leah,Peacock,1968-03-03,"Studio 30S, Evans Dale",,Simonfort,LA8M 3YG,brandon74@example.net,(0909) 8790821,Standard,2025-07-09,1
188,Dean,Patterson,1977-06-13,"Studio 57, Kim Parkways",Studio 2,New Juliebury,SR1 3WU,mollybird@example.com,+44289018511,Standard,2025-06-14,1
189,Katy,Rice,1966-11-05,0 Kenneth Oval,,North Ryan,S7J 0QJ,browngavin@example.net,(0161)4960170,Standard,2024-01-27,1
190,Nicole,Reid,1997-01-30,"Flat 09r, Steven Village",,Martinborough,E1T 8RH,kerrymoss@example.net,(028) 9018288,Standard,2024-07-13,0
191,Kenneth,Miller,1948-04-07,"Studio 76g, Jeremy Plaza",,Loweburgh,W5F 5SS,tina39@example.net,+44117 496 0684,Standard,2024-01-24,0
192,Alison,Williams,1957-08-03,"Flat 0, Wright Path",,West Thomas,DT3 0LX,neilthomas@example.com,(0116) 496 0245,Standard,2025-12-14,1
193,Frederick,Barnes,1993-06-16,"Flat 9, Pearce Forge",,Lake Victorfort,W91 0YR,porteralbert@example.com,+44(0)909 879 0661,Standard,2027-07-22,1
194,Julian,Morris,1943-02-09,604 Stanley Plains,,West Stephanie,DT2A 7ZY,mortongregory@example.com,0116 4960251,Mutual Rewards,2025-01-18,1
195,Alexandra,Morris,1943-06-23,"Flat 16G, Griffin Curve",,South Yvonne,W69 8ZW,normanhammond@example.com,+44(0)121 4960911,Standard,2026-09-19,1
196,Amy,Davison,1942-12-04,"Flat 55, Stewart Extension",,Ambermouth,G7A 3QF,clarkalexander@example.org,0289018240,Standard,2023-12-03,1
197,Annette,Roberts,1968-09-08,"Studio 7, Mohamed Fords",,East Janice,M8H 0RY,,029 2018804,Standard,2022-06-14,1
198,Darren,Abbott,2001-10-24,"Flat 7, Joseph Loaf",,Cherylstad,B4 3RW,cookedanielle@example.net,(0191) 4960123,Standard,2025-04-05,1
199,Clare,Moore,1994-05-15,3 Shepherd Lock,Studio 20w,Owenport,M04 0XL,derekcook@example.com,029 2018 0216,Mutual Rewards,2025-06-06,1
200,Josephine,Blackburn,2000-08-22,39 Rachel Inlet,Studio 57,East Hilary,L24 6FY,elliotttownsend@example.net,(01632) 960125,Standard,2022-03-29,1
201,Robert,Miller,1964-11-21,"Studio 4, Morris View",,Derekborough,G2 9ZL,jodiebarnes@example.net,+44113 496 0517,Standard,2022-02-21,0
202,Stephanie,Baker,1977-04-04,"Studio 52y, Jones Estates",,East Ryan,TA04 3HH,williamsonjennifer@example.net,(0161)4960573,Mutual Rewards,2024-08-21,1
203,Carol,Russell,1967-12-25,"Studio 56N, Maria Coves",,Murphyton,S08 8BH,chloe64@example.com,+44(0)151 4960264,Mutual Rewards,2026-03-20,0
204,Alexander,Marshall,1958-03-06,71 Jeremy Tunnel,,South Amy,LD0 7YH,ugreen@example.net,+44(0)28 9018211,Mutual Rewards,2021-12-21,0
205,Diana,Patterson,1975-12-23,"Flat 8, Wood Pass",Studio 26,Thomasburgh,OL2 2GB,ubrookes@example.com,0121 4960212,Standard,2022-09-23,0
206,Paul,Johnson,1978-04-22,"Flat 7, Davis Plains",Flat 9,Smithshire,LN7P 1ZZ,smithlorraine@example.com,0289018830,Standard,2022-07-29,0
207,Sean,Hartley,1991-08-19,"Flat 2, Dorothy Ports",,Mohamedland,E6 2NZ,carolinemorris@example.com,+44(0)113 496 0145,Standard,2024-02-20,0
208,Jessica,Perry,1972-03-14,"Studio 14, Macdonald Square",Flat 58A,Lake Rhys,B1K 7ZN,ujenkins@example.com,01914960995,Standard,2022-02-08,1
209,Jayne,Moore,2004-05-20,"Studio 2, Lindsey Highway",,North Terence,W1 9SS,shepherdyvonne@example.net,+44117 496 0034,Mutual Rewards,2023-03-02,0
210,Joseph,Brookes,1971-08-07,"Flat 1, Cook Stream",Studio 90,East Mohamed,SK7 0FU,,(0116) 496 0785,Mutual Rewards,2024-12-07,1
211,Amy,Murray,1945-06-25,495 Gavin Ports,,Owenland,M05 8GY,hkay@example.com,01632 960 504,Standard,2024-07-09,1
212,Nicholas,Hughes,1985-08-15,74 Judith Hollow,,North Karen,L1 8AU,karlcook@example.com,+441632 960845,Standard,2022-03-22,0
213,Nigel,Fuller,1953-12-10,0 Cooper Way,,North Graemeton,WD9B 7BE,daniel94@example.net,(0117)4960533,Standard,2023-06-10,1
214,Martyn,Kent,1978-01-08,"Studio 14j, Henry Crescent",,New Yvonnehaven,L8 8PL,geraldineroberts@example.net,01184960214,STANDARD,2026-03-21,0
215,Declan,Henderson,2000-09-11,0 Cooke Causeway,Flat 6,North Rachelfurt,W95 5HX,simpsonnatalie@example.net,,Standard,2022-02-14,1
216,Colin,Cartwright,1992-09-27,"Flat 7, Richardson Station",,Jonesbury,M56 5PT,eholland@example.org,(0131)4960772,Standard,2023-05-27,1
217,Damien,Butler,1961-01-28,161 Humphreys Cliffs,,Staceymouth,PE63 8GU,ncollins@example.net,+4420 74960669,Standard,2027-09-13,0
218,Glenn,Dunn,1997-11-23,1 Clark Ranch,,Roseville,DD46 9EZ,pmills@example.net,(0114) 496 0132,Mutual Rewards,2025-12-10,0
219,Heather,Barker,1989-05-29,278 Black Ports,,Chapmanmouth,OL4 5DY,talbotdenise@example.com,0909 879 0240,Standard,2024-02-22,1
220,Georgina,Morgan,2000-12-29,851 Taylor Freeway,Studio 9,Johnsonfurt,IM68 2UF,suzannecooper@example.com,+44(0)8081570624,Standard,2026-09-13,1
221,Malcolm,Macdonald,2008-04-27,027 Simpson Dale,,East Jemmachester,YO96 7WS,ocooper@example.org,0151 496 0909,STANDARD,2025-03-28,1
222,Frank,Ellis,2004-03-24,"Studio 8, Rhodes Camp",,Coleville,W1C 7WD,smithharriet@example.net,029 2018189,STANDARD,2023-08-29,0
223,Molly,Manning,1960-01-12,"Studio 07, Lewis Mountains",,Emilystad,GY2 9NY,benjamin79@example.org,02074960049,Mutual Rewards,2021-03-26,0
224,Mitchell,Jones,1964-06-28,144 Amber Harbors,Flat 40V,New Cliveshire,CV7N 4JU,debrataylor@example.com,+44(0)114 496 0292,Standard,2025-03-21,1
225,Amy,Welch,1948-09-21,723 Holloway Greens,,North Mohammedmouth,80,pmorrison@example.com,0131 4960441,STANDARD,2023-03-05,1
226,Abbie,Jackson,1994-08-04,"Studio 39X, Maria Junction",,West Lorraine,B1 6EW,vincentbruce@example.org,(01632)960443,Mutual Rewards,2021-04-16,1
227,Peter,Bibi,2004-01-02,391 Nicholas Walks,,South Sylvia,OL2B 4NT,dawsonmartyn@example.com,,Mutual Rewards,2026-11-21,0
228,Dorothy,Moran,2001-06-08,"Flat 21r, Margaret Loaf",,Darrenview,DD7 7HZ,fcarpenter@example.org,0116 496 0863,Standard,2026-03-23,1
229,Carly,Whitehouse,1967-04-28,"Studio 41c, Steven Ports",,Katietown,CV00 4FP,gallen@example.net,(0306)9990776,Mutual Rewards,2024-06-08,1
230,Brian,Henderson,1985-10-06,71 Shepherd Hollow,,Hartleyland,NN5 7NH,andreathomas@example.com,029 2018346,Standard,2021-11-28,1
231,Harriet,Holmes,1955-02-02,"Flat 7, Bradley Camp",Flat 09,South Janet,M7 0BP,haynesluke@example.com,+44115 496 0387,Standard,2026-10-08,1
232,Paula,Bray,1949-08-02,0 Wendy Shoal,,South Marianton,G02 4ET,mariecollins@example.org,(0115)4960799,Mutual Rewards,2022-11-17,0
233,Philip,Roberts,1951-02-23,"Flat 65h, Danny Villages",Flat 09,West Philip,M2 2QX,jennifersmith@example.net,+44(0)113 4960219,Standard,2024-03-14,0
234,Charles,Brown,1983-10-27,"Flat 0, Antony Corners",,Helenfort,CO3E 8TS,clivemorrison@example.org,+442074960279,Standard,2021-10-01,1
235,Teresa,Mason,1992-12-18,"Flat 60J, Alex Crest",,New Lindaside,L7U 4BH,robertslydia@example.com,+44161 4960220,standard,2021-06-17,0
236,Leah,Evans,1948-12-01,45 Thomas Streets,,New Edwardburgh,W8 1JT,samantha35@example.org,+44306 9990153,Standard,2021-11-01,1
237,Frank,Rahman,1968-05-14,31 Grant Center,,Dalymouth,S52 3QL,albertclarke@example.net,020 74960042,Standard,2021-12-12,1
238,Natalie,Hale,1955-04-01,34 Kim Ridge,Flat 98,North Victoria,W3K 7LA,pnewman@example.org,+44(0)1214960693,Standard,2026-01-13,1
239,Kieran,Johnston,1975-12-18,00 Hunter Parkways,,South Melaniefurt,TS17 3DX,marshalljane@example.org,+44(0)115 496 0543,Standard,2026-07-06,1
240,George,Brown,1946-05-30,"Flat 79, Sandra Mountain",,Port Geraldine,DE57 1RP,doylemathew@example.net,028 9018 0893,Standard,2027-09-14,1
241,Lydia,Francis,2002-08-15,"Studio 08R, Gregory Creek",,Owenton,HX2 8HF,shane81@example.net,,Standard,2025-01-26,0
242,Kimberley,Carr,1946-09-29,355 Heath Manors,,Alexanderland,HS7 8WE,rellis@example.net,,Standard,2023-06-28,1
243,Alison,Houghton,2005-12-03,7 Jonathan Lock,,West Martin,G4 2UF,,+44909 8790380,Standard,2023-06-30,0
244,Helen,Morgan,1983-10-10,56 Rahman Brooks,,Royland,L8 6YP,danielle98@example.net,(0151)4960749,Mutual Rewards,2022-02-14,0
245,Stewart,Thompson,1980-03-23,"Flat 75, Moran Causeway",,West Glen,DA92 2GF,frankclark@example.com,(020) 7496 0274,Standard,2024-02-23,0
246,Jeffrey,Martin,1948-08-03,552 Parkin Estates,,Adriantown,ME27 2AX,eileen47@example.com,0306 9990929,Standard,2027-03-14,0
247,Angela,Cook,1995-11-23,702 Mohammad Burg,,Richardsbury,HU15 9HY,rickychapman@example.org,(0191)4960718,Standard,2024-05-10,1
248,Gordon,Jones,1972-11-20,562 Charlton Landing,,West Leighstad,LD8 3TS,zbarber@example.net,0151 496 0629,Mutual Rewards,2026-02-01,1
249,Nicholas,Wilkins,1958-07-21,"Studio 8, Collins Ramp",Studio 1,South Ruthview,DD87 3GR,andrea70@example.com,+44(0)808 157 0947,Mutual Rewards,2025-10-04,1
250,Gillian,Wilson,1990-09-03,4 Andrews Village,,Harveyport,DD73 1LU,andersonlinda@example.net,(0161) 496 0964,Standard,2026-05-06,1
251,Joyce,Jones,1958-03-15,89 Garry Estates,Studio 02,Bethanyberg,CW0 5SQ,harrismelanie@example.net,+44114 4960832,Mutual Rewards,2027-07-04,1
252,Neil,Anderson,1960-07-16,554 Vincent Spurs,,Lewisside,N2A 8NQ,kali@example.org,+44117 4960283,Mutual Rewards,2022-08-09,1
253,Yvonne,Osborne,1989-02-03,71 Wayne Brook,,Godfreystad,W98 2NA,mortonannette@example.org,+44292018342,Standard,2022-10-14,1
254,Callum,Robinson,1985-01-14,"Studio 11b, Reed Canyon",,North Ryan,ML9A 1LB,atkinsmark@example.org,+443069990193,Standard,2025-12-31,1
255,Marc,Gallagher,1967-02-11,"Flat 1, Ricky Prairie",Flat 52G,New Shirley,E9 8HH,,0121 496 0280,Standard,2027-03-04,1
256,Nigel,Bennett,1942-06-08,"Flat 92C, Jeremy Village",,Jessicachester,L61 1TE,oliviacarter@example.net,0121 4960801,Mutual Rewards,2023-10-17,1
257,Valerie,Clark,1969-12-22,"Studio 9, Holmes Ville",,Wilsonchester,WF6 1UQ,jameswatkins@example.com,(029) 2018167,Standard,2025-06-12,1
258,Katy,Davies,1991-03-19,6 Booth Cove,Studio 21x,West Marc,S1D 7LY,carly65@example.com,0292018967,Mutual Rewards,2025-05-08,1
259,Ricky,Kennedy,1991-03-21,"Flat 1, Jones Fort",,North Nigel,BL1R 2RZ,carl49@example.net,0115 496 0187,Mutual Rewards,2027-09-29,0
260,Natalie,Lawson,1945-11-11,"Studio 8, Freeman Valleys",,Port Ryanchester,S7 6TT,rhodesnicole@example.net,(0909) 8790427,Standard,2024-08-31,1
261,Aaron,Webster,1984-09-07,"Studio 1, Knowles Spur",,Jonesburgh,B6E 9RZ,glen50@example.org,+4420 74960025,Standard,2023-12-20,1
262,Carole,Payne,2000-01-22,"Studio 1, Ward Knolls",,Parsonsbury,L49 1NE,leslie08@example.com,+44(0)113 496 0769,Mutual Rewards,2025-05-19,1
263,Emily,Phillips,1950-10-29,"Studio 05, Tyler Islands",,Port Wendyville,SK3N 8PG,julie63@example.com,+4428 9018 0183,Standard,2023-06-12,1
264,Arthur,Parker,1961-09-03,"Flat 91, Jenna Junction",,Josephshire,W6D 1NW,ann85@example.org,+44(0)141 4960649,Standard,2025-05-21,1
265,Sandra,Davies,2002-11-03,8 Melissa Parks,,Lake Jade,RH8 9BW,juliehall@example.org,01164960466,Standard,2023-09-18,0
266,Philip,Thomson,1979-12-06,"Flat 42q, Carol Garden",,East Alextown,M77 6BH,abdulkhan@example.com,+44(0)306 9990482,STANDARD,2026-06-25,1
267,Luke,Robson,1944-06-16,"Flat 0, Terry Rapids",,Philipchester,SG1 2JE,bishopkimberley@example.net,(0118) 4960713,Standard,2026-02-07,1
268,Adrian,Griffin,1990-02-24,"Flat 96Z, Mary Forge",,North Clive,M76 9BU,beth15@example.net,0151 496 0734,Standard,2027-09-03,1
269,Jacob,Evans,1968-07-23,"Flat 09c, Hollie Turnpike",,West Lynn,HA51 7RA,qmurray@example.com,+44(0)1144960343,Standard,2022-05-13,0
270,Jennifer,Mistry,1976-12-03,"Flat 4, Abigail Mountains",Studio 65T,Hawkinsville,M81 6ZX,sandra00@example.net,+44289018272,Standard,2021-01-10,1
271,Joanne,Thorpe,1953-02-09,"Flat 91h, Frederick Path",Studio 29R,Jamesmouth,LS24 9PN,grahamcarroll@example.org,(0141) 4960693,Standard,2021-03-06,1
272,Daniel,Preston,1999-10-28,7 Marcus Squares,Flat 06,Fosterberg,N2 0WS,fmason@example.org,+44(0)117 496 0334,Standard,2023-06-14,0
273,Olivia,Palmer,1940-10-10,"Flat 93, Wood Field",,Gardnerberg,M4 9TJ,carole71@example.org,0161 496 0256,Standard,2026-11-04,1
274,Phillip,Edwards,1969-10-16,"Studio 94e, Nicole Circle",,West Damianfort,PL9 0LW,zstokes@example.net,+44(0)131 4960280,Standard,2025-12-09,0
275,Antony,Smith,1959-01-27,"Flat 72f, Ellis Meadows",,West Connor,BH2 4QS,marcus94@example.net,+441214960625,Standard,2027-04-09,1
276,Abigail,Miller,1985-11-11,703 Alexander Forks,Flat 07,Benmouth,CH70 5XU,uhughes@example.org,+44115 4960513,Standard,2023-06-02,1
277,Jeremy,Lee,1946-06-24,"Studio 93, Kerry Trafficway",Studio 26,East Dawnville,BB4 6QY,smartcarl@example.org,+441144960777,Standard,2026-05-07,1
278,Max,Wright,1951-12-24,09 Rose Street,Studio 92n,Port Carlyport,TR0 8ZR,matthewsantony@example.org,(0306)9990610,Standard,2022-10-09,1
279,Ben,McCarthy,1949-11-15,"Flat 21t, Roberts Street",,Lydiaberg,SG1 8HU,eyoung@example.com,,Mutual Rewards,2025-10-16,0
280,Grace,Davison,1961-11-24,"Flat 92B, Green Passage",,Gillianbury,SL2R 4TS,walkerlesley@example.com,01164960243,Standard,2025-06-14,1
281,Rachel,Harris,1977-03-25,108 Denise Manors,,Greenshire,HU4 8AE,lgardner@example.com,+44(0)1134960164,Standard,2023-09-03,1
282,Kate,Wood,1978-05-09,"Studio 45, Phillip Ferry",,Lake Rachaelview,CF6V 0RE,thompsonlesley@example.com,+44(0)29 2018 0697,Standard,2023-07-30,1
283,Marian,Bradley,1982-05-10,"Studio 64f, Barry Bridge",,North Andrew,DG0H 2JS,nicholashodgson@example.com,0116 4960760,Standard,2021-12-28,1
284,Mohammed,Poole,1973-12-05,"Studio 7, Barbara Prairie",,East Billy,S0F 1SS,mpratt@example.net,+44(0)191 496 0407,Standard,2024-05-26,0
285,Danielle,Lewis,1991-08-27,"Flat 08, Mary Ports",,Andrealand,YO6 1UZ,lucy60@example.org,0121 4960375,Standard,2024-09-23,1
286,Dale,Buckley,1973-10-08,"Studio 72, Wood Loaf",,Leestad,TR29 4DU,kyleryan@example.net,(0161)4960167,Standard,2023-08-02,1
287,Damian,Kelly,1961-01-08,5 Evans Estate,,Port Stephanie,E5 1ZJ,mooreholly@example.com,(0131) 496 0508,Standard,2023-04-12,1
288,Derek,Davis,1963-07-27,077 Kenneth Tunnel,,Port Chelseaton,E2S 3QG,lindsey78@example.com,+441632 960125,Standard,2023-11-06,1
289,Ashley,Lees,1991-11-05,60 Elaine Junctions,,Leanneburgh,M5 5JF,igreenwood@example.com,+44(0)141 496 0678,Mutual Rewards,2027-10-05,0
290,Jill,Evans,2006-06-15,20 Graham Junction,,Joanneburgh,BN60 9BW,samantha68@example.com,,Mutual Rewards,2027-02-20,1
291,Terry,Walker,1970-06-06,89 Beth Lodge,,Grahamside,W5U 3ND,powelljanet@example.net,(01632) 960288,Standard,2023-06-02,0
292,Allan,Green,2002-01-28,"Studio 52, Matthew Underpass",,Cameronport,KW8B 5LW,harry01@example.com,(0121) 4960907,Standard,2023-11-20,0
293,Damian,Nelson,1999-06-13,44 Gemma Pike,,North Toby,L5H 2SS,greendiane@example.org,0161 4960371,Mutual Rewards,2024-02-22,1
294,Sian,Hill,1991-12-20,"Flat 97O, Turner Spurs",Studio 6,East Leanne,W72 3TU,,+441134960285,Standard,2022-01-04,1
295,Mandy,Davis,1990-09-27,5 Thomas Drives,,West Stewartstad,GY7 2FY,tparker@example.com,+44117 4960270,Mutual Rewards,2022-01-16,1
296,Lorraine,Stone,1989-01-23,79 Armstrong Junction,,Jonesberg,W77 5DZ,,0292018966,Standard,2022-12-25,1
297,Hannah,Cook,1964-01-21,741 Lindsey Burg,,Chelseaville,NW1H 9WH,bkerr@example.org,029 2018 0820,Standard,2023-05-05,1
298,Russell,Smith,2004-09-14,"Flat 8, Alexander Cape",,Taylortown,KY2 0WP,hsmith@example.org,+44191 496 0242,Standard,2022-07-22,1
299,Conor,Read,1977-12-14,62 Jayne Islands,,North Kevin,IP1 2SP,nicola10@example.org,0118 4960993,Standard,2025-03-12,1
300,Natasha,Mitchell,1968-06-20,"Flat 4, Elliott Mountain",,Collinstown,G58,dthomas@example.net,01214960200,Standard,2025-02-07,1
301,Abdul,Anderson,2000-08-11,"Flat 39G, Thomas Streets",Studio 91,Craigfurt,CM2Y 6HZ,jill54@example.net,+44151 4960435,Standard,2023-11-28,1
302,Rhys,Nicholls,1955-01-26,"Flat 2, Tina Mountains",,North Ellieburgh,NW76 1XA,wdavies@example.com,+44808 1570956,Standard,2022-07-05,1
303,Bethan,Robinson,1982-06-05,53 Bailey Summit,,Port Leonardstad,E94 3UQ,whitegeraldine@example.net,+44(0)2074960303,Standard,2027-12-27,1
304,Kim,Frost,1978-07-26,"Studio 87, Lynn Fields",Studio 99K,North Joan,E24 8LH,chambershazel@example.net,(0191) 4960948,Standard,2024-11-11,0
305,Paul,Cross,1986-06-22,66 Blake Path,Studio 7,Georgiaton,DT0M 8TP,gilbertalbert@example.org,+44(0)909 879 0903,Standard,2026-11-13,1
306,Mary,Hayward,1975-06-01,2 Kemp Road,,North Catherinechester,N4 1UJ,alexander58@example.org,+44114 496 0997,Standard,2027-07-02,0
307,Neil,Johnson,1954-04-13,0 Gemma Island,,Port Scottton,BN49 1EB,harrismargaret@example.com,0115 496 0963,Mutual Rewards,2026-02-06,1
308,Katy,Johnson,1987-02-15,"Studio 7, Shaw River",Flat 5,South Georgiamouth,L1B 9DY,marionharvey@example.net,(0118)4960567,Mutual Rewards,2027-03-02,0
309,Jasmine,Williams,1977-08-01,0 Scott Inlet,,Lewisstad,PA8 2UN,iain50@example.net,+4420 7496 0203,mutual rewards,2025-04-25,1
310,Yvonne,Taylor,1955-05-08,"Flat 33O, Brian Junctions",,Lake Alice,SM7W 9YP,samantha52@example.org,+441514960073,Standard,2021-01-12,1
311,Ruth,Wilson,2002-05-19,93 Hayley Street,Flat 63z,Port Thomas,AL1 0XE,gregorywilliams@example.net,(020)74960500,Mutual Rewards,2022-09-11,1
312,Joe,Abbott,1969-03-12,25 Antony Flat,Flat 2,Olivertown,CR6X 5HN,zsmith@example.com,029 2018289,Standard,2024-09-09,1
313,Gary,Iqbal,1960-10-30,3 Garner Island,,Stewartbury,L8 2PJ,johnsonleonard@example.org,0909 8790897,Standard,2022-10-13,0
314,Jonathan,McKenzie,1956-08-17,8 Myers Rue,Studio 57,Gardnerstad,W7H 9RY,martinreece@example.com,(0909) 8790363,Mutual Rewards,2023-08-09,1
315,Diane,Gregory,1969-07-04,48 Aaron Terrace,Flat 4,Joycebury,b7j6tt,thorntonjulian@example.org,+44115 496 0150,Mutual Rewards,2025-08-24,1
316,Marc,Shepherd,1942-02-03,"Flat 44m, Paige Green",,Port Cliffordport,TN6 9AU,patriciawilson@example.net,+44(0)1632960373,mutual rewards,2025-05-22,1
317,Kate,Thornton,1998-10-20,"Studio 75Y, Terry Vista",,South Amelia,DL77 5FY,stewartcurtis@example.org,+44161 4960553,Mutual Rewards,2024-07-26,1
318,Diane,Vincent,1967-03-18,"Studio 84u, Kirsty Turnpike",,East Carlmouth,S6D 1XR,alicegriffiths@example.net,+44151 4960412,Mutual Rewards,2021-11-21,1
319,Frances,Fisher,1951-01-05,970 Joe Cliff,,Abbottbury,SE8 7BQ,thompsonvictoria@example.com,(0116) 4960128,Mutual Rewards,2024-07-23,1
320,Lesley,Reid,1997-05-31,"Flat 23, Williams Station",,Walshshire,PE3 4HA,katiecollins@example.com,+44(0)20 74960385,Standard,2025-11-04,1
321,Abigail,Nicholls,1977-02-23,147 Harrison Station,,Deborahburgh,EH29 7RG,leachsamuel@example.org,+44(0)909 8790248,Standard,2023-06-26,1
322,Dorothy,Bell,1977-07-07,68 Laura Club,,New Victorchester,DA43 7AD,vpalmer@example.com,(0909) 879 0360,Standard,2021-02-03,0
323,Tony,Clark,1957-02-20,77 Townsend Plaza,,Lake Jennifer,W42 0ZE,,+44(0)116 496 0418,Standard,2027-04-23,0
324,Deborah,Thompson,1982-09-27,427 Williamson Station,,Lake Staceyborough,SN08 6NT,andersonanthony@example.com,(0306) 9990335,Standard,2023-01-12,1
325,Marc,Green,1986-11-02,"Flat 0, Perry Springs",,East Lewisburgh,DA0P 5PX,saramartin@example.net,(0141)4960613,Mutual Rewards,2022-10-27,0
326,Kenneth,Evans,1973-04-04,6 Brown Forest,,Lloydview,PR5A 3SN,grobinson@example.net,(0191)4960924,Standard,2021-10-22,1
327,Grace,Duncan,1947-08-01,"Studio 25l, Stewart Shores",Studio 1,Jackshire,IM83 3AZ,herbertanne@example.org,0289018102,Standard,2024-03-09,1
328,Dawn,Doyle,2006-02-03,30 June Mills,,Aaronview,RM0 4AJ,glenn33@example.net,0114 4960339,Standard,2024-03-31,1
329,Maria,Storey,1985-08-09,"Studio 01F, Alex Center",,East Malcolm,G9 3WD,twood@example.org,(01632) 960336,Standard,2022-07-03,1
330,Lynda,Smith,1979-06-04,"Studio 73, Taylor Orchard",Flat 5,Patelfort,KW89 2UA,fpugh@example.com,+442074960828,Mutual Rewards,2027-03-08,0
331,Clive,Smith,1979-11-03,"Flat 74y, Hammond Dale",,Chapmanborough,B8 7RS,xcoates@example.com,(0161)4960491,Standard,2024-06-24,0
332,Ian,Chambers,1962-10-30,92 Amanda Glens,Studio 58T,Thomsonstad,BN6P 3UB,julia02@example.com,+44(0)20 74960724,Standard,2023-02-08,0
333,Mandy,Whitehead,1944-11-28,1 Carly Station,,Simmonsshire,L6 6LN,ugrant@example.com,0306 999 0119,Mutual Rewards,2027-08-11,1
334,Leigh,Bradley,1983-06-18,"Studio 36S, Bailey Extension",,Winterland,KT8P 6GG,christian23@example.com,+44(0)116 4960817,Standard,2025-10-28,1
335,Phillip,Skinner,1990-06-26,234 Williams Road,,Port Heatherburgh,M1 1LD,robert93@example.com,(0161) 4960100,Mutual Rewards,2023-04-07,0
336,Thomas,King,1970-03-14,3 Nicola Rapids,Studio 47,Peacockchester,IG5 3QR,wmorrison@example.com,08081570107,Mutual Rewards,2026-12-10,1
337,Joanne,Wood,1963-05-06,9 Melanie Harbors,,West Alison,W8G 0PA,jordan57@example.org,+44(0)2074960769,Mutual Rewards,2027-10-03,0
338,Jonathan,Stone,1957-11-12,"Studio 16s, Gareth Ways",Studio 98,East Jeanland,WA8 2TE,padams@example.org,+44117 496 0211,Standard,2024-09-13,1
339,Matthew,Walsh,1990-03-05,"Studio 4, Douglas Shores",,Watsonville,CR8X 1PJ,grahamgemma@example.net,+44(0)1632 960686,Mutual Rewards,2027-11-17,1
340,Donald,Wilson,1966-01-11,11 Maurice Streets,Studio 31,Scottmouth,OX04 9XH,urobinson@example.com,0808 157 0289,Mutual Rewards,2026-01-10,1
341,Ross,Dean,1955-06-06,752 Smart Parks,,Kennedyport,B95 8EL,nyates@example.com,01214960605,STANDARD,2022-04-20,1
342,Rhys,Baker,1980-06-01,027 Burns Via,,North Lorraine,HR67 6RD,lawrence38@example.com,0115 496 0259,Standard,2027-11-07,0
343,Alexander,Baker,1960-06-07,"Studio 2, Angela Square",,Harrisberg,L30 9EF,,0141 496 0620,Standard,2021-10-26,1
344,Susan,Simpson,2005-01-09,1 Wright Drive,,Smithville,S74 6DT,pwhite@example.com,+44(0)131 4960011,Mutual Rewards,2021-09-14,1
345,Adrian,Jones,1974-09-21,9 Robertson Summit,Flat 9,South Pamela,SN6M 1PD,carolcartwright@example.org,(0141) 4960888,Mutual Rewards,2025-02-26,1
346,Philip,Reynolds,1954-07-17,1 June Square,Flat 08,Robertsville,G9 2DX,joshua11@example.net,(0121) 4960582,Standard,2024-08-07,0
347,Sylvia,Savage,1997-12-20,"Flat 8, Slater Mills",,New Abigail,HD8N 1BJ,kayclifford@example.org,,Standard,2022-02-21,1
348,Mandy,Fisher,1985-02-14,"Flat 29B, Georgina Glens",,Margaretburgh,LE14 2XH,johnsonmax@example.net,+44(0)29 2018359,Standard,2026-08-05,1
349,Eileen,Perry,2001-06-02,25 Lamb Rapids,,North Mathew,E8 1PD,brett42@example.org,+44(0)118 4960016,Standard,2022-11-22,0
350,Gemma,Watson,2001-02-01,8 Fox Valley,,Greenstad,OX4V 9EB,elliottharding@example.com,+44(0)116 4960588,Standard,2026-01-22,1
351,Sophie,Jones,1998-01-29,08 Sylvia Crossroad,,South Kirsty,FK0Y 3ZS,wakhtar@example.com,+441614960446,Standard,2025-06-06,0
352,Bernard,Rogers,1993-01-03,65 Ashleigh Common,Flat 3,East Beverleyton,M8 0SW,catherinestephenson@example.net,(029)2018816,Standard,2021-02-13,0
353,Amber,Bates,1953-05-19,685 Irene View,,New Lucyburgh,WS8H 1QF,lee67@example.com,+44116 4960515,Mutual Rewards,2026-10-11,1
354,Frederick,Lee,1957-11-20,47 Pritchard Alley,,Lloydport,ML0R 0QA,wmills@example.org,0113 4960526,MUTUAL REWARDS,2024-01-07,1
355,John,Spencer,1955-07-04,"Flat 18, Victoria Crossing",,Baileyview,W65 5SG,raymond77@example.org,+44(0)1154960560,Standard,2024-01-22,1
356,Carolyn,Ryan,1996-03-26,02 Oliver Isle,,East Dorothyborough,SG41 7XU,victormyers@example.com,+441614960621,Standard,2021-12-02,0
357,Michael,Clarke,1986-04-03,"Studio 03, Josephine Village",,Annetown,LS44 1SJ,denisebirch@example.com,(0306) 9990143,Mutual Rewards,2026-09-02,1
358,Anne,Ryan,2001-12-18,892 Marie Roads,,East Trevor,S04 2SA,georgetaylor@example.com,+441414960843,Standard,2022-11-21,0
359,Tom,Pickering,1996-04-25,604 Max Lakes,Flat 56p,Anthonyburgh,B0 3NU,lynda16@example.org,(0118) 4960755,Standard,2023-08-04,0
360,Nathan,Glover,1984-01-09,825 Cox Lake,Studio 98M,Frankview,S11 9EB,alexcole@example.org,+44114 4960895,Standard,2023-07-26,0
361,Elaine,Scott,1988-07-19,202 Samantha Plaza,,Yvonnestad,LD1 1US,thompsonhenry@example.net,+44(0)115 496 0409,Mutual Rewards,2021-07-08,1
362,Annette,Bates,1983-07-25,"Studio 8, Roger Mill",Studio 68,Matthewsview,G02 9AW,uheath@example.net,+44118 496 0434,Standard,2027-01-10,1
363,Max,Fisher,1992-09-06,0 Iain Canyon,Studio 24i,Leebury,E05 5DX,aaron69@example.com,+44(0)1214960005,Mutual Rewards,2022-11-13,1
364,Leonard,Williamson,1988-04-11,916 Taylor Roads,,Port Angela,N43 2TJ,econnolly@example.org,+44161 496 0272,Standard,2027-12-09,0
365,Edward,Barrett,1979-09-27,"Studio 24b, Humphries Fall",Studio 9,North Gareth,S3 6EW,jamesgibbs@example.com,01414960010,Standard,2027-06-30,1
366,Carly,McDonald,1948-06-25,1 Sanders Road,,Port Johnville,N1D 7YT,mohammadfry@example.org,01184960084,Standard,2026-05-04,1
367,Paige,Lees,1973-01-21,8 Webb Villages,,Sandersbury,L6 2QN,lydiacooper@example.net,+44808 157 0172,Standard,2021-12-09,0
368,Francis,Warner,1995-08-17,"Flat 19v, Rebecca Corner",,New Derekburgh,NG59 6FN,damien14@example.com,029 2018541,Standard,2027-09-17,0
369,Paul,Taylor,1994-12-17,252 Williams Underpass,Studio 1,New Rachelview,E52 6QP,sdouglas@example.com,+44(0)20 74960523,Mutual Rewards,2024-04-05,0
370,Samantha,Parry,1970-05-22,"Studio 83, Short Stravenue",Studio 8,Lake Nicholas,N03 5XU,jamiehoward@example.com,+441314960247,Standard,2022-03-24,0
371,Lynn,Page,1991-08-08,"Flat 33, Ashley Crest",,South Richard,KW5A 9DU,robertkennedy@example.org,+441144960310,Mutual Rewards,2025-11-04,0
372,Helen,Burrows,1984-02-29,28 Jones Stravenue,,Louisetown,CH2 0ZG,markfrost@example.com,+4429 2018 0784,Standard,2025-11-13,1
373,Donna,Rogers,1986-09-20,24 Zoe Lane,,Lake Phillip,PR03 2XZ,warrenjade@example.com,+441214960662,Standard,2021-06-19,1
374,Christine,Willis,1984-09-08,11 Linda Rapids,,Matthewbury,CW8 1HZ,peacockdylan@example.org,+44(0)191 496 0303,Standard,2023-04-17,0
375,Graham,Stewart,1961-04-17,700 Green Inlet,,West Lawrencefurt,L5U 5FE,jane81@example.net,08081570209,Standard,2027-10-10,1
376,Margaret,Jones,1948-05-24,22 Ferguson Road,,Lake Daleborough,SA2Y 8WZ,lucy25@example.com,+441314960960,Standard,2027-01-24,0
377,Jill,Cooper,1983-03-01,912 Gibson Bridge,,Port Dylan,E7B 5GN,josephwhite@example.com,+44131 496 0112,Standard,2027-01-17,1
378,Kelly,Smith,1946-03-15,"Flat 72h, Thomas Walks",,Joannechester,G7F 5DS,rsmith@example.org,0289018038,Mutual Rewards,2021-01-25,1
379,Dean,Davis,1987-12-15,"Studio 2, Davis Fork",,Cameronland,LL7 1DG,,+441632 960166,Standard,2022-09-12,0
380,Joanne,Mills,2008-07-28,"Flat 97n, Clark Motorway",,New Deanfort,L59 9RB,sharon73@example.org,+44117 496 0064,Standard,2023-02-23,0
381,Heather,Noble,1977-05-01,4 Reeves Well,,Carrhaven,M20 6PN,joestone@example.com,(0161) 496 0782,mutual rewards,2026-12-05,1
382,Amanda,Evans,1970-03-31,"Flat 8, Martin Stream",,West Rosie,SW5A 7FU,geoffrey64@example.net,(01632) 960072,Standard,2026-05-25,1
383,Barbara,Dawson,1946-03-02,3 Emily Square,,New Gemma,N33 5QA,mohammad81@example.net,+44161 4960766,Standard,2023-12-29,1
384,Jay,Finch,1981-08-12,"Studio 51, Clare Meadow",,Edwardside,G8G 4SN,turnerstuart@example.org,,Mutual Rewards,2026-07-12,1
385,Andrew,Richards,2001-10-18,"Flat 7, Ashleigh Mills",,Lake Gregorychester,L78 1HU,doddgillian@example.com,,Standard,2027-12-24,0
386,Leah,Campbell,1975-12-26,"Flat 5, Kathleen Haven",,Katyview,WC6 0SB,,(0113) 496 0025,Standard,2027-12-13,1
387,Maureen,Perry,1991-01-19,"Flat 29B, Suzanne Lock",,New Carly,WA09 2RG,,+44141 4960582,Standard,2024-09-20,1
388,Dale,Spencer,1983-04-11,196 Smart Estate,,Dennisland,B6 9FA,bradshawpeter@example.net,+441632 960275,Standard,2022-08-03,0
389,Shane,Riley,1947-03-16,38 Gemma Trail,Flat 04f,Lake Daniel,PA1B 9EE,lawrencesmith@example.org,+44(0)1144960175,Standard,2022-10-09,1
390,Deborah,Spencer,1943-07-26,17 Rhys Spur,,Patelmouth,LD2E 0GY,hardyglenn@example.com,(0161) 496 0998,Standard,2021-01-16,1
391,Sam,Bishop,1996-05-22,"Flat 3, Paula Brooks",,East Julie,L0 2JD,maxrobertson@example.org,+44(0)1144960584,Standard,2024-12-22,0
392,Olivia,Williams,2003-08-14,"Flat 42, Joyce Vista",,Lisaville,M2U 7ST,randerson@example.com,(028) 9018 0196,Standard,2024-08-26,0
393,Marc,Sullivan,1997-02-10,"Studio 17k, Denise Glen",,Harrishaven,IV0 2PS,sarahsmith@example.org,029 2018 0552,Standard,2027-08-19,1
394,Terry,Blake,1954-10-02,"Studio 05n, Swift Islands",,New Gary,GL93 1XL,allenleah@example.com,+4429 2018 0655,Standard,2022-09-08,1
395,Dominic,Parker,1946-11-14,"Studio 0, Oliver Crossing",,Thompsonmouth,S3K 4AY,walkerglen@example.org,+44(0)8081570608,Standard,2025-06-27,1
396,Simon,Haynes,1991-12-17,7 Elizabeth Stream,,Henrymouth,JE1 7ZB,dburns@example.com,,Standard,2026-06-15,1
397,Adrian,Watts,1940-11-11,3 Mark Dam,,West Charlenechester,G13 8AB,,+44118 496 0010,Standard,2023-08-04,1
398,Keith,Smith,1952-09-26,"Flat 22L, Baldwin Island",,Port Fiona,RH71 9UU,danny73@example.org,+44118 4960415,Mutual Rewards,2025-10-02,1
399,Norman,Knowles,2002-08-13,117 Phillip Bridge,,South Emma,W15 9WW,graeme72@example.net,(0115) 496 0235,Standard,2024-04-12,1
400,Alison,Taylor,1978-03-08,31 Davison Spur,,Melissaville,W11 0TG,matthew78@example.com,+44131 496 0418,Mutual Rewards,2021-09-19,1
401,Owen,Williams,1951-07-17,86 Manning Groves,,Nigelton,IM6H 3RG,melanie97@example.net,01514960103,Standard,2021-12-12,1
402,Gerald,Clark,2008-07-01,431 Martyn Fork,,Gilbertville,M73 3QN,paul12@example.net,+44(0)292018974,Standard,2026-11-08,0
403,Shane,Thompson,1965-02-22,2 Lyons Divide,,Lake Elainechester,BA2 1GA,elaine90@example.com,+44909 8790371,Standard,2021-05-21,0
404,Andrew,Swift,1962-01-09,"Flat 88, Sean Trail",Flat 1,Albertmouth,ST58 7LQ,wbrown@example.com,01632 960589,Mutual Rewards,2025-02-13,0
405,Nathan,Dixon,1942-02-23,6 Katy Divide,,Jeantown,S53 3RE,kayleigh87@example.net,+441164960455,Standard,2024-04-29,1
406,Joan,Fletcher,1983-05-19,"Flat 30L, Lee Crossing",Studio 7,Gerardville,W2 2WN,leonjones@example.org,0808 157 0407,Standard,2021-05-08,0
407,Charlie,Bird,2002-09-28,7 Burgess Knoll,,North Tonyberg,WS4 1LF,anngrant@example.org,01214960307,Standard,2024-01-07,1
408,Frederick,Barker,1945-08-30,"Studio 6, Elliot Hollow",,Kyleshire,SK59 3LF,tnaylor@example.com,+44(0)114 496 0497,Mutual Rewards,2025-08-23,1
409,Justin,Patel,1985-09-02,"Flat 2, Garner Parkway",,Jadestad,LL66 0XA,inicholson@example.net,(0121)4960398,Mutual Rewards,2024-03-05,0
410,Scott,Houghton,1959-01-27,"Flat 6, Sophie Skyway",,South Maureenmouth,E0 1PZ,fulleranna@example.com,+44292018501,Standard,2027-04-20,0
411,Fiona,Davies,1991-06-12,382 Khan Spring,,West Teresa,SR0 9HE,savagerachael@example.org,0191 4960133,Mutual Rewards,2021-11-18,0
412,Elaine,Jennings,1981-05-13,"Studio 0, Clifford Lodge",Studio 2,Port Janice,UB9 9ES,heatherbrown@example.org,(0808)1570328,Mutual Rewards,2027-04-24,0
413,Beth,Kaur,1985-12-08,"Studio 4, King Radial",,Owenview,IP17 6FA,clare19@example.com,01134960940,Standard,2026-06-28,1
414,Naomi,Lawrence,1954-09-19,"Flat 5, Jade Stream",,Whiteburgh,MK8 5WR,colemanderek@example.com,+44(0)289018957,Standard,2027-01-31,0
415,Bradley,White,2001-09-09,"Studio 1, Patel Mountains",Studio 29,Callummouth,N9K 1BA,daleglover@example.org,+44161 4960753,standard,2027-07-26,1
416,Frank,Webb,1981-11-19,661 Molly Glen,Flat 0,South Karentown,N17 2YX,dominicsmith@example.com,(029)2018433,MUTUAL REWARDS,2027-04-25,0
417,Shaun,Williams,1959-04-30,9 Harriet Skyway,,East Joshuaberg,N6 5GW,nbates@example.net,+44808 1570785,Standard,2024-01-13,0
418,Marian,Lyons,1967-11-18,7 Johnson Well,Flat 9,East Georgiaport,E7 0ZX,daniel34@example.com,,Standard,2024-04-28,0
419,Geraldine,Evans,1960-10-31,18 Maureen Ridge,,Traceyton,E9H 0BP,vsmith@example.org,+44(0)1154960385,Standard,2027-06-11,1
420,Cheryl,Walker,1985-05-26,7 Lynne Ridge,,West Stevenchester,E8H 4BE,hugheseric@example.net,(0131)4960674,Mutual Rewards,2027-08-26,1
421,Julian,Brown,2008-02-29,3 Richardson Street,,New Hayleyton,TD62 6XF,williamsamber@example.com,+44131 496 0356,Standard,2021-06-29,0
422,Frank,Barnes,1969-12-18,6 Stephen Well,,Port Kevin,B2 2NB,bruce93@example.com,+44(0)115 496 0967,Standard,2026-08-06,1
423,Adrian,Moss,1944-06-12,83 Cole Via,,Geraldmouth,GU5V 3WL,amelia88@example.org,0114 4960569,Standard,2025-02-19,1
424,Leonard,Ferguson,1980-10-11,348 Adrian Landing,,North Damian,LA7B 7BL,joan64@example.org,(0114) 496 0496,Standard,2025-03-20,0
425,Jack,Taylor,1977-08-04,"Studio 0, Russell Light",,Lake Sharon,B4A 0ZP,marie30@example.com,,Mutual Rewards,2027-03-05,1
426,Brenda,Williams,1942-02-23,"Studio 01J, Watson Springs",,Eleanormouth,OX98 2RT,waynewalker@example.com,0808 157 0413,Mutual Rewards,2027-07-25,1
427,Joanna,Doyle,1996-05-26,"Flat 9, Evans Shoals",,Hilarytown,M9 4GT,abrown@example.com,+44(0)113 496 0578,Standard,2022-11-08,0
428,Michelle,Howard,1954-07-08,98 Watson Mill,Flat 44,Oliviaberg,G29 3EB,lydiaosullivan@example.com,(020) 74960508,Standard,2027-02-07,0
429,Julian,Long,1989-08-09,"Flat 05I, Grace Freeway",,Raymondland,W1J 3HP,gail61@example.net,0151 4960420,Mutual Rewards,2023-10-12,1
430,Lynda,Pearson,1979-04-14,"Studio 5, Hewitt Hill",,East Lauraton,CV9 1ZH,denise89@example.net,(0131) 4960369,Standard,2021-04-12,1
431,Sylvia,Wood,1999-10-24,"Studio 11o, Powell Crossing",Studio 09,Slaterhaven,HD43 3PJ,dale75@example.net,(0115)4960376,Standard,2024-01-30,0
432,Jason,Parsons,1972-01-14,79 Lucy Turnpike,,Wilsonberg,L6S 9LN,terry11@example.com,+44(0)1414960829,Standard,2025-03-16,0
433,Julia,Wallace,1970-10-06,7 Mohammed Crest,Studio 4,Reidberg,S0 1FW,wcooke@example.org,+44141 496 0834,Standard,2022-01-05,0
434,Tom,Bartlett,1990-06-19,"Studio 99, Jordan Cliffs",Studio 57A,Coxchester,SY7 2YW,wyattthomas@example.net,+4420 74960576,Mutual Rewards,2023-09-23,1
435,Jennifer,Williamson,1964-05-11,"Flat 3, Hughes Causeway",,Hussainfurt,SY2 0HS,beverley95@example.org,(0131) 4960421,Standard,2023-06-14,1
436,Henry,Jones,1984-09-13,4 Scott Terrace,,East Dorothyview,E38 0ZB,thomasjones@example.org,+44(0)131 4960349,Standard,2024-08-18,0
437,Louise,Reynolds,1970-09-17,"Flat 11C, Hughes Corners",Flat 41,Jasonbury,BS5E 4TW,goddardguy@example.org,01514960185,Mutual Rewards,2022-08-15,1
438,Nicole,Adams,1996-03-27,032 Carr Forges,,West Pauline,W27 2HD,paulwilliams@example.com,+44(0)191 4960932,Mutual Rewards,2021-05-01,0
439,Samantha,Holmes,1962-03-20,"Studio 93O, Jones Shoals",,West Dale,SG7 6ZQ,oharris@example.org,+44(0)909 879 0467,Standard,2023-10-08,1
440,Louis,Adams,1962-06-21,7 Benson Key,,Colefort,PH63 4LW,michellelong@example.com,+44118 496 0566,Standard,2027-11-19,1
441,Angela,Field,1998-03-29,"Flat 4, Briggs Junction",,West Lucychester,G83 9ZP,rachaelpowell@example.net,(0113)4960615,Standard,2024-01-01,1
442,Andrea,Collins,1943-10-14,358 Charles Villages,Studio 63,Shaunstad,KA3 0BA,knightdanielle@example.org,(0116) 4960440,standard,2022-12-16,1
443,Julia,Clements,1947-10-02,4 Gemma Shoal,,Clarkeview,E1 0AX,neilnewman@example.com,0117 4960945,Standard,2024-08-13,1
444,Sally,Reid,1943-07-18,"Flat 73g, Morgan Ports",,Patelchester,L6 7NX,margaretbrown@example.com,+441632 960 658,Standard,2027-01-30,1
445,Raymond,Price,1943-06-23,37 Jones Coves,,Brettberg,BT1V 3UY,jakedale@example.net,+44(0)808 1570789,Standard,2027-06-22,1
446,Donald,Howard,1963-08-08,"Flat 64V, Lee Camp",Flat 99A,West Hollieborough,W8H 3PT,vlewis@example.net,+441144960161,Mutual Rewards,2024-03-13,1
447,Scott,Peacock,1962-02-11,123 Taylor Crescent,,South Oliviaburgh,TR8R 8SR,doyletracy@example.com,,Standard,2027-02-15,1
448,Sian,Dixon,1973-04-13,"Studio 59, Patrick Highway",,Port Jayne,IG8W 7TH,barry28@example.net,+448081570705,Standard,2024-07-17,1
449,Antony,Hayes,1960-05-06,4 Marc Square,,New Claremouth,B9 9GD,heather83@example.com,(028) 9018034,STANDARD,2023-06-02,1
450,Rachel,Jackson,1991-01-08,"Flat 96q, Martin Ramp",Flat 13,Antonyview,E2U 5YY,amber73@example.org,0113 496 0331,Mutual Rewards,2027-11-01,1
451,Jayne,Lane,1992-09-16,05 Lee Dam,Studio 76,Millshaven,L8 6RU,graeme85@example.net,+441144960932,Standard,2026-05-24,0
452,Ricky,Ellis,1956-08-18,"Studio 77, Richardson Point",Studio 5,North Claire,TD56 9XH,vpatel@example.org,01174960758,Mutual Rewards,2022-08-29,1
453,Christopher,Grant,1987-04-12,"Flat 5, Kerr Bridge",,Joshuaview,LS6A 4BY,taylormegan@example.net,(028)9018772,Standard,2025-01-10,1
454,Eileen,Banks,1972-07-13,5 Molly Station,Flat 22,South Trevorton,RH05 8LH,rossellie@example.com,01632 960295,Standard,2025-05-24,1
455,Stephen,Singh,1984-10-07,"Studio 0, Alex Views",,Lake Vincent,G7 4ZH,vlord@example.org,+44121 4960485,Standard,2022-01-01,1
456,Maurice,Hall,1959-06-23,711 Justin Stream,Flat 2,Marietown,B35 1JN,waynekemp@example.com,01632 960 424,Mutual Rewards,2022-03-13,1
457,Anna,Saunders,1947-10-22,4 Edward Hill,,Ameliamouth,CA7 9QQ,rburke@example.org,+44(0)113 496 0962,Mutual Rewards,2025-07-30,0
458,Shirley,Kelly,2007-09-04,"Flat 43v, Green Trail",,West Charlie,EX01 7FT,christine96@example.net,+4420 7496 0051,Standard,2026-05-10,1
459,Sarah,Taylor,1960-03-02,6 Shepherd Rue,,East Sarahport,W82 7ZT,,+4420 74960966,Standard,2025-01-11,0
460,Norman,Smith,1979-07-13,"Studio 57, Hodgson Wells",Flat 81,Pickeringview,S9A 8GN,kirstymitchell@example.org,029 2018501,Mutual Rewards,2023-08-19,0
461,Patrick,Roberts,1992-11-27,"Studio 2, Savage Drive",Flat 24,Jonathanburgh,L61 2XQ,jonesleigh@example.org,0161 496 0863,Standard,2025-01-07,0
462,Aimee,Patel,1976-04-13,"Studio 31y, Elliott Track",,South Toby,TW6 8DQ,ldavies@example.org,+441174960923,Standard,2024-02-21,1
463,Linda,Cook,1947-06-02,961 Ashley Parks,,North Phillip,KY1 6GS,glenkemp@example.net,+44808 157 0704,Standard,2024-08-03,1
464,Antony,O'Brien,1993-04-25,15 Abbie Wall,,Robertstown,N29 7AU,doliver@example.com,0151 496 0419,Standard,2027-11-13,0
465,Barbara,Knight,2002-05-28,"Studio 58x, Antony Manors",,Taylorland,B59 3WZ,dwilliams@example.com,+44(0)113 4960177,Standard,2024-02-15,1
466,Adam,Gregory,1975-05-04,"Flat 65R, Perkins Burg",,Antonyport,KT0 5NB,evansalan@example.net,+44(0)1632 960 632,Mutual Rewards,2021-09-19,1
467,Eleanor,Green,2001-05-21,764 Page Spurs,,Port Judith,W0B 5BF,palmerjason@example.com,+4428 9018466,Mutual Rewards,2021-03-11,1
468,Jeffrey,Giles,1942-12-12,"Studio 16h, Alexandra Green",,Amberhaven,L0F 3SL,martynknight@example.org,+44(0)20 74960624,Standard,2023-04-28,1
469,Christopher,Rowley,1973-02-02,24 Hall Turnpike,,Lewisbury,B53 9NZ,ofox@example.net,0131 496 0867,Standard,2025-09-29,1
470,James,Ward,1971-11-13,"Flat 72D, Kelly Square",,Lake Janet,JE0 7XQ,martinmelanie@example.com,(0121)4960457,Standard,2026-09-27,1
471,Jade,Day,2008-04-05,596 Turner Brooks,Flat 87p,Woodwardberg,PL11 3HE,antony26@example.net,+441414960536,Mutual Rewards,2026-02-05,1
472,Ricky,Newton,1975-11-23,"Studio 15G, Wilson Lodge",,Peacockport,CW26 0XP,rlynch@example.org,01414960966,Standard,2024-06-28,1
473,Roy,Woods,1949-09-17,9 June Ports,,Hardingmouth,L2K 1QA,mfisher@example.org,+44(0)151 496 0532,Standard,2025-01-06,1
474,Marc,Stanley,1979-03-16,"Flat 0, Melissa Mountain",,Smithmouth,G78 9PG,bethanyatkinson@example.org,0113 4960068,Standard,2024-12-31,1
475,Emma,Bruce,1965-07-20,"Flat 81T, Jennifer Orchard",,West Patriciaton,JE8 6EE,marcusreed@example.net,0306 999 0125,Standard,2024-07-06,1
476,Sylvia,Cook,1983-12-11,34 Hugh Row,,South Carolynfort,M54 5TL,marilyn02@example.org,0191 4960403,Standard,2024-02-27,1
477,Lynne,Evans,1963-06-10,"Flat 29O, Jones Mill",,Deanberg,M64 0HY,sean90@example.com,+44(0)131 496 0886,Standard,2025-01-21,1
478,Marian,Lyons,2002-12-15,"Studio 29G, Norris Lane",,Brookshaven,34,reeceevans@example.org,+44141 496 0158,Standard,2021-07-28,1
479,Mathew,Fisher,1943-04-12,7 Duncan Glens,,Lake Naomi,L72 9LX,george31@example.org,0191 4960403,Mutual Rewards,2022-12-09,0
480,Norman,Grant,1957-09-12,"Studio 1, Stanley Turnpike",,East Lesleyville,BT73 8YH,ahodgson@example.net,01514960173,STANDARD,2026-01-04,1
481,Heather,Flynn,1959-11-05,"Flat 4, Foster Park",Studio 25G,Lewisport,77,bennettangela@example.com,+4428 9018823,Standard,2027-08-17,1
482,Raymond,Miller,1962-05-26,84 Perkins Mountains,,Lake Cliffordborough,G5C 6GG,victorandrews@example.com,+44(0)289018964,Standard,2022-12-12,1
483,Marcus,Jones,1991-10-31,"Flat 24v, Norton Island",,Brookesshire,TA60 0SQ,carolineperkins@example.org,(0808)1570334,Standard,2023-07-05,0
484,Karen,Brown,1988-12-22,"Studio 5, Robin River",,Baxterville,L2 7YU,porterjanet@example.net,01632 960 734,Mutual Rewards,2026-02-28,1
485,Kate,Patel,1946-04-01,5 Powell Mill,Flat 17i,West Amyberg,M93 7JP,nicole84@example.net,(0113)4960215,Standard,2024-01-28,0
486,Katie,Morris,1996-01-02,5 Wilson Lake,,Joeview,PL0 1SS,zforster@example.org,+448081570808,Standard,2024-03-06,1
487,Andrew,Armstrong,1963-09-15,587 Allen Roads,,Lake Keithshire,E8 8DY,mmorrison@example.org,(0306) 9990647,Standard,2024-11-03,1
488,Derek,Brooks,1942-12-27,9 Price Tunnel,,Ballfurt,M0K 0AJ,rachel24@example.org,(020)74960587,Standard,2026-07-24,1
489,Rosie,Thorpe,1965-01-24,"Studio 92m, Russell Inlet",,North Richard,B2J 1PP,sylviamartin@example.com,(0116)4960643,Standard,2022-11-06,1
490,Owen,Payne,1970-08-28,"Flat 6, Louise Ways",Studio 36d,Williamsborough,S91 2WY,humphriesrhys@example.org,(0161)4960955,Mutual Rewards,2024-07-13,1
491,Karl,Kelly,1951-02-01,574 Caroline Brook,Flat 6,Matthewsville,HX4 6NJ,brooksjanet@example.com,(0113) 4960450,Standard,2022-03-14,0
492,Frederick,Williamson,1982-05-30,8 Bradley Square,,Carterton,L4F 2SG,maureenarnold@example.net,(0808) 157 0251,Standard,2027-09-10,1
493,Ben,Holland,1998-06-27,65 Johnson Burgs,Flat 5,South Joshuaberg,BH86 2EA,francis16@example.org,(0115) 4960776,Mutual Rewards,2025-07-26,1
494,Chloe,Macdonald,1992-06-14,77 Clarke Shoals,,Jayneville,ME93 3WF,ericslater@example.net,0115 496 0649,Standard,2021-11-23,1
495,Frederick,Wilson,1973-11-18,457 Carter Curve,,Marystad,CT9Y 6BH,stephenwilkins@example.org,+44(0)808 157 0326,Standard,2023-09-30,0
496,Mark,Allen,1952-12-05,"Flat 39z, Turner Motorway",,Janicemouth,M8 5GL,holly87@example.net,0115 496 0584,Standard,2021-07-16,1
497,Claire,Pugh,1956-04-18,213 Burke Crest,Studio 42,Mohammadmouth,NR18 6WH,gailmorton@example.org,01174960589,Mutual Rewards,2027-08-21,1
498,Derek,Moore,1945-12-31,583 Karen Estate,Flat 2,Port Derek,S3E 6NR,dlawrence@example.com,+44(0)115 4960401,Standard,2023-02-20,0
499,Lindsey,Humphreys,1953-02-09,"Flat 99, Darren Throughway",Studio 2,South Shaun,S26 9HJ,steven34@example.org,+44141 496 0192,Mutual Rewards,2022-10-02,0
500,Louise,Sanders,1941-10-24,"Flat 01H, Barry Trail",,Barnesmouth,UB1 2DP,simon64@example.org,(028) 9018769,Standard,2022-06-08,0
501,Carolyn,Marshall,1985-06-14,"Flat 38g, Mandy Rapid",Flat 37S,Oliverville,WC4 8PS,susan10@example.org,01632960739,Standard,2025-03-18,1
502,Ross,Wright,2006-05-14,"Flat 7, Jenkins Ways",,Thomasville,E9B 3QY,tsharp@example.net,+44(0)113 4960577,standard,2025-11-17,1
503,Zoe,Thomas,1965-01-24,"Studio 60n, Peter Roads",,Nigelport,TR07 5QQ,martynwilliams@example.org,,standard,2023-10-06,0
504,Clare,Harrison,1990-07-24,"Flat 38, Cox Terrace",Flat 27f,Jayside,TS3N 1DR,brenda72@example.com,(0117) 496 0475,Mutual Rewards,2023-11-14,1
505,Jennifer,Wheeler,2007-06-16,5 Nathan Field,,Kathleenside,SY8 6ZD,colingreen@example.net,+449098790642,Standard,2027-02-03,0
506,Maurice,Ashton,1995-11-27,"Flat 61, Osborne Corner",,Ericmouth,L8 4AU,annetterobinson@example.org,+449098790373,Standard,2022-03-28,1
507,James,Doyle,1942-07-02,776 Amy Ferry,Studio 96,Morrisstad,KY5 3PX,martin25@example.net,(0118) 496 0892,Standard,2021-10-28,1
508,Kathleen,Walters,1953-03-17,"Flat 9, Damien Stravenue",Studio 83D,Beverleyton,PR77 1GA,dmoore@example.com,01614960215,Standard,2021-07-23,0
509,Martyn,Pearce,1947-09-14,976 Hannah Forge,,Gordonport,DY9 2XY,thomas90@example.net,0306 9990591,Standard,2027-08-04,1
510,Steven,Flynn,2001-07-19,"Studio 23p, Jeremy Burgs",,Briggsmouth,E6 6RU,glennakhtar@example.com,+44131 496 0264,Standard,2025-04-02,1
511,George,Gallagher,1964-01-16,"Flat 35, Declan Mission",,New Douglastown,B8A 1GA,burgessjacqueline@example.com,+44113 4960995,Standard,2021-08-04,1
512,Kyle,Barrett,1970-11-22,"Flat 83, Glover Springs",,New Karen,G7T 8FT,johnsonshannon@example.org,08081570441,Standard,2023-12-21,1
513,Jill,Gardner,1988-07-17,7 Mandy Drives,,Sandraside,TN71 5JQ,shanehunt@example.com,0117 496 0605,Standard,2021-07-02,1
514,Catherine,Barker,1985-08-13,158 Peacock Row,,West Danny,W34 6SR,jonesabigail@example.org,+44(0)121 4960879,Mutual Rewards,2024-04-22,1
515,Stewart,Stephenson,1983-11-28,"Studio 08c, Craig Inlet",,Lake Terry,BL8A 4RH,shannon06@example.net,+44(0)161 4960828,Standard,2024-02-27,0
516,Gail,Harrison,2000-07-27,7 Ross Station,,Liamborough,DL99 0RH,bennettchristopher@example.org,029 2018 0526,Standard,2022-12-11,1
517,Christine,Bell,1958-09-27,"Flat 2, June Gateway",,Maryshire,WN4H 6AS,mpatel@example.com,(0118) 4960906,Mutual Rewards,2021-05-10,1
518,Bethan,Perkins,1946-07-23,311 Sam Turnpike,,Collinsside,DA4 4XN,,0121 496 0941,standard,2027-06-23,1
519,Trevor,Byrne,2000-10-07,8 Thorpe Path,Flat 7,Griffithsbury,S2 1JS,jennifer27@example.net,(0306) 9990083,Standard,2027-07-16,1
520,Rhys,Wood,1978-11-25,025 Woodward Keys,,Thorpeton,IM24 3GH,sylvia70@example.com,(0114)4960398,Standard,2023-06-14,1
521,Nicole,Wade,1994-09-28,"Flat 1, Michelle Path",,New Lesliemouth,BD2 3AR,moorecharlotte@example.net,+44115 496 0309,Standard,2025-08-23,0
522,Liam,Brown,1944-03-13,"Studio 64, Power Summit",,Lake Abigail,M5S 7FT,francis24@example.net,+441632 960264,Standard,2022-05-14,1
523,Laura,Cox,1961-01-29,"Flat 20D, Ellis Plains",,South Malcolm,HU3P 6TT,dwatson@example.com,01314960562,Standard,2027-02-26,1
524,Melanie,Martin,1976-02-22,393 Hutchinson Plaza,,Patelport,S27 8TN,nbentley@example.com,+44(0)191 496 0268,Mutual Rewards,2024-09-03,1
525,Jeremy,Hewitt,1970-08-23,369 Abdul Summit,,Lake Joanne,L2G 7JF,wsaunders@example.net,(0191) 496 0011,Standard,2021-09-24,1
526,Michael,Bailey,1942-11-22,15 Martin Drive,,West Gary,PR5 7PG,,01214960418,Mutual Rewards,2022-05-12,1
527,Derek,Humphries,1977-04-27,962 Harrison Harbors,Studio 31Q,South Lewis,G6 6UG,grantlinda@example.com,(020)74960927,Standard,2021-03-03,1
528,Abigail,May,1947-06-05,"Flat 15e, Barry Road",,Sianfurt,E35 1QZ,lbrown@example.com,+44116 4960543,Standard,2025-05-15,0
529,Leonard,Robinson,1960-07-19,52 Francesca Garden,,Marcusmouth,HR04 1PX,clarkesara@example.org,+441632960904,Standard,2024-03-28,0
530,Marc,Franklin,1978-09-24,"Studio 0, Harrison Isle",,Sallychester,SO52 4XH,fwhite@example.com,(029) 2018 0158,Standard,2021-12-19,0
531,Daniel,Barker,1989-03-07,1 Karen Circles,,New Frank,E0 5ZD,carolejohnson@example.com,(028)9018519,Standard,2022-01-14,1
532,William,Campbell,1944-07-17,121 Paul Meadows,Studio 33d,South Dannyhaven,W37 7NY,williamskathleen@example.org,+441144960234,Standard,2022-03-24,1
533,Joanna,Allen,1975-07-13,113 Danny Throughway,,East Hannah,WC9M 8NH,wsmith@example.net,0118 4960804,STANDARD,2023-05-25,1
534,Shaun,Collins,1982-11-09,50 Francis Track,,Brownland,PE5 9LP,zevans@example.com,+44(0)131 4960747,Standard,2023-09-01,0
535,Janice,Watkins,1997-06-23,9 Luke Spurs,,Michellemouth,HG67 7FF,bburton@example.org,+44(0)306 999 0562,Standard,2024-05-25,1
536,Claire,Brown,1963-10-17,9 Charlie Court,,South Meganberg,HR3 7RG,georgina43@example.org,(0161) 4960976,Standard,2024-09-13,0
537,Sam,Jones,1989-07-09,11 Cole Rest,Flat 23H,Robertschester,AL42 4ZS,andersonmelanie@example.com,(0131) 496 0525,Standard,2025-10-23,1
538,Elaine,Collins,1994-03-17,"Flat 63n, Holmes Well",,Ashleighfort,NW5 3FP,lindseywright@example.org,(0808) 1570379,Mutual Rewards,2024-12-30,1
539,Jack,Sinclair,1946-10-18,29 Francis Overpass,,Fosterview,W6 4FQ,jonesfrancis@example.net,0113 496 0559,Standard,2025-02-08,1
540,Chelsea,Lane,2001-03-26,"Flat 75M, Leah Field",Studio 91,Benjaminborough,M3U 6AN,,+44118 496 0324,standard,2021-03-20,0
541,Matthew,Riley,1962-07-04,"Flat 5, Russell Drive",Studio 6,New Louise,CF4 4HZ,lkirby@example.org,+44(0)121 4960010,Standard,2023-10-12,0
542,Lynn,Jones,1967-12-22,68 Teresa Mews,,Hannahburgh,PO0 5YY,youngwilliam@example.net,(01632) 960 271,Standard,2021-07-30,1
543,Bradley,Hayes,1941-03-30,315 Haynes Loop,,Brianfort,NP08 6FX,bradleylucy@example.org,(0115)4960433,standard,2021-06-25,1
544,Leah,Richardson,1944-04-13,3 Thomas Forges,,East Ashley,N5G 0WN,tbrown@example.net,+44(0)141 4960810,Standard,2022-09-14,1
545,Joan,Fowler,1973-05-02,705 Kimberley Land,Studio 26,East Paula,M4 8RG,tinasmith@example.org,+44(0)1214960461,Mutual Rewards,2026-07-14,0
546,Mitchell,Price,1979-01-23,"Studio 86, Jeffrey Creek",Flat 6,Lake Russellborough,M3K 5TB,kirstyball@example.com,+44117 4960804,Standard,2021-02-08,1
547,Robin,Burke,1990-10-28,"Flat 76, Murphy Lock",,South Catherine,M3B 0AZ,baxterhenry@example.org,(0121)4960769,Mutual Rewards,2022-05-11,0
548,Lewis,Collier,1989-09-20,365 Leonard Mall,,West Joshuaville,CT4 3EA,hcoleman@example.org,(01632)960379,Mutual Rewards,2026-11-30,0
549,Nicole,Robertson,1990-08-06,971 Robin Circles,,Daviestown,W6 6GA,mossleonard@example.net,0121 496 0734,Standard,2021-03-17,0
550,Vanessa,Dixon,1973-06-09,7 Francesca Cape,,Moorefort,B45 9QT,xdunn@example.net,+44(0)1314960882,Standard,2023-09-24,1
551,Ruth,Ward,1978-10-23,657 Perkins Drive,Studio 78A,Annland,M2F 7TX,lukeward@example.net,0116 4960958,Standard,2026-05-20,0
552,Sam,Barton,1961-05-26,6 Samantha Creek,,New Stuartshire,M8 3PU,rosekaren@example.net,(0141)4960863,Standard,2025-11-28,1
553,Bruce,Banks,1956-05-08,7 Annette Terrace,,Lake David,E7C 4JR,rhys81@example.org,,STANDARD,2021-03-15,0
554,Andrew,Holland,1945-09-14,2 Joseph Glen,,Watsonchester,SE6 9NP,tpatel@example.com,0289018979,Mutual Rewards,2026-01-18,1
555,Luke,Davies,1968-02-07,55 Conor Squares,,Taylorfurt,E6T 7AR,huntnicholas@example.com,,Standard,2023-02-23,0
556,Paige,Green,1951-01-10,176 Smith Mountains,,West Dylanside,WF7H 1AF,hudsonlouise@example.org,+441614960274,Standard,2026-12-06,1
557,Anna,McCarthy,1941-10-15,91 Coleman Mission,,Benton,PH5 1FD,hayleyjones@example.org,(0141) 496 0260,Mutual Rewards,2023-07-29,1
558,Justin,Wilson,1970-10-17,"Flat 71, Roger Dam",,Lake Rachael,B7H 6AW,heather81@example.com,0161 4960046,Standard,2025-09-28,0
559,Rita,Oliver,1984-10-27,4 Jones Parkways,,East Trevor,G1 3TX,nicole47@example.org,+44(0)306 9990296,Mutual Rewards,2021-12-26,0
560,Yvonne,Thomas,1983-01-03,4 Rita Lock,Flat 5,New Jamesville,M9J 4FP,catherineroberts@example.org,029 2018777,Standard,2022-10-28,1
561,Nigel,Thompson,1950-10-11,2 Joseph Neck,,New Rogerbury,SY6X 3LS,mitchellluke@example.com,+44306 9990603,Standard,2026-09-18,1
562,Karen,Dickinson,1960-08-06,279 Willis Throughway,,East June,M7U 6ZA,fcollins@example.net,+44306 999 0205,Standard,2023-05-12,0
563,Lisa,White,2002-01-16,"Flat 89u, Davis Mountains",,Coopershire,NW9W 7PD,isimpson@example.net,028 9018144,Standard,2023-04-23,0
564,Gerard,Wright,2007-10-03,53 Damien Inlet,,Port Albert,S4E 3ZF,karl58@example.net,+44(0)121 4960379,Mutual Rewards,2025-06-04,1
565,Kyle,Hardy,1980-10-26,"Studio 33M, Akhtar Rue",,Patelfurt,SP49 8PF,lynda14@example.org,0141 496 0860,Standard,2021-07-26,1
566,Roy,Cartwright,1982-07-29,"Studio 7, Lewis Manor",Flat 40,Johnsonfort,E7G 5EF,adrianevans@example.org,,Standard,2021-05-08,1
567,Brian,White,1966-07-14,"Flat 16, Simon Shore",Studio 00,West Saraview,KY3 3ZZ,lynn53@example.org,,Standard,2021-03-13,1
568,Andrea,Jackson,1986-01-01,6 Joanna Ridges,,East Georgeshire,PO4R 1JS,cameronnicholls@example.org,+441164960341,Standard,2021-01-10,1
569,Shane,Davies,1953-11-22,"Studio 96, Dobson Courts",Flat 6,Williamsfurt,S0J 3US,danny07@example.net,028 9018679,Standard,2022-10-01,1
570,Christine,Connor,1981-10-14,626 Charlie Island,Flat 64p,Dalefurt,W0S 1TA,xbradshaw@example.com,(0113)4960767,Standard,2024-08-10,1
571,Craig,Williams,1972-01-20,"Flat 45, Jones Extension",,Port Fiona,NE9V 0RQ,cartergeorge@example.net,(0116) 4960198,Mutual Rewards,2021-06-05,1
572,Tony,Hooper,1941-10-14,"Studio 2, Dale Mews",,Christianbury,HA28 3DZ,allenedward@example.com,+441914960762,Standard,2023-01-04,0
573,Andrew,Mann,1948-10-15,111 Warren Fall,,Port Bethanyside,SR2 8GJ,roseronald@example.com,+44(0)1614960088,Mutual Rewards,2021-06-26,0
574,Lisa,Kirk,1981-08-18,22 Tina Village,,Marionview,EH72 3GZ,ricegemma@example.org,0113 496 0478,Standard,2027-10-18,0
575,Wendy,Davies,1993-09-03,"Studio 86, Hunt Pike",,Lyndashire,WC6M 2WU,alanmartin@example.net,+44(0)131 4960419,Standard,2024-07-05,1
576,Margaret,Patel,1947-01-02,"Flat 5, Ryan Brook",,South Kim,W92 6JF,hutchinsonjennifer@example.com,(0161) 4960677,Standard,2024-02-29,1
577,Dennis,Hall,1956-08-01,"Flat 3, Ruth Courts",,Karenton,LL6 1ZN,sally87@example.org,+44909 879 0715,Standard,2023-10-27,1
578,Gordon,Kemp,1963-07-26,1 Chelsea Groves,,North Natashaborough,NE5A 6PZ,uward@example.com,+44(0)131 4960089,Mutual Rewards,2022-01-19,1
579,Jennifer,Reed,1959-05-26,"Studio 08, Carl Views",,Sheppardmouth,SR4E 3DZ,owhite@example.org,+44(0)1134960402,Standard,2022-08-28,0
580,Samantha,Pearce,1945-05-03,"Flat 68, Scott Fords",,North Benton,SS7 3TG,qclark@example.com,(0808) 157 0595,Mutual Rewards,2024-12-27,0
581,Garry,Mellor,1997-01-04,"Studio 58j, Forster Tunnel",,East Daniel,LS45 7RB,douglas12@example.net,+44(0)117 496 0337,standard,2022-04-22,0
582,Nigel,Harrison,1969-03-12,"Studio 6, Sullivan Hills",Flat 3,New Hayley,BR5A 6SF,bjones@example.com,+44(0)131 4960143,Mutual Rewards,2025-02-20,0
583,Abigail,Murray,1950-02-14,"Studio 36, Baker Heights",,New Roger,CW9 9RD,reevesjohn@example.org,+44191 496 0671,Mutual Rewards,2027-10-02,1
584,Amelia,Miah,1949-08-08,7 Ryan Dale,Flat 55Q,North Rogerport,CB0 0ZA,ronaldbartlett@example.com,(0115) 496 0494,Standard,2026-03-28,0
585,Kerry,Hammond,1983-05-17,"Flat 17, Fraser Trail",Studio 81F,Lake Glen,S5 7TQ,,+44(0)161 4960446,Mutual Rewards,2024-07-22,1
586,Damian,James,1943-07-12,"Studio 53p, Bray Drives",Flat 1,New Terenceberg,W2 1NP,rosemary37@example.com,+441414960189,Mutual Rewards,2023-07-29,1
587,Carolyn,Kelly,1999-03-13,"Studio 05k, Bates Circles",,North Howardfurt,W76 7FP,wslater@example.net,+44909 879 0202,Standard,2023-02-18,1
588,Elizabeth,Green,2002-07-05,"Flat 02, Sally Rapids",,Andrewsborough,DE6A 5PZ,tom01@example.com,(0306)9990833,Standard,2022-04-05,1
589,Brett,Davies,1969-03-09,"Studio 68, Tracy Trail",,South Marieside,NN7 4PA,ywright@example.org,0161 4960679,Standard,2025-11-12,0
590,Dale,Preston,1992-07-04,44 Bernard Skyway,,Hannahview,L0 7JR,sykeskeith@example.com,(0191)4960860,Standard,2025-04-08,0
591,Ruth,Greenwood,1979-05-02,93 Marsh Walk,Flat 68,Edwardside,DH0X 1PJ,ibrown@example.net,+441632 960424,Standard,2026-09-19,0
592,Douglas,Allan,1967-01-07,"Flat 25, Gerard Inlet",,North Deanville,L1 2ET,adrian88@example.com,+44(0)161 4960179,Standard,2023-05-15,1
593,Jake,Evans,1991-12-04,26 Janice Glen,Studio 09Z,North Benberg,CW8 7QA,janet61@example.net,+44306 999 0632,Standard,2022-08-14,0
594,Jasmine,Todd,1956-10-31,378 Cooper Row,,Joeton,W3 9QA,francesca56@example.net,+44(0)808 1570057,Mutual Rewards,2021-09-22,1
595,Aaron,Watts,1953-01-20,277 Baldwin Valleys,,Port Kimmouth,M86 0EB,rosie24@example.com,(0116) 496 0456,Standard,2021-08-20,1
596,Melanie,Evans,1946-07-05,"Flat 46b, Glen Islands",,Lake Colin,E51 4PP,claytonphillip@example.net,0808 157 0130,Standard,2023-05-10,1
597,Graeme,Gray,1960-03-14,898 Walker Shoals,,Oliverfurt,M6 5LB,briangreen@example.net,0113 4960170,standard,2024-12-28,0
598,Rebecca,Stevenson,2008-06-02,29 Jonathan Isle,,East Francesca,E0H 2GW,janeburgess@example.net,+449098790493,Standard,2025-03-11,1
599,Lorraine,Smith,1969-11-08,"Flat 96, Debra Highway",,Barryfurt,S9E 3ZE,msmith@example.com,0113 496 0169,Standard,2022-08-17,0
600,Howard,Marshall,2006-10-08,913 Simon Fort,,Lake Jordan,BS6E 4EY,rileyjamie@example.net,(0113) 496 0615,Mutual Rewards,2022-10-04,1
601,Katie,Connor,1963-07-03,56 Knowles Springs,,Louiseborough,CT3P 3JU,bwells@example.org,(0118) 4960067,Standard,2022-05-08,0
602,Benjamin,Porter,1960-01-19,784 Amy Creek,,Patrickport,DD6 7WD,pgodfrey@example.org,+44151 4960347,Standard,2024-04-28,0
603,Mathew,Walsh,1989-03-27,20 Leah Oval,,Lloydside,G1E 8LE,katy84@example.net,+44141 4960019,Standard,2021-11-29,0
604,Cameron,Sutton,1953-06-22,"Flat 89, Teresa Parks",Studio 02,West Hollieside,OL50 3GE,diane44@example.net,,Standard,2022-09-12,1
605,Teresa,Ahmed,1985-01-02,"Flat 6, Johnson Gardens",,Jordanmouth,LN3 7JS,marshalltimothy@example.net,+44(0)1154960360,Standard,2022-09-29,1
606,Jade,Ali,1977-08-25,8 Edwards Forges,,East Lauren,B4 9SE,carly97@example.org,+44(0)1144960539,Standard,2022-01-05,1
607,Colin,Nelson,1993-10-27,7 Henderson Shoals,,Port Wendyborough,WV51 8YJ,david65@example.com,0306 999 0782,Standard,2021-03-25,0
608,Lewis,Robinson,1948-12-10,432 Donald Street,Flat 2,Port Rhys,G47 7JZ,ryanhardy@example.net,(0117) 4960546,Standard,2022-04-24,0
609,Charlene,Collins,1968-10-17,60 Karen Bypass,Studio 26,North Charlesborough,G6 6JG,maria88@example.net,(020)74960572,Standard,2026-01-21,1
610,Stacey,Benson,1955-03-03,62 White Green,,Lake Michael,S46 1YE,alexanderwilson@example.net,(0191) 4960187,Mutual Rewards,2024-05-11,0
611,Francesca,Jackson,1975-07-25,8 Shannon Wells,,Port Malcolm,B89 3XX,,+44(0)114 496 0588,Standard,2021-10-18,1
612,Garry,Smith,1998-06-16,0 Jones Villages,,East Gerald,RH1V 9TD,iatkinson@example.org,+441632960572,STANDARD,2026-10-18,0
613,Martyn,Turner,1985-10-24,"Flat 0, Richard Trail",,Port Robertland,DA9 1HU,williamsshannon@example.net,+44(0)1314960090,standard,2027-02-13,0
614,Kieran,Scott,1941-08-17,"Studio 1, Mitchell Green",,North Janice,W47 2GN,mcleanpauline@example.org,+44(0)161 496 0670,Standard,2021-05-18,1
615,June,Parker,1959-04-30,"Flat 65, Nicholson Stream",,Melanieberg,IM91 6FL,dannycharlton@example.org,+44(0)131 496 0429,Standard,2024-03-12,0
616,Luke,Fisher,1994-07-25,706 Cameron Loop,Studio 98,Richardstown,G2B 4BE,hsmith@example.org,+44(0)9098790880,Standard,2023-03-24,1
617,Kayleigh,Hunter,1958-12-30,773 Gemma Stravenue,Flat 81,Phillipsberg,BR2Y 9NG,jane42@example.org,01184960625,Standard,2027-02-22,1
618,Debra,Crawford,1940-09-18,41 Wong View,,Harrisfurt,N54 2RJ,maurice82@example.com,0117 4960017,Standard,2024-03-18,1
619,Mohammad,Ali,1974-03-07,"Flat 89H, Eric Street",Flat 5,New Amelia,G4F 7ZB,ian40@example.com,0118 4960333,Standard,2027-07-05,0
620,Owen,Chamberlain,1983-11-30,"Studio 51, Briggs Valley",,Port Timothy,E9 8TE,jenkinsjoe@example.org,+4420 74960137,Standard,2022-11-05,0
621,Aaron,Gibbons,1941-07-11,"Flat 06, Martin Corner",,Reedmouth,CB78 8WA,walkergavin@example.org,(0808) 157 0091,standard,2023-11-06,1
622,Elizabeth,Clark,1980-10-21,803 Shepherd Route,,Smithport,E6A 6QZ,aaron01@example.com,,Mutual Rewards,2026-02-19,0
623,Steven,Mann,1985-06-27,"Flat 8, Wilson Locks",,Wardtown,G6D 2HZ,liamsmith@example.com,0131 4960561,Standard,2021-10-14,1
624,Conor,McDonald,1953-09-10,"Flat 88, Singh Canyon",,Harriettown,EC7 6SB,clarkscott@example.com,+44306 9990003,Standard,2021-06-22,0
625,Maria,Young,1966-07-28,"Studio 6, Richard Lights",Flat 71,Phillipville,L45 0SW,amandaallen@example.com,(028) 9018768,Standard,2026-06-25,0
626,Gareth,Johnson,1946-07-08,"Flat 01p, Wheeler Avenue",Studio 73,Joelbury,WN88 6BH,leahpatel@example.net,+44115 4960015,Standard,2024-11-03,0
627,Hollie,Faulkner,1999-07-14,599 Gregory Heights,,North Alison,PA2 9YZ,kperkins@example.com,+44909 879 0489,Standard,2027-06-18,1
628,Grace,Morris,1959-04-15,"Flat 8, Daly Tunnel",Flat 96O,East Mohamed,E4A 9ZH,karlgriffiths@example.org,(0121) 496 0266,Standard,2025-10-19,1
629,Yvonne,Hunt,1957-07-25,90 Nash Route,,South Helentown,LA2Y 4XJ,,0191 4960935,Standard,2026-09-14,1
630,Cheryl,Foster,1963-03-11,"Studio 38i, Glen Views",,West Janeville,S50 6YQ,tracybenson@example.org,+443069990869,Mutual Rewards,2024-03-21,1
631,Leigh,Rowley,1997-12-27,0 Law Courts,,Port Karl,N9F 4HL,phenderson@example.net,+44(0)3069990484,Standard,2026-04-30,1
632,Simon,Davis,1959-07-06,30 Dorothy Walk,,Fosterfurt,B1 8HD,kingmolly@example.com,+44808 157 0001,Standard,2024-03-11,1
633,Debra,George,1977-12-17,"Flat 4, Danny Center",,Milesburgh,NE3W 6FB,gerald44@example.org,+44161 496 0779,Standard,2023-05-25,0
634,Deborah,Marsden,2006-07-30,"Flat 66, Jodie Dam",,Jackside,W7 0GY,hiltonmarcus@example.org,(0141)4960884,Standard,2021-07-28,1
635,Gordon,Ryan,1988-10-29,"Flat 12, Evans Extension",Flat 56,South Paigeland,AL32 1ZG,palmergerald@example.com,0118 496 0852,Mutual Rewards,2024-12-24,1
636,Olivia,Kaur,1976-08-30,"Studio 1, Charlie Mission",,Lake Janiceport,EX9 2YP,dalehannah@example.com,,Mutual Rewards,2025-05-05,1
637,Samuel,Simpson,2000-06-25,44 Frank Mission,Flat 41,Jonesville,W78 2DA,ruthgreen@example.com,+44808 157 0982,Standard,2021-11-14,1
638,Teresa,O'Connor,1957-03-16,"Flat 98, Hunter Overpass",Studio 97o,Taylorbury,L1W 8PS,cookmarion@example.com,+44(0)1632 960 079,Standard,2025-08-20,0
639,Heather,Rowe,1966-07-26,70 Taylor Parks,Flat 68,Port Stephen,TA0 8FD,jeremywilson@example.com,+44(0)1214960216,standard,2026-10-10,1
640,Katy,Owen,2003-06-11,"Studio 71, Gibbons Drive",Studio 18P,North Alexandra,N96 9BX,damian69@example.net,+44191 496 0480,Standard,2022-05-07,0
641,Malcolm,Norman,1996-08-23,09 Cheryl Ville,,Simpsonview,M2E 9WX,miahglen@example.com,,standard,2024-11-04,0
642,Kayleigh,Kaur,1973-12-01,"Flat 7, Susan Fall",,New Joanne,IP73 0ZT,jessica19@example.org,(01632) 960779,Standard,2025-07-12,1
643,Valerie,Cooper,1996-10-02,968 Edwards Drives,,West Georgia,L7T 8PW,matthewschristian@example.net,(028) 9018350,Standard,2026-12-01,1
644,Max,Young,1961-11-25,"Studio 6, Vincent Port",,North Ellieville,M82 5LL,judithleach@example.net,(0141) 4960325,Standard,2027-12-08,1
645,Molly,Harris,1947-12-21,289 Pearson Village,Flat 38,West Carolburgh,BT5 8PU,glennmccarthy@example.net,+44116 4960693,Standard,2026-11-29,0
646,Ross,Ward,1950-08-09,"Flat 3, Yvonne Station",Studio 5,Richardfort,M6W 0ZP,sgriffin@example.com,+44(0)117 496 0034,Standard,2026-05-06,1
647,Sara,O'Neill,1951-11-01,7 O'Brien Flat,,Kimberleybury,TQ0 5HR,craig54@example.com,,standard,2021-12-01,1
648,Toby,Mason,1978-01-25,3 Claire River,,Port Samantha,SS81 6TP,brownjasmine@example.com,0909 879 0214,Mutual Rewards,2027-07-20,1
649,Nicholas,Howells,1950-06-01,"Flat 76, Bethan Ramp",,Mooreberg,AB45 3WW,joanne22@example.com,+44(0)191 4960660,Standard,2023-10-06,1
650,Carole,Lowe,2001-03-28,"Studio 74, Taylor Dam",Studio 5,Aimeeview,N9G 5ZN,stephanieclarke@example.net,+44115 496 0165,Standard,2021-03-20,0
651,Barry,Begum,1986-10-31,0 Mohammad Landing,,New Eileen,E32 5PD,christopherduncan@example.com,+441134960836,Standard,2025-09-23,0
652,Justin,Richardson,1949-04-11,"Flat 48H, Cooper River",Studio 72F,South Lucy,TN7Y 6FA,clairebaker@example.net,01632 960 254,Standard,2022-10-12,1
653,Brian,Carey,1988-11-01,812 Philip Crossroad,,New Gareth,AB4W 0RA,reynoldselizabeth@example.com,(0161)4960238,Mutual Rewards,2024-12-10,1
654,Leigh,Jennings,1957-12-27,68 Rosie Motorway,,Port Jeremy,LS7 4QX,pamela26@example.org,(0909) 8790905,Standard,2022-03-19,0
655,Marian,Green,1956-05-10,"Studio 8, Timothy Lock",Flat 8,Lake Chloe,W2 7HH,ugreenwood@example.org,020 7946 0920,Standard,2023-10-10,1
656,Justin,Thompson,2004-12-28,621 Roberts Shoals,,Lake Leonbury,G3C 5JY,stanleyhumphreys@example.com,+441184960617,Standard,2027-03-02,1
657,Leah,Hall,2007-09-30,"Flat 26, Smith Brooks",Studio 54,Melissafort,E2H 0GY,chloerees@example.org,0131 496 0397,Standard,2027-06-19,0
658,Kerry,Walker,1981-09-07,7 Khan Point,Studio 32,North Frances,G5 0XH,,+441164960004,Standard,2027-06-23,0
659,Andrea,Jones,1994-02-05,"Studio 88, Stone Fords",,Dorothyhaven,DE3 0BH,whitejosh@example.org,(0141) 496 0199,Mutual Rewards,2023-09-24,1
660,Jamie,Nicholls,1982-06-14,"Flat 39, Daniel Tunnel",,Lake Melissa,N01 3UL,kevinblackburn@example.org,0113 4960967,Standard,2021-09-14,1
661,Rhys,Holmes,1982-04-30,"Flat 9, Jacob Locks",,Lake Derekberg,L2 7ST,alexanderclark@example.net,(029) 2018111,Standard,2024-04-03,0
662,Sophie,Webb,1943-12-07,1 Katie Dale,,Irenehaven,EH39 0NY,sharonpalmer@example.org,(0191)4960027,Standard,2026-07-15,1
663,Rosie,Barker,2000-05-14,4 Oliver Course,,Danielside,IV8E 0YP,kierananderson@example.com,+441154960093,Standard,2026-12-17,1
664,Claire,Turner,1973-06-29,"Studio 61Z, Allan Stravenue",,Scottshire,UB01 7EF,karl65@example.net,+44(0)1214960856,Standard,2023-08-12,1
665,Callum,Kelly,1991-12-22,12 Patrick Orchard,,South Harrystad,G7D 4BG,williamsgraham@example.com,0151 4960906,Mutual Rewards,2022-12-10,1
666,Callum,Clarke,1941-10-07,"Studio 15, Smith Way",,Port Lydia,RM0H 0JB,brownlinda@example.com,+44161 4960975,Standard,2024-08-07,1
667,Mohammad,Johnson,1952-01-09,"Studio 9, Patel Manors",,East Tony,WC12 7SA,thomasdarren@example.org,0808 157 0810,Standard,2022-10-06,1
668,Richard,Forster,2002-06-04,"Studio 31, Matthews Track",,South Shaunchester,B8A 5TE,jennaholland@example.net,(0115) 496 0507,Mutual Rewards,2021-09-20,1
669,Dominic,Buckley,1989-05-31,"Studio 1, Alexander Mountain",Studio 35f,Port Gerardstad,M7E 6GE,peterbrown@example.com,+44(0)116 4960588,Standard,2026-10-03,1
670,Owen,Williams,2003-09-12,"Studio 47, Dennis Crest",,West Joeborough,S2W 4SR,fwest@example.com,(020)74960183,Standard,2022-03-06,1
671,Beth,Davis,1956-12-17,0 Ahmed Manors,,West Mohamedshire,E1 7YU,qharvey@example.org,(0113)4960493,Standard,2025-08-17,0
672,Lynn,Townsend,1970-12-27,"Studio 05, Dorothy Station",,West Kyleton,PO9 9NZ,zmurray@example.net,(0191) 496 0731,Mutual Rewards,2022-09-10,0
673,Gillian,Wright,1952-03-10,69 Warner Light,,East Robinfort,BL7 9LJ,clivecarter@example.com,+44(0)116 4960389,Mutual Rewards,2026-01-23,0
674,Gregory,Jackson,1980-01-08,701 O'Brien Meadows,,North Allan,BL87 1DS,grayirene@example.net,029 2018 0041,Mutual Rewards,2025-08-23,1
675,Jake,Smith,1983-08-12,"Flat 11, Hunt Street",Studio 89,Irenehaven,E8 4NX,shaunreed@example.com,+44(0)909 879 0588,Standard,2027-04-11,0
676,Donald,Bradshaw,1943-08-05,"Studio 57, Sheila Extensions",,Port Richardview,B6H 7DG,jessicamoore@example.com,+442074960611,Standard,2022-05-06,1
677,Denise,Ball,1964-03-23,"Flat 96, Gillian Stream",,Whiteheadfort,RH0M 9QJ,smithcraig@example.net,0151 496 0156,Standard,2021-05-17,0
678,Olivia,Lyons,1972-06-03,7 Davies Valley,,West Gemma,CF7 2NB,scampbell@example.net,0141 496 0683,Standard,2027-02-17,0
679,Arthur,Hudson,1982-03-21,"Flat 4, Lewis Drive",,South Markberg,N1G 2QY,harrietrowley@example.net,+44191 4960208,Standard,2025-11-18,0
680,Ross,Phillips,1955-10-07,"Studio 83, Amanda Dam",,Hannahfort,W99 6AZ,archerliam@example.org,+448081570193,Mutual Rewards,2024-01-17,1
681,Irene,Mitchell,1960-04-02,6 Donald Forest,,Peterstown,DE3 4PX,matthewsbeth@example.org,+44116 496 0544,Standard,2025-03-20,1
682,Jacob,Smith,2005-08-16,50 Bethan Highway,Flat 09A,Bradyfort,LS1V 4ZX,kaurpaul@example.com,+44(0)151 4960821,Mutual Rewards,2023-04-24,1
683,Jason,Williams,1985-12-14,"Studio 13, Johnson Lock",,Mayside,PO89 9RZ,gwebster@example.com,020 74960415,Standard,2023-11-24,1
684,Joan,Smith,1961-11-04,"Studio 01h, June Springs",,North Joyce,HX36 5ED,rferguson@example.net,(0114) 496 0398,Standard,2027-05-28,1
685,Suzanne,Mann,2006-04-07,53 Simpson Rue,Flat 18,Tobystad,B6H 0AZ,barry48@example.net,(0118) 4960204,Standard,2024-03-15,1
686,Nicola,Richardson,1954-10-09,"Studio 89B, Stephenson Causeway",,Amandaview,B45 5UT,shannon09@example.com,+443069990453,Standard,2022-08-21,1
687,Kathleen,Nelson,1985-07-05,23 Smith Lodge,,Gillburgh,HR40 6PZ,bernard00@example.net,(029) 2018622,Standard,2022-01-03,1
688,Clive,Wyatt,1962-07-10,67 Kemp Dale,,Mollyland,BB11 4ED,stephanie48@example.net,+4428 9018600,Standard,2027-06-21,1
689,Paula,Brown,1988-06-30,"Studio 86, Ellis Points",Flat 31,New Marilyn,LA0 7FS,roger61@example.org,+441632 960 120,Standard,2022-09-26,1
690,Debra,Smith,1994-01-19,"Flat 36w, Taylor Place",,South Andreastad,DA5M 4FE,stephanieduncan@example.com,+441314960400,Mutual Rewards,2026-10-01,1
691,Anne,Smith,1951-10-30,"Flat 75V, Dominic Vista",,North Bradleyborough,W48 9DT,zhutchinson@example.org,01184960427,Mutual Rewards,2022-06-12,0
692,Robert,Lucas,1989-09-03,"Studio 21E, Edwards Shoal",Studio 01,Huntton,HP3 6ZJ,janice82@example.com,(028) 9018 0353,Standard,2023-08-08,1
693,James,Fowler,1953-08-09,167 Lowe Passage,Flat 6,Kyleview,EN5 4SB,eleanorshaw@example.net,(0114) 4960799,STANDARD,2022-11-07,1
694,Barbara,Campbell,2007-06-29,5 Carly Ranch,,East Paulamouth,M8T 9YY,hscott@example.net,+44306 999 0290,STANDARD,2023-08-09,0
695,Guy,Jones,1972-11-02,14 Davies Glen,,Barnesland,PH8Y 4GL,dennisholden@example.net,+44(0)117 496 0972,Standard,2025-06-09,1
696,Damian,Smith,2006-11-20,1 Holland Viaduct,Flat 93,New Katherine,L2 1BE,gallagherclive@example.org,(0113) 4960186,Standard,2024-12-04,1
697,Tracy,Lamb,1980-12-08,8 Edwards Crossing,,New Jakeport,N61 0JX,stanley31@example.net,+44(0)161 4960074,Standard,2024-08-01,1
698,Georgina,Hart,1960-01-24,46 Lee Turnpike,Flat 0,East Andrewmouth,DE05 5YR,vlee@example.org,+44292018066,Standard,2026-09-08,1
699,Janet,Oliver,1961-09-02,0 Chadwick Hills,Flat 1,West David,NP51 9YL,nthomas@example.org,+44(0)131 4960836,Standard,2024-07-27,0
700,Lorraine,Howell,1952-05-07,89 Walsh Rest,,McKenziehaven,S88 7WU,evanslauren@example.net,0151 4960257,Standard,2021-08-29,1
701,Shirley,Price,1961-05-29,"Flat 9, Malcolm Brooks",Flat 2,Wallacestad,WD89 6AN,fisherchristopher@example.net,+44(0)131 4960217,Mutual Rewards,2024-01-28,0
702,Albert,Dennis,1958-02-05,77 Cole Skyway,,South Bryan,PL21 8XF,colin99@example.com,+44(0)1154960642,Standard,2022-05-21,0
703,Patrick,Gibbs,1982-10-23,"Flat 89e, Manning Station",,Claireview,E85 5UB,tracy82@example.org,0909 879 0922,Mutual Rewards,2024-02-15,1
704,Jean,Burke,1973-09-30,016 Geraldine Junctions,,Whiteton,DA32 7GW,yvonnetalbot@example.net,+44(0)909 8790400,Standard,2021-10-04,1
705,Danielle,Reynolds,1950-07-07,4 Smith Dale,Studio 1,Howarthside,AB7 0QX,greenbeverley@example.com,0113 496 0927,Standard,2027-11-14,1
706,Raymond,Robinson,1944-09-19,26 Samuel Summit,Flat 37d,East Samuel,W1 9PA,andrewsdouglas@example.net,,Standard,2026-07-24,1
707,Nicholas,Shaw,1941-12-24,"Studio 54, Leah Divide",,Aliside,L6F 9LL,amiller@example.net,+44(0)114 4960982,Standard,2025-01-13,1
708,Reece,Nelson,2006-08-01,1 Garry Isle,,East Jayside,PO6H 1TN,rebeccawilliams@example.net,(0306) 999 0352,Standard,2024-07-30,0
709,Melanie,Howard,1969-08-30,"Studio 60, Parkin Radial",Studio 34,Joannahaven,M25 6NR,sheilaparker@example.com,0114 4960774,standard,2026-12-30,1
710,Adam,Leach,1948-01-01,"Studio 55, Julie Locks",,East Anna,B90 5EB,tjohnson@example.net,+44113 4960913,Standard,2021-11-06,1
711,Jake,Turner,1972-03-14,"Studio 61, Patrick Isle",Flat 76d,East Ashleigh,S9 3PL,richardsondavid@example.org,0292018227,Standard,2023-09-02,1
712,Anna,Evans,1965-02-14,2 Carter Squares,Flat 1,Jamiemouth,G59 7ZP,williamssamuel@example.com,0115 4960732,Standard,2024-12-11,1
713,Marilyn,Walton,1997-09-01,"Studio 95P, Dale Shores",Flat 0,South Gerardborough,TD0 9EA,damien20@example.org,0151 4960089,Standard,2026-12-11,1
714,Glen,Collins,1943-01-30,"Studio 91o, Shaw Ridges",Flat 85,Normanstad,OL5E 5RD,,+441134960067,Standard,2025-11-05,0
715,Melissa,Brown,1946-07-12,96 Liam Plains,,Edwardsfort,BH3 8LF,cheryloconnor@example.com,+44121 496 0953,Standard,2021-03-05,1
716,Paul,Gilbert,1953-05-19,"Studio 2, Mills Forge",,Lake Damien,E7 6PL,deborahakhtar@example.org,+44(0)151 496 0842,Standard,2025-12-14,0
717,Benjamin,Johnson,1957-05-06,3 Butcher Court,,North Ryanshire,S0 3AX,pdennis@example.org,01164960116,Mutual Rewards,2024-05-04,0
718,Louise,Lloyd,1941-01-02,045 Shepherd Wells,,Turnbullshire,E29 4GR,wilsoncameron@example.com,(029) 2018 0202,Standard,2024-11-22,1
719,Lauren,Nixon,1968-05-16,4 Robinson Burg,,North Louise,E5 3XA,roywilliams@example.org,0115 4960921,Standard,2024-01-01,1
720,Judith,Thornton,1942-05-30,"Studio 05K, Tracy Coves",,New Amandaborough,N5J 9PY,emarshall@example.org,01632 960 168,Standard,2025-05-25,1
721,Samuel,Walters,1952-11-14,"Flat 78, Joseph Plaza",,Jenkinsberg,W2U 5NB,turnerashley@example.org,(01632) 960720,Mutual Rewards,2021-06-17,1
722,Edward,Walton,1953-02-01,"Studio 23, Cheryl Drives",,West Craigview,LU4 2WE,oliverrebecca@example.net,+44(0)20 74960302,Standard,2027-04-05,0
723,Teresa,Newman,1975-09-08,3 Martyn Station,,East Wayne,W75 1JQ,lukesutton@example.org,+441614960165,Standard,2021-05-27,1
724,Jane,Smith,1953-01-26,0 Edwards Ranch,,Port Chloe,LE56 9XJ,stevenrichardson@example.net,(0116)4960916,Standard,2026-10-22,1
725,Joyce,Stewart,1985-09-27,46 Sam Prairie,,North Matthew,EH8 1ZR,kmarsden@example.org,0808 1570316,Standard,2025-02-21,0
726,Stephen,Knight,2000-01-23,"Studio 8, Morgan Mall",,Hallton,DY62 9WR,,+441314960504,Standard,2025-12-11,0
727,Mitchell,Marsh,1944-07-02,"Flat 07B, Robinson Spur",,Rachaelborough,DT9P 0NZ,mthompson@example.org,0909 879 0262,Mutual Rewards,2024-09-09,0
728,Terence,Nicholson,1993-03-13,36 Glenn Shoal,,Vincentberg,B8 9ZE,pkennedy@example.net,+44121 4960199,Mutual Rewards,2026-10-23,1
729,Jessica,Smith,1986-05-05,532 May Ferry,,Dorothyton,NN3 3LH,lawcameron@example.org,+441144960587,Standard,2024-06-14,1
730,Matthew,Patel,1967-11-21,"Flat 76S, Knight Underpass",,Alexanderview,TD5H 3SQ,rscott@example.com,01414960986,Standard,2027-11-12,0
731,Philip,Crawford,1969-08-16,"Flat 12, Hussain Brooks",,New Brettport,E5C 9FP,beverley66@example.com,0909 879 0721,Mutual Rewards,2023-01-15,0
732,James,Price,1978-04-17,"Flat 35, Vincent Falls",,Blakeport,M8 3GS,hodgsonelliott@example.com,+44117 496 0079,Standard,2024-07-06,1
733,Gerald,Moss,1952-02-14,"Flat 10, Eleanor Rue",Studio 17H,Mohammedberg,E5 1XL,charles35@example.net,+44(0)1184960268,Mutual Rewards,2027-10-14,0
734,Kelly,Smith,1970-05-11,"Flat 1, O'Connor Estates",,Lake Debrachester,WS2 7TT,melissasykes@example.net,+44(0)121 4960633,Mutual Rewards,2024-12-25,1
735,Paul,Griffiths,1973-07-15,052 Begum Circles,,West Victorhaven,BH0A 7GF,gordonstanley@example.com,029 2018316,Standard,2021-03-24,0
736,Rachael,Hodgson,1996-05-29,6 Olivia Expressway,,East Adrianborough,PR55 8RG,fosterchristian@example.net,(01632)960735,Standard,2022-02-02,1
737,Karen,Morgan,2005-07-22,"Studio 33j, Derek Route",,Wilsonborough,G0E 7JQ,callumwilson@example.com,+44(0)114 4960850,Standard,2024-12-29,1
738,Patricia,Green,1998-06-24,708 Janet Rest,Studio 1,Port Marc,BD10 1FR,nixonandrea@example.org,,Standard,2025-10-01,1
739,Josephine,Moore,1968-01-08,176 Wilkinson Green,,Jonesmouth,SY42 3HF,shaunbell@example.net,(0113) 4960194,Mutual Rewards,2023-02-28,0
740,Carl,Ward,1955-02-23,225 George Falls,Studio 53,Abbieton,EH73 1XB,patricia74@example.org,+44808 1570307,Standard,2026-09-10,0
741,Guy,Wilson,1979-07-10,"Flat 8, Bray Shoals",,East Emmaburgh,SE08 6JY,ymoss@example.org,+441214960470,Mutual Rewards,2024-01-29,1
742,Stanley,Smith,1997-02-12,1 Hopkins Stravenue,Flat 11K,Hughchester,BA9 9RY,mariepotter@example.net,+44161 4960520,Standard,2025-01-22,1
743,David,Barker,1945-07-03,26 Dorothy Bridge,Flat 9,Greenland,M13 6ZR,pkent@example.com,+44141 4960098,Standard,2025-01-14,1
744,Robin,Ford,1953-05-17,"Studio 7, Jason Union",,East Jennifer,IP0R 9WX,abrooks@example.com,0118 496 0394,Mutual Rewards,2022-09-23,0
745,Connor,Foster,1971-04-14,"Flat 43b, Clayton Crossing",Flat 02,New Brianstad,N7 4NY,sroberts@example.com,0113 4960002,Standard,2024-07-31,1
746,Chelsea,Hall,1966-09-07,"Flat 86F, Jordan Mission",,Bennettland,TW36 6BL,ryan06@example.org,+44131 496 0537,Standard,2022-09-11,1
747,Ian,Fox,2002-03-01,"Flat 96N, Gillian Mill",,North Heathershire,HU2W 3PH,garnerjenna@example.com,(01632) 960025,Standard,2023-12-23,1
748,Jamie,Wade,2003-08-16,63 Hodgson Common,Flat 94H,Mollyfurt,GL6 3NP,iain34@example.net,(0118)4960149,Standard,2022-01-12,1
749,Hannah,Pearce,1986-04-11,344 Kirby Ports,Flat 64b,East Francis,N8 2ZU,beverleyking@example.net,+44289018894,Standard,2021-11-06,1
750,Frederick,Fraser,1975-06-27,720 Geoffrey Wall,,Carterfort,GU8 3NS,tom79@example.org,(0909) 879 0203,Standard,2021-02-01,0
751,Luke,Atkins,1974-10-16,"Flat 61j, Kirsty Center",,East Susanville,E37 6QW,lbates@example.com,(028) 9018708,Standard,2024-08-29,0
752,Jason,Preston,1988-11-10,4 Fisher Field,,Bethanmouth,IP31 3XX,anthony34@example.org,0117 496 0622,Standard,2021-04-15,0
753,Frederick,Chapman,1987-08-26,"Flat 24A, Abbie Coves",,West Dalemouth,PA6V 8AB,carolyn29@example.com,0141 4960902,MUTUAL REWARDS,2027-11-06,1
754,Hilary,Archer,1949-12-22,"Studio 4, Natalie Greens",Flat 04,Port Stanley,G3 0GG,mary65@example.org,+44151 496 0523,Mutual Rewards,2022-09-17,0
755,Aaron,Reynolds,1943-04-16,302 Aaron Isle,,Allenville,L03 3HL,ejones@example.net,+44(0)29 2018 0167,Standard,2024-02-09,0
756,Mark,Williams,1999-04-15,"Flat 79, Myers Island",,Lake Kevin,M53 1GJ,holly23@example.org,,Standard,2022-11-05,0
757,Mathew,Edwards,1995-03-08,2 Hale Union,Studio 01,Edwardsburgh,TR2M 5BT,,(0808) 1570648,Mutual Rewards,2024-12-08,1
758,Timothy,Lee,2008-03-01,"Studio 75q, Whitehouse Turnpike",,West Adam,HX83 2UF,leanne12@example.org,+44(0)121 496 0909,Mutual Rewards,2027-08-27,0
759,Charlene,Ward,1992-05-04,"Studio 44, Louis Oval",,Lake Roy,OX12 2DD,baldwinclare@example.net,+44(0)113 4960358,Mutual Rewards,2024-07-16,0
760,Jayne,Parker,1997-01-27,07 Faulkner Union,Studio 39j,Stuartshire,M5C 1UE,clivesanders@example.com,(0141) 496 0433,Standard,2025-09-29,1
761,Sandra,Clayton,1957-04-06,42 Nathan Lane,,South Josephine,SL4 3HA,reecesimpson@example.com,,Mutual Rewards,2023-07-28,0
762,Angela,Shaw,1992-02-19,88 Buckley Prairie,,Jamesview,BA20 9RW,steven95@example.org,+44(0)306 999 0774,Standard,2026-04-23,0
763,Rita,Cooke,1954-07-15,"Studio 3, June Streets",,Elizabethbury,DE7 7PG,sarahswift@example.org,+44(0)1414960165,Standard,2025-08-14,0
764,Jake,Sanders,1948-09-19,5 Derek Ramp,Flat 11u,Lloydberg,N5U 3SJ,zking@example.org,+44(0)28 9018 0629,Standard,2027-02-24,0
765,Bryan,Adams,1953-07-21,6 Wallis Shore,,Sarahaven,N1 3EJ,thomasmarion@example.net,09098790321,Standard,2027-12-20,1
766,Jemma,Short,1970-11-08,2 Christine Summit,Flat 81T,Shannonberg,NP68 6NA,millerjamie@example.net,+44(0)1214960488,Standard,2021-07-01,1
767,Janet,Gordon,1976-02-25,"Flat 00, Williamson Parkway",Studio 7,Smithmouth,N6S 4RN,wrightcallum@example.org,(0121) 496 0219,Standard,2022-03-14,1
768,Amanda,Law,1958-08-06,3 Andrew Inlet,Studio 10s,New Howard,L1E 8YE,jonesjayne@example.com,(0116) 496 0699,Standard,2026-01-20,0
769,Molly,White,1975-03-04,283 Georgina Brooks,,East Annchester,BA20 0QH,sheilaholt@example.net,(0141)4960310,Standard,2023-09-27,0
770,Julia,Parker,1995-01-10,38 Georgina Station,,West Andreaburgh,WC92 0TR,dobrien@example.com,01184960328,Standard,2022-10-05,1
771,Donna,John,1946-03-30,"Studio 33E, Lyons Corner",,Heatherville,NP6E 7EJ,xfisher@example.org,0113 496 0132,Standard,2026-08-25,0
772,Leanne,James,1992-06-12,9 Nigel Spring,Studio 83,Christianmouth,PH1V 5AR,ghughes@example.net,+44(0)1134960659,Standard,2022-06-04,1
773,Thomas,Thomson,1978-01-13,431 Jade Rest,,Andrewsville,MK15 9XJ,bruce72@example.net,(029) 2018026,Standard,2024-03-16,0
774,Laura,Booth,1994-05-27,"Studio 62, Allen Court",,West Lucy,M98 5PJ,vanessa60@example.com,+441632960429,Standard,2026-03-04,0
775,Daniel,Williams,1970-11-08,"Flat 96, Wright Hollow",,Port Jennifershire,S7A 8ZT,joyce74@example.net,,Standard,2023-12-30,1
776,Joyce,Richards,1944-11-09,"Studio 4, Natasha Fields",,Nathanchester,EH47 3RY,turneriain@example.net,(0191) 4960044,Standard,2023-09-09,1
777,Mark,James,1946-05-06,860 Arnold Crest,,East Traceyberg,BH66 8ZB,grayantony@example.com,(0191) 4960458,Standard,2021-11-21,1
778,Ross,Savage,1948-07-03,057 King Plains,,New Marilyn,LN4Y 8QS,stephenburrows@example.com,+44(0)306 999 0500,Standard,2021-01-02,0
779,Phillip,Thomas,1964-01-16,"Studio 66g, Berry Brook",Flat 64g,Annaborough,NP46 9BW,bjohnston@example.net,,Standard,2022-01-03,1
780,Melanie,Jones,1992-03-23,"Studio 00h, Rachel Landing",,North Daleview,GU4 9ZB,qjones@example.com,0151 496 0865,Mutual Rewards,2022-05-28,1
781,Josh,Singh,1987-10-08,"Flat 21, Walker Ridge",Studio 67,West Diane,G21 5JH,chloe04@example.com,+44121 496 0764,Standard,2025-08-09,0
782,Gerard,Richardson,1954-12-21,"Flat 93M, Rose Court",,New Eric,AB7 2NP,charlie12@example.net,+448081570900,Standard,2027-04-22,1
783,Frederick,Byrne,1944-08-16,1 Smith Tunnel,,Lake Gillian,CW64 9QX,,+44(0)121 4960585,Standard,2022-06-16,1
784,Jeremy,Jackson,1963-08-05,"Flat 52, Spencer Crescent",,Wendystad,E7B 5BW,evansjune@example.org,+44118 496 0774,Standard,2023-04-17,1
785,Megan,Wilson,2002-01-06,"Studio 35X, Joel Mill",,Nathanmouth,N9 9TH,gregory93@example.org,0131 4960378,Mutual Rewards,2025-07-19,0
786,Robert,Morton,1994-11-06,361 Charlene Flats,Flat 89,South Ian,W8J 8DQ,catherinedunn@example.org,01134960486,Mutual Rewards,2022-07-26,1
787,Guy,Richardson,1951-12-15,"Flat 17, Hanson Village",,West Eric,TS80 8YE,diane73@example.com,+44(0)1184960671,Standard,2027-04-04,0
788,Catherine,Williams,1955-08-27,"Flat 96, Dylan Fork",Flat 62,Nicolachester,ZE5 9YY,conwaynathan@example.org,(0191) 4960985,Standard,2025-01-30,0
789,Julian,Mellor,1961-10-10,521 Sheila Ranch,,Adamsport,DA4 4WW,jasmine97@example.net,+44(0)131 4960728,Standard,2024-02-27,1
790,Abigail,Mills,1956-01-08,"Studio 28, Jenna Center",,East Steven,SW97 2NW,ruthjenkins@example.com,+441144960705,Mutual Rewards,2027-05-22,1
791,Kimberley,Hill,1942-07-29,"Flat 14Y, Diane Parks",Flat 86,North Justinborough,BB3V 6XE,whiteheadkathryn@example.com,+44(0)808 157 0814,Standard,2023-11-12,1
792,Melissa,Brown,1988-10-31,992 Louise Mountain,Studio 05,Seanside,KW93 5DP,mitchellgillian@example.net,(0113) 496 0532,Mutual Rewards,2026-09-23,1
793,Hannah,Brown,1970-03-19,9 Fiona Common,,East Staceyberg,W4C 5EJ,dthomas@example.net,(0191) 496 0581,Standard,2025-04-10,1
794,Adrian,Thomas,1981-11-18,"Flat 2, Kelly Mountain",,South Brian,SN8 3RR,chloeferguson@example.net,(0131)4960896,Standard,2025-11-01,1
795,Duncan,Kelly,1970-07-14,005 Simpson Terrace,Studio 1,Ashleighport,SG31 6RJ,wpearce@example.com,+44(0)306 9990116,Standard,2023-06-21,1
796,Louis,Leach,1996-12-01,283 Jones Motorway,,Port Samside,S6G 5JN,mariareeves@example.com,(0118)4960161,Mutual Rewards,2021-04-19,1
797,Stuart,Johnson,1978-03-22,"Flat 35I, Bolton Greens",,West Harryton,B27 0LF,bburton@example.org,,Mutual Rewards,2025-05-01,0
798,Timothy,Smith,2001-09-19,"Studio 47h, Jenna Island",,North Beverley,OX06 6LZ,pearcekyle@example.net,(0191)4960498,Standard,2024-11-12,1
799,Mathew,Carr,1979-02-26,"Flat 3, Powell Motorway",Flat 71,Phillipsborough,S8 1RL,,+44306 999 0034,Standard,2022-10-10,0
800,Marie,Heath,1995-03-06,738 Williams Summit,,Sallybury,DY3P 7TA,neil30@example.net,(0113) 496 0915,Mutual Rewards,2022-08-23,1
801,Sally,Mason,1997-07-19,"Flat 2, Hannah Dale",,Arthurburgh,M1 3DZ,woodsusan@example.com,+44(0)151 4960204,Mutual Rewards,2027-06-13,1
802,Leonard,Collins,1958-04-16,794 Anna Forge,,West Christine,E09 9NE,garethbanks@example.net,+44(0)1514960098,Standard,2025-01-14,1
803,Derek,Morris,1988-06-09,"Studio 63, Edward Landing",,South Joelberg,M04 2SE,ashtonbrenda@example.org,+44(0)113 496 0346,Mutual Rewards,2025-06-22,1
804,Sharon,Gibson,1950-01-01,"Flat 07, Kieran Plains",Studio 7,North Derek,B9 3RS,brianbradshaw@example.org,+441414960890,Standard,2021-01-31,1
805,Declan,Hall,1960-11-09,"Flat 0, Olivia Gardens",Flat 59,North Bethanyborough,W1D 7GG,griffithssheila@example.com,020 7946 0087,Standard,2021-08-23,1
806,Abbie,Black,1989-10-24,1 Howard Island,,Janeville,CH92 7AT,stewart36@example.org,0116 4960344,standard,2027-09-10,0
807,Wayne,Akhtar,1964-07-24,6 Gareth Junctions,,East Kate,SY1 0YL,katie72@example.com,028 9018032,Standard,2024-07-30,1
808,Jemma,Johnson,1992-06-11,"Flat 3, Pauline Lodge",,Lake Natalieport,NW0X 4QQ,nathan60@example.org,(0115) 496 0191,Standard,2023-09-21,1
809,Paula,Jackson,1956-02-13,6 Turner Squares,Flat 98A,Catherineside,TQ86 3TR,walkerdonna@example.net,+441184960474,Standard,2021-03-15,1
810,Denise,Morris,1986-08-25,"Studio 81K, Alexandra Bypass",Studio 4,North Amanda,BH0 9WH,ujenkins@example.net,+441154960353,Standard,2023-05-16,1
811,Sheila,Phillips,2001-10-31,"Flat 70G, Terence Fork",,Newtonchester,G02 2HU,stephenevans@example.com,0113 496 0330,Mutual Rewards,2021-07-09,0
812,Michael,Brown,1973-05-12,"Flat 46, Smith Creek",Studio 00,North Howardville,TR00 6YF,,+44808 157 0327,Standard,2022-09-19,0
813,Caroline,Cox,2002-12-10,"Studio 90y, Joanna Underpass",,Cliffordside,S7 6JB,brownjodie@example.net,+44(0)1614960433,Mutual Rewards,2024-09-12,1
814,Terence,Ball,1994-07-01,11 Elliott Course,,Annetteview,MK2 2AH,rosie01@example.com,(0117) 4960534,Standard,2024-07-06,1
815,Victoria,Holland,2000-10-08,"Studio 9, Abbott Squares",,Carolchester,CT01 8FL,barkerdiana@example.net,+44(0)1144960822,Standard,2026-07-21,1
816,Ross,Lewis,1975-02-14,"Flat 2, Dale Pines",,Donnaland,EX52 3QH,owebster@example.com,+441514960004,Standard,2021-09-28,0
817,Sam,Bibi,1944-02-17,518 Joyce Manor,,Lake Edwardmouth,OL0 6EB,hallkyle@example.org,01144960466,Standard,2021-03-15,1
818,Alexander,Cunningham,2006-04-02,271 Craig Stream,,East Scott,S1F 2AL,mark76@example.com,0306 999 0534,Standard,2023-08-28,1
819,Margaret,Wood,1951-07-20,"Studio 22C, Scott Walk",,Jacquelinetown,E5 0QU,dylanhughes@example.org,+44118 496 0358,Standard,2024-08-03,1
820,Jake,Hughes,1953-11-19,"Studio 22, Peacock Summit",,Port Clare,DE6R 8RS,shudson@example.com,(0116) 496 0241,Mutual Rewards,2026-04-15,1
821,Angela,Young,1973-10-23,"Studio 78, Pearson Hill",Studio 7,Lake Samshire,L5 0SE,donna97@example.com,0116 4960235,STANDARD,2023-04-25,0
822,Rhys,Brookes,1987-11-22,"Studio 66J, Jamie Drive",,West Kimchester,PL5 5LY,andrewmorgan@example.net,+44292018441,Mutual Rewards,2027-07-10,1
823,Harry,Spencer,1953-05-15,"Flat 88, Melanie Drive",,Smithchester,M35 8WG,hillmartyn@example.net,0808 1570680,Standard,2024-06-12,0
824,Carol,Smith,1951-04-14,11 Justin Course,Flat 54,Lake Ricky,G3 1RB,kathryn86@example.org,+44808 157 0372,Standard,2021-11-09,0
825,Jemma,Carr,2007-10-10,"Flat 0, Ben Circle",,North Marilyn,NR99 1DL,singhrhys@example.com,0161 4960131,Standard,2027-05-20,0
826,Hollie,Hughes,1997-09-21,786 Stuart Roads,,Youngberg,SL9 8LE,heather78@example.com,+44909 879 0501,Standard,2021-08-28,1
827,Russell,Hayward,1959-10-26,"Flat 58, Diana Crest",,South Mohammedside,W8T 7FT,edwardsjade@example.org,+44(0)141 4960160,Mutual Rewards,2025-09-13,1
828,Hollie,Lewis,1952-08-26,"Flat 23, Smith Overpass",Flat 8,South Declan,B76 0GN,daviesgeorgina@example.com,,Mutual Rewards,2027-09-03,1
829,Jay,Hall,1970-05-05,2 King Hill,Flat 23,Robsonburgh,S9 6ZR,caroline46@example.net,0161 496 0067,Standard,2026-10-21,1
830,Jill,Evans,1982-10-01,"Studio 13, Harrison Wells",,North Danny,E6 2RD,jonesjohn@example.org,01174960508,Standard,2027-07-11,0
831,Garry,Lawrence,1986-07-20,31 Melissa Dam,,Joannaport,E3A 4ES,bradleyguy@example.org,+44(0)1134960215,Standard,2021-08-10,0
832,Gemma,Jones,1973-05-19,"Studio 86S, Ahmed Underpass",,East Dorothy,N3E 1AP,perrymartyn@example.com,+44(0)1414960427,Standard,2025-04-20,1
833,Fiona,Greenwood,2008-01-11,73 Potter Track,,East Janiceland,ME51 3YQ,vosullivan@example.com,+44118 496 0260,Mutual Rewards,2027-06-27,0
834,Vanessa,Cartwright,1942-01-07,"Flat 36, Carl Hill",,Tracystad,KW7 2BQ,williamsrichard@example.com,(0117) 4960087,Standard,2022-01-16,1
835,Linda,Cooper,1968-08-24,"Studio 78P, Hayley Shores",,East Nigelfort,HA3 2TN,graystephanie@example.com,,Standard,2027-01-02,1
836,Kelly,Davies,1999-04-14,"Flat 2, Brett Green",Studio 8,Robinsonmouth,M07 6LF,williamsgemma@example.net,(0117) 4960271,Mutual Rewards,2027-01-04,1
837,Russell,Hewitt,1966-04-21,867 Marshall Knolls,Studio 23,Atkinsonfort,B6S 4WW,owright@example.org,,Standard,2021-06-28,1
838,Annette,Shepherd,1998-10-16,"Flat 40, Pearson Spur",,South Marc,S1F 6LA,alex56@example.com,01144960789,Mutual Rewards,2024-12-10,0
839,Dawn,Ellis,2000-06-14,"Flat 26e, Cameron Village",Studio 42,South Rhys,SW27 2BG,carlykennedy@example.org,(0115) 496 0175,STANDARD,2026-07-17,0
840,Wendy,Pickering,1971-02-12,16 Kevin Tunnel,,Charlesside,CH4 8RY,ryanpatel@example.org,+44(0)808 157 0690,standard,2022-10-07,1
841,Fiona,Baxter,1949-01-24,0 Amy Port,,North Vincentburgh,IV4R 0SX,taylorbarbara@example.com,+44(0)909 8790031,Standard,2024-05-27,1
842,Gordon,Williams,1984-06-28,00 Jackson Fords,Flat 67,West Leonard,OX31 2YL,pwilliams@example.net,0113 4960839,Standard,2021-04-12,1
843,Patricia,Davey,1976-02-25,"Flat 02w, Griffiths Rapids",,Lake Rachael,G72 2XD,marionhardy@example.com,+441174960504,Standard,2027-07-28,0
844,Lynne,Warren,1952-12-11,6 Price Rue,,Ronaldmouth,M53 4ZY,daniel70@example.net,(0909) 879 0864,Standard,2027-12-11,0
845,Paul,Fletcher,1965-03-31,"Flat 60k, Janice Branch",,New Ronaldton,G15 3ZB,garry89@example.org,(020)74960322,Standard,2023-12-19,1
846,Alex,Smith,2002-01-14,2 Sarah Cliff,,East Karenmouth,WF0 9JP,hugh03@example.com,(020) 74960888,Standard,2023-06-04,0
847,Annette,Gill,1948-10-28,3 Billy Vista,,South Ben,S2A 5YX,adrianclarke@example.com,0306 999 0412,Standard,2025-12-07,0
848,Kevin,Williams,2002-12-08,"Studio 65, William Crest",Flat 37,Ryanfort,HA95 2DA,xclayton@example.com,+44289018193,Standard,2024-10-24,1
849,Glenn,Johnson,1966-02-16,226 Wallis Forks,Flat 7,Dalefurt,S47 2WR,jacqueline12@example.net,+44113 496 0961,Standard,2024-10-25,1
850,Bernard,Payne,1971-01-13,845 Mathew Circle,Flat 21,West Holliebury,HU0 1LH,oliverjackson@example.org,(0121) 4960308,Mutual Rewards,2024-10-04,1
851,Danielle,Bell,1975-05-28,"Studio 24D, Karen Square",,Wayneberg,L4 8EY,,,Mutual Rewards,2022-07-15,1
852,Thomas,Stokes,1991-02-08,"Studio 0, Hughes Light",,East Damian,S51 9BG,,(0131) 496 0784,Standard,2024-09-08,0
853,Henry,Tomlinson,1986-11-26,"Studio 85V, Joanna Extension",,Bethchester,TQ7E 2AW,patricia72@example.net,(020)74960254,Standard,2022-11-05,0
854,Kim,Gardiner,1984-05-16,"Flat 9, Thompson Estate",,East Bruce,E8 5RG,katie28@example.com,0117 496 0942,Mutual Rewards,2026-07-01,0
855,James,Green,1983-11-22,3 Hopkins Port,Studio 29,Port Jameschester,DA70 6RA,glenn09@example.com,01514960321,Standard,2025-01-22,1
856,Glen,Willis,1946-05-17,391 Graham Ports,,East Lauren,G22 7DD,margaretdavis@example.net,+44(0)1134960608,Standard,2022-03-23,0
857,Bethany,Jones,1943-02-23,64 Griffiths Spur,,Holdenton,KY26 3WQ,brownvictor@example.org,+44(0)151 4960234,Mutual Rewards,2024-08-09,1
858,George,Williams,1973-11-01,"Studio 23R, Russell Ways",,Port Victoria,B9 4DS,ashley31@example.com,(0131)4960441,Standard,2027-05-16,0
859,Dominic,Nicholls,1958-05-10,"Studio 6, Jones Manor",,South Hazelborough,PL4 9BL,,+44(0)909 879 0617,Standard,2023-10-16,0
860,Maurice,Spencer,1998-03-21,"Flat 1, Bibi Port",,East Clifford,DE0E 8JT,vincent41@example.com,+44116 4960345,Standard,2024-08-23,1
861,Albert,Coles,1956-02-23,"Studio 47, Roger Knolls",,Paulastad,DT6E 8YB,charlene72@example.org,0191 498 0641,Standard,2026-07-22,1
862,James,Robinson,1998-03-22,538 Johnson Island,,Coxview,E64 5YZ,leeryan@example.net,+44306 9990378,Standard,2021-08-30,1
863,Marcus,Davies,1983-03-06,76 Billy Forges,Studio 8,Martynborough,BL66 8TQ,asmith@example.com,+44(0)115 496 0636,standard,2025-09-16,1
864,Joseph,Owen,1990-11-16,"Studio 18x, Darren Drive",,Jonesburgh,E0U 5BT,pbrown@example.com,+44(0)141 496 0605,Standard,2021-04-24,1
865,Julian,Cole,2006-12-19,"Flat 69G, Phillip Burg",,Jonesmouth,DN0P 1XF,justinburton@example.com,(020) 7496 0419,Standard,2021-02-20,0
866,Sally,Price,1978-12-03,"Flat 38W, Davies Valley",,South Meganborough,S3E 8ZW,bscott@example.net,0909 879 0550,Mutual Rewards,2026-09-15,1
867,Kim,Stokes,1953-09-07,1 Howard Rue,,Millerland,S7A 6HG,carterjoanne@example.org,(020) 7496 0073,Standard,2027-11-21,1
868,Kimberley,Jackson,2006-12-05,982 O'Neill Drives,,Campbellborough,W17 8SN,,028 9018 0426,Mutual Rewards,2025-12-30,0
869,Iain,Fraser,1970-03-13,983 Frances Trail,,West Josh,RH9Y 1NQ,ypower@example.net,+44(0)116 496 0195,Standard,2027-12-22,1
870,Shannon,Williams,1958-02-15,49 Abdul Fort,Studio 84,Port Alexander,CT1R 6UW,coopernicola@example.net,+44(0)118 496 0315,Standard,2026-06-28,1
871,Debra,Jackson,1970-07-10,6 Young Prairie,Studio 28f,Davidborough,TF01 0ZF,cyates@example.com,+44(0)909 879 0030,Standard,2025-05-14,0
872,Harriet,Powell,1959-04-06,26 Debra Expressway,Studio 68,Lake Bryan,WC8 0AT,georgiabuckley@example.net,01314960927,Standard,2026-05-16,1
873,Martyn,Nicholson,1956-02-11,"Studio 06, Grace Lights",Flat 2,Stevensonberg,b80jz,albert87@example.org,+441144960204,Standard,2027-11-24,1
874,Irene,Begum,1982-03-18,25 Jane Ranch,,New Georgeberg,W53 2XL,tgibbons@example.org,(0118) 496 0967,Standard,2021-01-03,0
875,Wayne,Bell,1950-04-12,"Flat 65, Hollie Inlet",Flat 5,Rosschester,MK1 5LA,traceymason@example.com,+44(0)8081570882,Standard,2022-01-05,0
876,Jay,Cameron,1946-01-09,"Studio 3, White Station",,Aliborough,L60 6TZ,eabbott@example.org,+44(0)1314960949,Standard,2027-12-13,1
877,Danielle,Morgan,1970-02-07,0 Skinner Pine,,Gallagherchester,G0G 6DT,wwilliamson@example.com,028 9018 0992,Standard,2026-01-01,0
878,Mandy,James,1984-08-30,5 Taylor Locks,,Ellismouth,G5U 0NE,conorwhittaker@example.org,0191 4960493,Standard,2021-10-25,1
879,Toby,Thorpe,1970-09-19,122 Potts Avenue,,West Joelton,SE7P 9DN,joshuataylor@example.net,020 7946 0134,Mutual Rewards,2022-01-03,0
880,Andrew,Martin,1961-07-20,"Flat 28E, Ryan Ramp",,Berryfurt,CW2 0PZ,williamjoyce@example.org,01314960309,Mutual Rewards,2025-02-14,1
881,Rachel,Rowe,1998-09-26,489 Harvey Port,,Lake Laurenfurt,G0B 5JA,arichards@example.org,01914960695,mutual rewards,2025-02-01,0
882,Carl,Reed,1991-03-07,"Flat 4, Mohammad Overpass",,Trevorburgh,DT1 7ZP,dglover@example.com,(0161)4960732,standard,2021-08-16,1
883,Jean,Scott,1948-04-11,"Flat 3, Hopkins Ports",,North Sean,HP9Y 9HW,doconnor@example.org,0117 496 0424,Standard,2023-08-23,1
884,Henry,Baker,1998-09-10,"Studio 90, Hughes Burg",,Banksside,WN23 1AU,xpotter@example.net,+44114 496 0708,Standard,2027-08-25,0
885,Susan,Archer,1981-01-09,289 Ferguson Knoll,,Lucasview,E8 8AQ,paige11@example.com,+44(0)808 157 0744,Standard,2027-02-10,0
886,Jasmine,Gilbert,1969-01-11,"Flat 91, Parker Overpass",Studio 0,West Markshire,B45 1XL,turnerfrederick@example.net,+44(0)306 999 0822,Mutual Rewards,2021-09-11,1
887,Sheila,Jennings,1997-08-11,662 Shane Passage,,Paigeside,SL40 8XA,deborahstorey@example.net,+44(0)29 2018516,Mutual Rewards,2023-05-28,0
888,Hazel,Williams,1987-05-29,3 Atkinson Curve,Flat 03,Hodgsontown,B6H 8ZX,cchambers@example.net,+44116 4960019,Standard,2026-12-13,1
889,Jayne,Green,1958-01-22,"Flat 11, Gail Walks",Flat 66,North Albertside,NR5 5GR,christianslater@example.org,+442074960604,Mutual Rewards,2024-11-14,1
890,Lydia,Davies,1950-05-11,0 Wilson Mountains,Studio 07E,Julieview,LS0 3DT,barberliam@example.net,02074960539,Standard,2023-04-27,0
891,Emily,Hawkins,1945-07-11,"Studio 6, Jane Falls",,West Rita,S0F 0FR,coxjosh@example.org,+44(0)115 496 0578,Standard,2024-10-25,0
892,Thomas,Stevens,1958-09-16,"Studio 60, Murray Center",,Smithfurt,EC60 0FW,willisanne@example.com,+44(0)808 1570098,Mutual Rewards,2026-01-01,0
893,Trevor,Brown,1947-07-29,091 Darren Valley,,Lake Matthew,N20 5GH,kpeacock@example.com,+44(0)29 2018953,Standard,2021-12-15,1
894,Beverley,Brooks,2007-04-20,00 Thomas Wall,Studio 5,McDonaldmouth,TS4 0PN,annette45@example.org,+44(0)1614960118,Standard,2021-02-20,0
895,Harriet,Moore,1960-12-16,"Flat 58n, Shah Vista",Flat 56z,Port Mohammed,N2B 9UB,beth66@example.org,0118 496 0616,standard,2022-03-10,1
896,Dylan,Freeman,1966-06-20,04 Taylor Drives,Studio 6,East Dominicstad,N8 0DQ,,01174960017,Standard,2022-12-17,1
897,Josephine,Wood,2005-04-22,71 Davison Key,,Allenstad,G44 3JY,mohammad79@example.com,01144960645,Mutual Rewards,2022-10-27,1
898,Lewis,Davies,1979-10-17,"Studio 79d, Wood Crossing",,Port Carlyhaven,OX8P 4RY,annesheppard@example.org,+44(0)191 496 0335,Standard,2027-01-26,1
899,Lynda,Hughes,2001-09-28,"Studio 8, Karen Spur",,Parkerburgh,W71 3AE,benpayne@example.com,01514960733,Standard,2022-08-13,0
900,Gareth,Marshall,1944-07-23,"Flat 23, Barber Canyon",,Port Chelsea,N32 7RZ,garryobrien@example.com,0118 496 0923,Standard,2027-02-18,1
901,Eleanor,Taylor,1950-10-10,2 Joyce Falls,Flat 9,West Charlenetown,S9 3GW,billy23@example.com,+44161 496 0199,Standard,2025-06-20,0
902,Kieran,Ball,1953-12-15,755 Hugh Ville,,Holliemouth,S07 6YZ,lawsonross@example.org,+44113 4960064,Standard,2023-02-03,1
903,Allan,Davies,1998-03-19,22 Patterson Mountain,,East Keith,WV80 6NU,bennettangela@example.org,(0117)4960850,Standard,2023-01-10,1
904,Gemma,Roberts,1947-07-27,"Studio 52, Kirk Heights",,Lake Ianfort,GU0E 4AS,xporter@example.net,+44116 496 0676,Mutual Rewards,2022-03-04,0
905,Christine,Pearce,1960-12-20,20 Duncan Squares,,Bateshaven,HU6M 1NY,mphillips@example.com,,Standard,2026-06-30,1
906,Kate,Kelly,1999-01-22,979 Gray Rapid,,West Junehaven,BD99 5AN,garethwest@example.com,(0121) 496 0322,Standard,2027-05-05,0
907,Ross,Simpson,1963-12-11,"Studio 1, Oliver Estate",,Lake Stuartmouth,M8F 4AA,claytonbarbara@example.com,+44(0)1632 960 223,Standard,2027-12-13,1
908,Marie,Page,1947-08-15,"Studio 4, Kim Estates",,Patriciamouth,MK7B 2HT,qtomlinson@example.net,0909 8790416,Standard,2025-06-11,1
909,Adam,Cooper,1990-04-13,349 Matthews Mountain,Studio 99I,Deborahtown,HG8P 9LY,,+44306 999 0638,Standard,2023-01-21,1
910,Paul,Baxter,1959-02-07,"Flat 36, Adam Villages",,New Patrickchester,S6 0ES,susan57@example.net,+44(0)161 496 0645,Standard,2025-04-01,0
911,Rosie,Bennett,1969-12-13,"Flat 55F, Spencer Extensions",,Paulinechester,AB0 6WT,maria68@example.org,01214960051,Standard,2024-07-12,0
912,Margaret,Ingram,1997-06-25,"Flat 2, Douglas Wall",,Elliotland,W4A 3HW,bwalker@example.org,+44(0)1614960357,Standard,2021-05-11,0
913,Philip,Price,1969-08-23,30 Barker Grove,,East Sally,KA0E 5BX,robertrobinson@example.com,+44(0)1632960134,Standard,2026-09-07,0
914,Rosemary,Brown,1953-06-04,"Studio 19E, Taylor View",Studio 72,Tomberg,M1D 6ZL,burnsluke@example.com,(0117) 4960567,Standard,2023-07-19,1
915,Natasha,Simpson,1981-05-20,573 Davies Junction,Studio 80,Lake Ann,G9 4FB,georgenixon@example.net,+44(0)20 7496 0258,Standard,2023-05-22,0
916,Kathryn,Gray,1994-09-29,34 Simon Forks,Flat 9,Kingfort,NN6 5ZQ,lynchjoseph@example.net,0151 496 0482,Mutual Rewards,2022-09-18,1
917,Paul,Knight,1996-08-15,586 Whitehouse Manor,Flat 33,South Robert,RM5Y 9LG,eburton@example.com,0191 498 0317,Standard,2022-08-21,0
918,Beth,Metcalfe,2008-02-06,"Flat 93, Christine Course",,South Sheilahaven,M26 5YN,ljohnson@example.org,+44(0)1414960232,Standard,2024-11-30,0
919,Gareth,Lloyd,1960-09-13,"Flat 7, Derek Extension",,South Josephine,B0T 5LX,jhartley@example.com,(0808) 157 0779,Mutual Rewards,2023-10-01,0
920,Geraldine,Smith,1966-07-07,"Studio 7, Sinclair Ramp",Studio 18,Port Alisonborough,ML15 5UZ,bevanjosh@example.com,+44(0)161 4960962,MUTUAL REWARDS,2024-06-12,0
921,Georgina,Kelly,1941-04-12,"Studio 87, Martin Brooks",,North Lydia,JE12 9RE,geoffreyhudson@example.net,+44(0)20 74960051,Standard,2025-08-28,0
922,Janice,Spencer,1984-08-21,"Studio 18X, Richard Run",,Baileyfurt,SP90 0TY,geraldjones@example.org,+4420 7496 0826,Standard,2025-09-15,0
923,Lynda,Lawrence,1966-09-14,86 Jenkins Motorway,,East Guyton,LU57 8JH,,01314960570,Mutual Rewards,2027-10-23,1
924,Holly,Williams,1947-09-29,3 Brandon Isle,,Juliaton,WD5R 5FD,rrichards@example.net,+441174960844,Standard,2023-03-30,0
925,Samuel,Kemp,1944-08-16,1 Collins Orchard,Flat 1,East Eileen,WD0 6XT,duncanlisa@example.net,+44(0)20 74960109,Mutual Rewards,2026-06-08,0
926,Jennifer,Shaw,1951-07-03,"Studio 78, Patrick Fort",,Teresaview,KW8 4SU,peter36@example.net,(0909) 879 0640,Standard,2021-07-26,1
927,Ann,Lloyd,2005-05-27,573 Lowe Fords,,West Carolefort,LD2 7JE,xhunt@example.net,(0117)4960029,Standard,2021-10-03,1
928,Mohamed,Moore,1992-09-14,"Studio 23o, Clifford Course",Studio 5,New Denisview,L9G 0TH,iain67@example.net,(0118)4960621,Standard,2023-12-10,1
929,Julia,Allen,1999-09-24,"Studio 17r, Diane Circles",,Harpertown,G18 6YX,berrymitchell@example.org,+44(0)117 4960447,Mutual Rewards,2024-04-16,0
930,Amelia,Gregory,1953-05-03,"Studio 37, Hussain Street",Flat 92,Barberbury,B26 0YY,lgoddard@example.org,+44(0)191 4960366,Mutual Rewards,2024-11-06,1
931,Kelly,Lees,1993-10-31,"Studio 6, Watson Alley",,West Lisa,M20 2FJ,jayne98@example.org,+44114 496 0376,Standard,2025-09-17,0
932,Ross,Ball,1959-01-25,"Flat 90g, Taylor Ridges",,West Kieranport,TW6 4NA,phillipsmith@example.com,,Mutual Rewards,2021-07-14,1
933,Clare,Rogers,1958-08-25,"Flat 64i, Bradley Creek",,Smithberg,DN19 6ZP,carole22@example.com,+4429 2018764,Standard,2027-11-28,1
934,Colin,Burns,1972-06-12,3 Metcalfe Fall,,Glennland,SR3M 4XR,idavidson@example.net,+44(0)117 4960904,Standard,2024-12-27,0
935,Cameron,Andrews,1972-08-29,54 Elliott Square,,West Joycefort,PA3 5DE,,+44118 496 0978,Mutual Rewards,2025-05-26,1
936,Natalie,Wright,1989-05-06,"Flat 12, Gregory Bridge",,Mitchellbury,ME66 8HB,stephanie00@example.org,(01632)960873,Standard,2021-09-24,0
937,Graeme,Martin,1958-03-29,11 Wilson Orchard,,Thompsonville,W8 8TE,richardscarol@example.net,01914960564,Standard,2022-02-05,0
938,Mohamed,Carter,1964-02-09,80 Anne View,,East Steven,EX2 0RB,gallagheralexander@example.org,+441614960655,Mutual Rewards,2026-12-01,1
939,Jack,Davies,1992-03-08,4 Lewis Highway,,North Sophie,LS01 1LP,jackgreen@example.com,0151 496 0338,Standard,2022-03-13,1
940,Scott,Kirk,1991-01-07,00 Barnes Radial,,East Rosie,B56 0EZ,bakergeoffrey@example.org,(0118)4960843,Mutual Rewards,2022-11-26,1
941,Beverley,Spencer,1994-09-07,252 Nolan Crescent,,East Norman,PH4N 4PF,leonskinner@example.com,(0121) 4960497,Standard,2024-08-23,0
942,Christopher,Lord,1948-06-01,"Studio 3, Coleman Center",,Louischester,RH73 9XQ,brendajones@example.org,+44131 4960615,STANDARD,2026-11-09,1
943,Edward,Turner,1977-08-07,"Flat 59e, Jones Loaf",Flat 53,New Helenchester,CF4 5JJ,sbaker@example.com,(0116) 4960474,Standard,2027-07-04,1
944,Lisa,Williams,1996-12-25,"Studio 35n, Clarke Roads",,Frederickberg,DH6 9FN,cookjonathan@example.org,+44289018763,Standard,2027-05-04,0
945,Kayleigh,Kaur,1945-10-08,43 Ali Isle,,Smithshire,S1 8FN,pwright@example.net,+44(0)2074960816,Standard,2021-10-26,1
946,Owen,Taylor,1985-02-07,6 Annette Mountain,,North Duncantown,TS37 6BU,christopherhewitt@example.com,(0191)4960967,Standard,2025-09-17,1
947,Jack,Humphreys,1985-01-27,49 Terence Curve,,West Patriciaborough,M7G 5LF,charlottegray@example.com,(0131) 4960633,Standard,2026-02-01,1
948,Raymond,Nicholls,1993-05-06,"Flat 3, Perry Greens",,Lake Jamieburgh,KA6Y 9TD,rprice@example.org,+44(0)141 496 0833,Standard,2023-10-19,0
949,Gerald,Foster,1993-07-31,6 Leslie Keys,Studio 01,Russellbury,M9A 3JJ,abdul37@example.net,+44(0)1414960734,Standard,2025-07-16,1
950,Oliver,White,1944-04-02,"Flat 0, Tracy Park",,North Liam,NP1 6AN,vaughananthony@example.com,+44(0)289018202,Standard,2025-07-04,1
951,Chelsea,Holden,1942-04-05,"Studio 1, Chadwick Bypass",,New Mandyton,M21 4WP,andrea42@example.org,,Standard,2022-10-13,1
952,Stanley,Chapman,1943-05-18,"Flat 7, Danielle Villages",,East Paigefurt,E5 1DU,martinbarry@example.net,0115 4960940,Standard,2022-02-25,0
953,Leon,Walker,1990-10-17,8 Gregory Course,,East Eleanormouth,GU5E 1ZH,,(0151) 496 0785,Standard,2025-03-06,1
954,Jessica,Harris,1988-01-30,"Flat 91, Andrea Turnpike",,North Kimfort,PO1 1YN,frederickhart@example.org,(0131)4960401,Standard,2027-01-15,0
955,Frank,Reeves,1973-10-05,"Flat 50, Anderson Meadows",,South Joseph,NR45 2PG,ecox@example.org,+44(0)1154960547,Standard,2027-02-18,1
956,Gary,McDonald,1989-03-13,"Studio 89, Reynolds Knolls",,Blackport,L0A 1YP,qprice@example.com,(0117)4960558,Standard,2023-07-10,1
957,Jacob,Barton,1956-07-27,17 Janet Lodge,,Port Hilary,JE5 4RA,cbrown@example.org,(0121) 496 0413,Standard,2021-01-16,1
958,Gemma,Bond,1996-02-08,"Flat 40, Hobbs Cove",,North Kimchester,NP90 1UF,thomasjones@example.org,0117 4960811,Mutual Rewards,2023-12-28,1
959,Katy,Wade,1946-07-15,8 Jeremy Extensions,,West James,M7F 8HQ,ryan04@example.org,+44(0)113 496 0847,Mutual Rewards,2026-02-24,0
960,Connor,Wilson,1959-05-29,135 Terry Fields,,Angelaberg,G06 1QU,andersongillian@example.net,0118 4960028,Mutual Rewards,2021-02-23,0
961,Liam,Brown,1992-04-10,"Flat 9, Walker Station",Flat 34e,Malcolmhaven,M4 8ST,teresa28@example.org,+441164960188,Mutual Rewards,2026-03-11,1
962,Francis,Brown,1960-08-31,78 Ellie Forks,,Dohertyville,CT1H 4JR,newtonmohamed@example.net,+44(0)121 4960575,Standard,2026-01-15,0
963,Alexandra,Rogers,1972-04-06,429 Samantha Rapids,,Sullivanton,GU5E 0RD,mccarthyemily@example.com,0118 4960374,Standard,2024-02-28,1
964,Louise,Lawrence,1969-01-30,52 Carroll Fork,,Adamsland,PE8 2QJ,lewisgordon@example.com,(01632)960699,Standard,2022-05-15,0
965,Ruth,Osborne,1998-03-26,"Flat 44D, Taylor Falls",,Johnside,SK2 2LG,joshlewis@example.org,+44(0)118 4960172,Standard,2023-08-15,1
966,Jamie,Atkinson,1946-12-21,"Flat 69, Toby Place",,Guymouth,WD9 6GU,rbrown@example.org,+44(0)131 4960703,Mutual Rewards,2027-06-29,0
967,Allan,Morton,2008-01-12,594 Farrell Forges,,West Ruthside,S30 0FZ,sgilbert@example.net,+44(0)20 7496 0172,Mutual Rewards,2021-11-05,0
968,Danielle,Harris,1940-09-17,220 Hopkins Mountain,,North Sarah,EC9E 6ZH,ataylor@example.com,+441174960250,Standard,2022-11-01,1
969,Adrian,Bryant,1999-02-13,048 Bailey Drive,,South Neilshire,E9 3HQ,wendybutler@example.org,+44(0)20 74960000,Mutual Rewards,2026-07-01,1
970,Daniel,Akhtar,1976-11-21,"Studio 1, Lane Ville",,Nicolaview,ME1V 5ZN,woodrosemary@example.net,(0808) 157 0230,Mutual Rewards,2023-06-07,0
971,Leigh,Wood,1958-05-10,3 Emma Run,,Hallside,CF1,wcook@example.org,029 2018 0761,Standard,2022-01-24,1
972,Richard,Leonard,1950-03-16,157 Jane Shore,Flat 9,East Waynebury,E6 8TA,ejohnson@example.net,0151 4960353,mutual rewards,2022-02-25,1
973,Derek,Ryan,1983-07-11,"Flat 8, Grant Cliffs",,South Heather,m8f3ud,normancampbell@example.org,(0117)4960246,Standard,2023-12-07,1
974,June,Slater,1961-03-28,"Studio 9, Malcolm Neck",,Timothyfort,NR3X 6PY,,+44114 496 0538,Mutual Rewards,2022-03-10,0
975,Luke,Green,1991-02-21,"Studio 06Z, O'Brien Meadow",,Harrischester,WN35 2UG,guy53@example.org,(0161)4960565,Standard,2027-05-24,1
976,Emma,Osborne,1955-03-14,"Flat 87G, Fox Estate",,West Melissa,SO5 0NS,guybailey@example.com,(020) 74960296,Mutual Rewards,2023-10-13,1
977,Jacqueline,Wilkinson,1944-09-17,"Flat 2, Emily Trafficway",,Port Lucy,SP72 5AZ,njackson@example.com,+4429 2018421,Standard,2022-02-11,1
978,Beverley,Griffiths,1959-06-23,"Studio 50l, Dominic Highway",Studio 7,West Leighfort,OL7E 1WN,nichollsdennis@example.org,+44(0)28 9018982,Mutual Rewards,2021-10-18,1
979,Iain,Price,1965-01-20,3 Berry Drives,,New Ameliaview,BR6 6TA,ochapman@example.org,(029) 2018 0286,Standard,2022-09-15,0
980,Christopher,Clark,1988-12-03,0 Sian Path,Flat 84i,Warrenside,L36 9RA,holliehenderson@example.com,+44161 4960136,Standard,2021-01-28,1
981,Albert,Hart,1947-09-05,"Studio 46, Peter Points",,Samanthaview,B1W 2LZ,colin93@example.com,0114 496 0011,Standard,2023-10-28,1
982,Iain,Dickinson,1989-04-26,"Flat 80I, Robin Pine",Studio 89O,West Conorland,M0 3DQ,gcooper@example.com,+44114 4960353,Mutual Rewards,2025-06-12,1
983,Ashleigh,Waters,2002-02-05,"Studio 37, Murphy Knoll",,East Luketown,S8 6NT,jonesbarbara@example.net,+44118 4960019,Standard,2021-04-26,1
984,Dean,Gregory,2002-03-16,98 Pamela Squares,Flat 6,North Clairehaven,KW86 1YY,ymason@example.com,+44131 4960983,Standard,2026-08-25,1
985,Joe,Walsh,2008-07-21,05 Brett Plain,,West Karl,HU8 9QS,chloe28@example.com,(0118) 496 0533,Mutual Rewards,2025-12-03,1
986,Abbie,Wright,1946-02-27,26 Knowles Court,,Howefort,NW0 5XL,frowe@example.net,+44909 879 0303,Standard,2021-01-21,1
987,Derek,Pearson,1961-10-31,"Flat 27, Catherine Throughway",,Sykesside,DT4N 5BG,malcolm85@example.com,0151 4960130,Standard,2027-11-03,1
988,Paige,Jones,1993-07-30,8 Harvey Stravenue,,Lake Carolinebury,G7U 7TE,shawdonna@example.com,+44(0)1154960527,Standard,2026-07-21,0
989,Leanne,Woodward,1965-03-26,9 John Mills,,East Liamton,M23 4UH,stonekaty@example.com,0909 8790771,Standard,2027-06-12,0
990,Marian,Lee,1975-11-12,"Flat 9, Griffiths Lakes",,Stonefurt,TD76 0ZZ,pbarry@example.org,,Standard,2023-06-13,0
991,Vincent,Brown,1944-08-21,"Flat 24, Frances Light",Studio 53X,Johnsonburgh,E91 3ZA,sbrown@example.com,01614960360,Standard,2027-06-27,1
992,Geoffrey,Shepherd,1984-02-01,5 Rita Court,,North Patriciaberg,AL08 2RQ,aimeesmith@example.com,01314960978,Mutual Rewards,2022-09-24,1
993,Gerald,Newton,1959-02-05,71 Raymond Haven,,Jonesland,IP3 6NJ,danielhawkins@example.org,+44161 496 0266,Standard,2024-02-08,1
994,Jacob,Marsh,1943-01-12,68 Smith Ramp,,Lake Dawn,B8 ,zshaw@example.net,(0117) 496 0033,Standard,2023-09-23,1
995,Emily,Brady,2002-11-18,93 Craig Centers,Flat 0,New Marilynshire,E87 0NX,colemancarly@example.org,0131 4960415,Standard,2025-08-17,1
996,Grace,Davey,1977-05-09,304 Ashleigh Mills,,Douglasbury,IV28 8DF,franceswoods@example.net,(0114)4960594,Standard,2027-08-20,1
997,Clare,Lawrence,1975-06-18,"Studio 0, Walker Forges",,Port Craigton,SL8 3AZ,mstephenson@example.net,+44151 496 0984,Standard,2022-03-10,1
998,Neil,Bevan,1973-05-27,426 Elaine Lodge,Studio 50W,South Daniellechester,SM18 7RF,michellebennett@example.com,+44191 4960850,Standard,2021-09-30,1
999,Abbie,Frost,1959-09-29,62 Jeffrey Manors,Studio 6,Lewishaven,L7 1RP,christianwalton@example.net,+44(0)20 74960890,Standard,2024-12-11,1
1000,Iain,Jackson,1958-06-11,98 Barry Islands,,Brendafort,LL26 9UR,peter83@example.net,+44(0)131 4960805,Standard,2021-04-02,0
1001,Liam,Bell,1986-05-18,"Flat 7, Charlotte Isle",,Fisherborough,E2K 6QD,hfrancis@example.com,01914960600,Standard,2026-07-18,0
1002,Rebecca,Griffin,1984-07-18,924 Wright Route,Flat 87,Stonemouth,L0 9HA,warnerkieran@example.com,+4428 9018 0018,Standard,2024-05-01,1
1003,Kayleigh,Fowler,2006-10-13,"Flat 90, Adams Rapid",Flat 22k,Port Roy,PL31 6GB,gilldawn@example.net,01174960024,Standard,2027-09-07,1
1004,Kyle,Franklin,1998-04-04,"Flat 49, Evans Mountains",Studio 40S,Olivialand,TA4M 9QS,,(029)2018740,Standard,2027-02-17,1
1005,Jessica,Freeman,1964-08-30,"Flat 54, Singh Forges",Flat 51r,Lynchside,S5W 4WH,chelsea35@example.net,+441914960626,Standard,2025-03-17,1
1006,Robin,Williams,1977-07-27,"Flat 85p, Robert Wall",,Joneshaven,AB89 3GS,sylvianorton@example.com,(0121) 4960369,Mutual Rewards,2026-11-16,1
1007,Tom,Taylor,1955-06-19,04 Roberts Lake,Studio 09l,Joannemouth,B07 4GZ,,,Standard,2027-06-15,1
1008,Dominic,Sullivan,1958-09-12,"Studio 3, Walker Vista",,Mathewstad,RG0H 1SF,yvonne51@example.com,+44(0)113 496 0204,Standard,2023-12-04,0
1009,Daniel,Moss,1963-07-20,35 Gary Dam,,Andersonbury,W95 1EE,shanemoss@example.net,+44113 4960426,Standard,2024-01-18,1
1010,Jeffrey,Young,1941-03-15,"Flat 86, Walker Valley",,Jamieton,N7D 8QQ,glenn14@example.net,0306 9990609,Mutual Rewards,2026-04-29,0
1011,Jonathan,Jackson,1995-04-04,"Flat 1, King Hollow",,Sarahmouth,DT7Y 6FU,paigebrady@example.com,+441514960337,Standard,2023-02-17,0
1012,Emma,Green,1990-03-11,5 Patel Manors,Studio 26q,East Dianetown,M8B 6GA,douglasdonald@example.org,+44(0)20 74960630,mutual rewards,2027-09-21,1
1013,Damian,Preston,1973-06-12,"Flat 6, Singh Inlet",Flat 05U,Port Malcolm,SO6R 1GH,bernard88@example.net,+44(0)113 496 0485,Mutual Rewards,2021-10-09,0
1014,Sylvia,Harris,1955-10-26,2 Jenkins Gardens,,Jordanton,CT8E 1JL,meganevans@example.com,(0151)4960672,Standard,2026-02-27,1
1015,Kathryn,Collins,1944-12-03,"Flat 90V, Johnson Fields",,New Lindseyborough,GU3P 3DB,rosierobinson@example.com,(0161) 496 0115,Mutual Rewards,2021-02-19,1
1016,Jane,Kennedy,1979-08-30,792 Cooke Junction,Flat 7,Port Shaun,E6C 0WU,marianbryan@example.org,+4420 74960836,Standard,2025-10-29,1
1017,Keith,Fitzgerald,1994-07-21,"Flat 76, Clark Burg",,Ashleyshire,W7A 4QZ,pateldominic@example.org,(0118)4960450,Standard,2021-02-02,1
1018,Edward,Bailey,1955-04-28,"Studio 83J, Duffy Bypass",Flat 45,East Marilynmouth,S7U 0JB,john93@example.com,+441414960754,Mutual Rewards,2026-04-28,1
1019,Brian,Wilkinson,1954-02-21,6 Samuel Club,Flat 82,Thompsonton,CB3 4RB,kaursam@example.org,0113 496 0138,Mutual Rewards,2026-08-05,1
1020,Lorraine,Thompson,1990-07-12,0 Lydia Street,Flat 6,Lake Kimchester,S03 7JR,halldenise@example.net,01632 960 476,Standard,2025-02-06,1
1021,Jeffrey,Parker,1940-09-10,21 Harrison Courts,,South Johnmouth,S3 8QA,stuart23@example.com,0113 4960851,Mutual Rewards,2027-07-04,1
1022,Jamie,Young,2000-09-24,445 Hudson Manor,Studio 72,Wardfurt,g77dj,peterpatel@example.com,(0117)4960713,Mutual Rewards,2025-08-19,1
1023,Judith,Jones,1974-11-06,"Flat 2, Charlie Spur",,Dorothyfurt,M4 6GU,nmartin@example.org,(0121) 496 0117,Standard,2024-07-16,0
1024,Lewis,Richardson,1992-05-04,152 Lewis Creek,,Scottchester,S47 4RP,kpowell@example.com,+4420 74960870,Standard,2022-11-04,1
1025,Gemma,Walton,1948-12-30,0 Henderson Oval,,South Julian,WC1N 2ZE,pamelahudson@example.com,0131 496 0934,Standard,2021-07-20,1
1026,Samuel,Walker,1995-06-28,29 Jonathan Plains,Studio 2,New Charles,LS1 0DX,williamscarole@example.com,+44(0)28 9018075,Mutual Rewards,2026-10-05,1
1027,Lucy,Carey,2007-03-12,"Studio 74, Johnson Centers",Flat 22g,Harveyview,S5G 8EX,,0289018810,Mutual Rewards,2024-09-06,1
1028,Martin,Hughes,2003-07-25,"Studio 3, Jane Flats",,East Jodiemouth,WA5 2SE,manderson@example.com,+44117 4960788,MUTUAL REWARDS,2021-08-09,0
1029,Craig,Allen,1958-02-28,999 Deborah Pines,,Lake Anthony,L0 1SU,roy21@example.com,+441174960361,Standard,2027-10-29,0
1030,Cameron,Hamilton,1989-08-09,"Flat 90W, Dylan Spurs",,East Aliceburgh,N4F 8JP,pcooke@example.net,+44(0)20 7496 0981,Standard,2022-04-21,1
1031,Hayley,Baker,1997-04-23,225 Whitehouse Valleys,,Brianburgh,NW1 7SG,littlejustin@example.net,0117 496 0601,Standard,2026-12-04,0
1032,Joanna,Byrne,1942-03-12,"Flat 41n, Stephens Court",,Janetborough,L0 9RW,brenda09@example.com,+44(0)29 2018459,Standard,2025-07-31,1
1033,Gillian,Kirk,1959-04-29,"Studio 08V, Rita Coves",Studio 7,West Naomi,S6 1HH,blucas@example.com,+44113 4960721,Standard,2025-01-27,1
1034,Sylvia,Wilson,1990-03-16,"Flat 2, Daniels Extension",,Lake Mathew,L0 3GJ,awebster@example.org,+44191 4960144,Standard,2023-04-15,0
1035,Leslie,Doyle,1988-07-18,"Flat 02, Smith Villages",Flat 09t,Aliland,S1 6LA,timothy47@example.com,0117 4960989,Mutual Rewards,2027-01-05,1
1036,Gary,Bartlett,1976-01-11,"Flat 5, Holden Dale",,Victorland,RH9A 6DD,grahamelliott@example.com,+44(0)121 496 0942,Standard,2027-05-18,1
1037,Melissa,Wright,1992-01-08,2 Catherine Light,,Williamschester,G2K 3JX,qgreen@example.org,,Standard,2021-07-23,0
1038,Kayleigh,West,2002-10-05,093 Clarke Shoal,,West Paul,KW28 4SH,clifforddavies@example.net,+44(0)20 74960334,Mutual Rewards,2022-10-11,1
1039,Megan,Middleton,1960-06-08,"Studio 9, Chandler Parkways",,Russellstad,DD4 8GR,andreasheppard@example.org,+44151 4960435,Mutual Rewards,2027-12-27,0
1040,Daniel,Whitehead,1949-07-07,"Flat 88, Jenkins Neck",Studio 03K,Goughchester,HG3 9EU,qmills@example.com,+44115 4960883,Standard,2021-01-15,0
1041,Ian,Carter,1968-03-04,"Flat 28G, Kelly Harbor",,Kathrynfurt,IM8P 7YX,caroline06@example.net,(0115) 496 0706,Mutual Rewards,2025-12-21,1
1042,Lee,Cunningham,1948-06-18,"Studio 71, Richard Trace",,Port Judith,TQ7 5RU,samantha65@example.org,+44(0)289018518,Standard,2027-03-12,1
1043,Leanne,Oliver,1952-12-31,167 Smith Stream,Studio 23s,West Kathryn,KY9V 0LP,berrymichelle@example.com,(0909) 879 0937,Standard,2023-12-03,1
1044,Graeme,Thomas,1990-07-17,"Flat 86, Megan Village",Studio 89k,Katieville,BD2 0JX,diana76@example.net,+441164960648,Standard,2027-09-20,1
1045,Steven,Johnson,1985-07-26,493 Taylor Ways,Flat 6,West Sally,DT0 0DF,yparry@example.net,0131 4960193,Mutual Rewards,2021-01-05,0
1046,Billy,Graham,1947-12-01,"Flat 77, Barry Trace",,Parkerborough,HG62 3SH,leon43@example.net,+442074960468,Standard,2027-08-24,1
1047,June,Patel,1983-07-15,1 Frances Drive,,East Lauren,SK61 0TJ,youngjosh@example.com,(0909)8790577,Standard,2024-08-22,1
1048,Kyle,Davies,1968-08-19,36 Powell Square,Flat 8,Bradleyview,TD59 4JN,ashley95@example.org,+44151 496 0740,Standard,2027-05-30,1
1049,Shane,Jones,1942-09-01,"Studio 8, White Greens",,North Catherine,LL51 9TQ,joelnicholson@example.com,0306 9990733,Standard,2021-07-04,0
1050,Brenda,Fox,1984-01-20,094 Michelle Landing,,Evanshaven,L44 3WP,vowen@example.org,(0117) 496 0266,Mutual Rewards,2021-04-10,0
1051,Julia,Richardson,2007-02-09,4 Day Ports,,North Darrenbury,PA5 1DZ,flee@example.org,+441914960158,Standard,2022-10-31,1
1052,Lucy,Greenwood,1950-02-01,"Studio 6, Graeme Stream",,Paulinemouth,CA86 0LT,pmatthews@example.com,+441914960290,Mutual Rewards,2027-04-20,1
1053,Christine,Ellis,1954-02-20,"Studio 5, Brown Row",Studio 14,Lake Donald,DY0Y 9GU,bwalker@example.com,+44(0)1184960739,Standard,2025-07-21,1
1054,Mary,Coleman,1971-09-01,4 Owen Cliff,,North Stacey,IM04 4TJ,lynnwright@example.org,(0118) 4960785,Standard,2022-06-05,0
1055,Elliot,Murphy,1956-07-07,"Flat 03, Butler Haven",,North Ellieburgh,DT8R 5DX,fali@example.com,(0121)4960131,Mutual Rewards,2022-09-25,0
1056,Claire,Wallis,1955-05-14,2 Lewis Flat,Flat 65I,West Rhyshaven,N2T 7XZ,glenn99@example.org,(0808) 157 0984,MUTUAL REWARDS,2027-01-03,1
1057,Sian,James,1949-02-01,8 Sheppard Valley,,South Kellystad,G3J 1YJ,stacey91@example.net,(01632) 960 003,Standard,2025-07-14,1
1058,Gary,Little,1973-09-22,"Flat 42, Graeme Estate",Flat 9,Beverleymouth,WC3A 2DW,dean73@example.com,+44(0)1144960146,Mutual Rewards,2021-10-01,0
1059,Dominic,Smith,2007-08-04,"Studio 55m, Philip Islands",Flat 03,Port Mohammadport,W7 1BZ,jevans@example.com,029 2018557,Mutual Rewards,2024-06-17,1
1060,Lindsey,Williams,1953-04-29,"Flat 41Y, Jodie Ramp",,East Janeview,CV0 4DZ,brownstuart@example.net,+44(0)1632960669,Mutual Rewards,2021-10-17,1
1061,Andrew,Howard,1959-06-02,4 Harry Lodge,,South Stephanie,G17 6GR,bwatson@example.net,0117 4960479,Standard,2027-10-21,1
1062,Lindsey,Hopkins,1957-10-12,5 Bradley Shore,,Valerieberg,W03 2AB,rwalker@example.net,01314960972,Standard,2023-03-01,0
1063,Karl,Humphreys,1989-08-07,9 Nicholson Isle,,Lake Samuel,SK8 2WR,forstersamuel@example.com,+44(0)191 496 0022,Standard,2023-03-26,1
1064,James,Fletcher,1963-05-25,"Flat 74C, Marshall Rest",Flat 09b,Jakehaven,PA8N 6LH,greenjanet@example.com,,Mutual Rewards,2026-05-03,0
1065,Owen,Williams,1974-09-22,8 Hill Pass,Studio 6,Dianebury,L6 6FF,youngnigel@example.net,+44909 879 0386,Standard,2021-01-29,1
1066,Leonard,Jones,1993-06-27,"Studio 71W, Allan Pass",Flat 3,Adrianview,N3J 9NN,,+44114 496 0914,Standard,2024-11-28,1
1067,Lynne,Elliott,1995-12-12,"Flat 47, Chelsea Garden",,Colinchester,DN09 3FR,jbailey@example.com,(0909)8790886,Standard,2027-12-07,1
1068,Kayleigh,Hill,1951-06-10,"Flat 62L, Laura Trail",Studio 82k,Lake Paula,E8 2JQ,lukewilliams@example.net,+44(0)1614960568,Standard,2027-03-11,1
1069,Joel,Davies,1963-12-24,"Studio 6, Kerr Ridge",,Whiteside,W44 9UP,jasonwilson@example.net,(0117) 496 0175,Standard,2023-12-07,1
1070,Lydia,Greenwood,2005-11-25,"Studio 28, Robertson Station",,Arnoldland,BR4V 2ST,trevor19@example.net,+44161 496 0645,Standard,2022-11-28,1
1071,Max,Osborne,1992-04-05,"Flat 15X, Kemp Creek",Studio 67,Smithtown,L5 0ER,ianhopkins@example.net,+44(0)1214960972,Mutual Rewards,2022-06-21,1
1072,Leonard,Daly,1952-12-11,"Studio 34, Catherine Light",,Fishershire,NE4P 1WB,john33@example.com,+44(0)191 496 0015,Standard,2022-11-12,0
1073,Jennifer,Morris,1994-10-26,"Studio 66, Webb Key",,Elliotview,WS05 9FR,richardsamanda@example.com,(0909) 879 0462,Standard,2025-03-21,1
1074,Barry,Parker,1974-03-15,"Studio 36S, Johnson Circles",,New Hollieberg,NG5P 2WQ,thompsongraham@example.com,+44(0)121 4960383,Standard,2021-03-02,1
1075,Ellie,Stephenson,2003-11-30,"Flat 82f, Emma Falls",Studio 4,New Lauren,LS84 6AT,holdenglenn@example.org,0292018991,standard,2026-03-02,1
1076,Leanne,Collins,1994-05-20,"Flat 51j, Burns Underpass",,Rachaelburgh,DL1 4ZX,mariacarter@example.org,0191 498 0597,Standard,2023-04-26,1
1077,Chloe,Williams,1968-06-25,"Studio 5, Hayley Brook",Flat 54U,Francescaborough,WA4H 8UU,holtvictoria@example.net,+441164960209,Standard,2023-04-06,0
1078,Molly,Taylor,2000-02-03,63 Taylor Key,Flat 59,Hallton,BL1B 4TT,gerardflynn@example.com,0118 4960148,Standard,2025-02-11,1
1079,Aaron,Lord,1998-10-30,"Studio 8, Alexander Cove",,West Mathew,SS7M 6XP,jade39@example.net,+441214960232,Standard,2025-07-25,1
1080,Claire,Morgan,1945-08-09,"Studio 09, Jones Rapid",,Hollystad,E6G 2WL,odonnellvictoria@example.org,0118 4960347,Mutual Rewards,2021-01-06,1
1081,Clifford,Brown,1972-08-16,69 Parkinson Court,,Valerieshire,SR34 8QP,luke83@example.com,0121 496 0560,Standard,2022-01-17,0
1082,Bethany,Payne,1941-08-13,"Flat 0, Kelly Keys",,Lake Simonville,SW06 9LY,jonesann@example.net,+442074960285,Mutual Rewards,2023-09-02,1
1083,Gail,Gibson,1964-02-05,5 Rosie Plaza,Studio 67,Daviesstad,S73 5WZ,dthomas@example.com,+441154960288,Standard,2022-10-29,0
1084,Mathew,Marsh,1993-02-10,5 Gordon Ridge,,North Abdulborough,W4 7NZ,,+44(0)117 4960663,Standard,2023-09-02,1
1085,Catherine,Edwards,1953-05-07,"Studio 1, Reynolds Brooks",Flat 00,Daviesbury,TF6 8FR,lewisglenn@example.org,(029) 2018 0637,Standard,2027-11-21,1
1086,Marie,Harding,2002-04-08,8 Mahmood Prairie,,North Malcolmberg,G14 5GR,prestonfiona@example.com,+44(0)306 9990892,Mutual Rewards,2023-11-02,1
1087,Marian,Taylor,1960-04-12,"Flat 74O, Patel Landing",,East Karen,TW5M 1EW,robertscharlene@example.net,0292018513,Standard,2024-04-01,0
1088,Barbara,Kay,1955-10-08,520 Lynn Views,,Lake Jennaborough,WC68 1XL,qsingh@example.com,(029) 2018 0220,Standard,2021-08-20,1
1089,Elliot,Adams,1947-05-09,3 Phillips Circle,Flat 1,South Leslie,L6A 0WU,dwall@example.com,+44(0)1134960906,Standard,2026-08-17,0
1090,Rosie,Jones,1981-09-02,376 Rachael Landing,Flat 7,Lambertland,KT2B 2BN,qmoore@example.com,01154960869,Standard,2022-11-22,0
1091,Samuel,Wilson,1995-02-27,45 Smith Meadow,Studio 4,New Mollyland,BD53 6LY,,+441134960970,Standard,2022-12-14,1
1092,Joel,Clarke,1988-12-06,970 Lynn Cliff,Studio 58K,East Patriciaside,S70 4GE,louis19@example.org,+4428 9018625,Standard,2022-06-18,1
1093,Joanne,Coles,1957-05-25,1 Bradshaw Throughway,Flat 8,Owenview,B2W 3QX,stephaniemason@example.org,+4429 2018 0910,Mutual Rewards,2024-06-22,1
1094,Linda,Patterson,1995-06-25,"Flat 7, Haynes Glen",Studio 9,Port Hollie,HS1A 1NB,hayespaige@example.org,0117 496 0195,Standard,2024-02-17,0
1095,Sally,Watson,1998-02-19,"Studio 90, Declan Valley",,Spencerfort,W0 0QS,,+441614960709,Standard,2023-08-01,1
1096,Liam,Clarke,1960-01-25,"Flat 5, Deborah Glen",Studio 38,Gavinbury,IP84 8TR,qhall@example.com,(0909) 879 0006,Standard,2023-05-20,1
1097,Francis,Gordon,2001-09-22,"Studio 31O, Carter Cape",Flat 32,Kimberleychester,WA7N 4PE,atkinsleonard@example.net,(0909) 879 0094,Standard,2026-12-18,1
1098,Jennifer,Wood,1973-05-02,8 Leigh Loaf,,Port Mauriceport,W07 9NU,glee@example.org,0114 4960797,Standard,2024-05-03,0
1099,Mohammad,Wallace,1945-05-19,"Flat 56v, Burrows Port",Studio 2,South Jill,L4J 4AH,jenkinsgarry@example.net,0141 4960856,Standard,2021-02-05,1
1100,Tracy,Lamb,1947-03-29,613 Michelle Tunnel,,Hancockmouth,W11,clarkejodie@example.com,+441164960206,Standard,2025-08-04,1
1101,Hilary,Bell,2006-09-10,"Flat 23, Lydia Trail",,North Gareth,L44 0RA,qsullivan@example.net,+44(0)117 4960069,Standard,2023-12-05,1
1102,Abbie,Clarke,1962-12-29,"Studio 8, Stanley Dam",,Georgeberg,N3H 0RL,melanie85@example.com,(0191) 4960753,Standard,2021-11-28,1
1103,Connor,Hunt,1978-11-29,25 Robson Divide,,West Louismouth,TA42 5AU,owalton@example.com,+44191 4960602,Standard,2021-05-11,0
1104,Bernard,Wood,1963-11-22,1 Keith Orchard,Flat 1,Yvonnefurt,DL99 8UY,hwalsh@example.com,(0117) 496 0142,Mutual Rewards,2027-11-08,1
1105,Dylan,Swift,1947-07-06,"Flat 91, Chadwick Ports",Studio 4,Geoffreychester,L3 8XW,,0113 4960700,Standard,2023-10-05,1
1106,Jason,Harrison,1962-12-17,745 Kieran Brooks,Flat 20,Lake Wendystad,HX4 6LW,qbibi@example.net,(0114)4960046,Standard,2024-07-13,1
1107,Wayne,Cameron,1959-10-06,"Studio 01w, Carol Springs",Studio 97q,Ronaldton,S07 4XH,jamesallen@example.com,+44(0)161 496 0723,Standard,2026-11-11,1
1108,Suzanne,Stevens,1986-04-09,01 Goodwin Ranch,,East Aaron,LU14 8EZ,xbailey@example.org,(01632) 960196,Standard,2025-03-23,1
1109,Tina,Robinson,1941-09-08,"Studio 20N, Bruce Cliffs",,North Trevor,G8T 2JJ,annapower@example.org,+448081570493,Standard,2027-06-01,1
1110,Lesley,Grant,2006-12-05,158 Austin Valleys,,North Anneborough,W1E 0TP,hstokes@example.com,+44(0)116 4960487,Standard,2023-01-11,1
1111,Carole,Ali,1946-04-07,"Flat 59, Georgia Plains",Flat 12,Hilaryshire,SS73 7UG,joel34@example.org,(028)9018549,Standard,2024-12-07,1
1112,Maureen,Hughes,2008-01-09,"Flat 71v, Mitchell Vista",,Francishaven,RM0E 3LX,hartmalcolm@example.com,0161 496 0960,Standard,2026-05-01,0
1113,Robert,Atkinson,1989-07-08,"Flat 9, Samantha Square",,Pamelabury,KT24 6RF,clairesmith@example.org,+441134960369,Standard,2022-12-19,1
1114,Alexander,Wright,1976-09-11,401 Kennedy Garden,,Lake Geoffreymouth,G64 4UP,ybradshaw@example.org,+449098790018,MUTUAL REWARDS,2023-04-07,1
1115,Malcolm,Bell,1952-09-17,5 Parkin Inlet,,East Beverley,L5K 6UU,robinsonfrederick@example.net,(0113)4960226,Mutual Rewards,2027-07-18,0
1116,Ben,Cox,1969-07-14,"Studio 36u, Luke Stravenue",Flat 29,New Ianton,GU76 4NF,pheath@example.net,01632 960 554,Standard,2026-08-09,0
1117,Lee,Edwards,1941-01-19,"Flat 31, Bibi Rapid",,Lake Diana,BN6R 4YJ,stewartandrews@example.net,(020) 7496 0690,Standard,2023-05-12,1
1118,Stanley,Davis,1949-08-17,528 Bevan Forges,,Carolineborough,E33 7JL,frederick30@example.org,+44(0)117 4960641,Standard,2022-07-10,1
1119,Carl,Harris,1943-02-23,"Flat 09I, Bates Viaduct",Studio 2,East Bernardstad,N1 0FJ,tobygreen@example.org,(0161) 4960155,Mutual Rewards,2023-10-05,1
1120,Eleanor,Taylor,2007-12-24,404 Derek Rue,,Mauricefurt,BS1 5QD,dannybarnes@example.org,(0161) 4960819,Standard,2021-10-11,0
1121,Frederick,Fuller,1965-10-27,"Flat 5, Charlene Inlet",Studio 41,Griffithsfort,HU7 6SJ,katherinemistry@example.org,+44(0)1184960630,Standard,2027-09-02,1
1122,Sharon,O'Neill,2001-08-24,"Flat 18, Norman Stravenue",Studio 3,Waynetown,W6 5BN,williammclean@example.net,029 2018 0685,Standard,2026-09-06,1
1123,Naomi,Burton,1969-10-09,"Studio 1, Barrett Forge",,Jenningshaven,B1 1NS,bakerrobin@example.net,01164960788,Mutual Rewards,2025-04-06,0
1124,Nicole,Gibson,1992-11-27,4 Lynch Lights,Flat 88,South Natashafort,NN5B 6ZB,teresa09@example.com,0131 4960688,Standard,2027-06-16,1
1125,Shaun,Palmer,1956-12-25,007 Holly Estate,,Lake Kimside,M7 3TH,emily40@example.com,0191 498 0308,Standard,2022-11-21,0
1126,Adam,Read,1993-01-11,"Studio 99, Webb Glens",Flat 49J,South Bethany,M6 4YB,glamb@example.net,+44(0)141 4960751,Mutual Rewards,2025-10-10,1
1127,Tom,Miller,1982-12-23,6 Nixon Cape,,Aimeestad,DL43 8BT,joanbegum@example.org,(01632) 960025,Standard,2025-07-03,1
1128,Denis,Rowe,1994-12-26,7 Jones Garden,,Lake Marcville,ME87 9GS,hydelorraine@example.com,(029) 2018201,Standard,2022-03-23,1
1129,Marcus,King,1952-08-09,45 Brown Centers,,Bryanshire,32,vanessahoward@example.org,(020) 74960143,Standard,2023-08-31,0
1130,Charles,Richards,1944-05-17,7 Dean Port,,Sinclairview,SY62 3QE,vpope@example.org,+44151 4960560,Standard,2021-01-13,0
1131,Roger,Clarke,1965-01-04,3 Thomas Light,,Priceville,N15 4EW,kathleenyoung@example.org,01314960166,Standard,2024-09-02,0
1132,Samuel,Ellis,1947-02-21,3 Holly Pine,,Martynfort,PO0W 3SD,bradley76@example.net,+44(0)121 4960844,Standard,2023-07-31,1
1133,Dean,Brown,1966-10-30,82 Wilkinson Villages,,Batesland,W37 4QB,liamsmart@example.org,(0191) 4960026,Standard,2026-10-11,1
1134,Jessica,Mistry,1995-09-14,19 Aimee Ports,Studio 0,Cunninghamview,TN18 1YZ,guybaker@example.com,,Standard,2026-08-06,0
1135,Sian,Anderson,1978-07-02,"Studio 76J, Gregory Circles",,East Marcusland,CA3 8EE,websterglenn@example.org,+44(0)29 2018325,Standard,2026-05-31,1
1136,Connor,Williams,1994-08-01,47 Stephanie Lake,,Winterview,S7 4WT,brianbrown@example.org,+44118 4960564,Mutual Rewards,2023-09-05,1
1137,Elaine,Harvey,1951-02-19,57 Pearson Motorway,Studio 40o,Port Barbara,EX9 0ZJ,tinadean@example.org,(0141) 4960941,Mutual Rewards,2022-08-01,1
1138,Harriet,Gibbons,1988-01-12,"Flat 0, Brown Expressway",,Cartermouth,DY1 5UR,nicholasvincent@example.org,+441144960089,Standard,2024-06-15,0
1139,Carly,Ross,1991-08-19,"Flat 2, Wilson Camp",,Begumtown,M7 8RT,chelsea69@example.net,+4420 74960484,Standard,2025-05-25,1
1140,Brian,Jones,1940-12-22,10 Caroline Union,Studio 0,South Daniellebury,LS5W 9HH,williamstimothy@example.org,+44(0)909 8790171,Standard,2025-11-18,1
1141,Geraldine,Reed,2000-01-07,4 Ronald Course,,Mitchellport,N5 7LJ,donaldking@example.net,(0121)4960965,Mutual Rewards,2024-03-08,1
1142,Shaun,Wilson,1979-07-29,03 Rebecca Gardens,,Port Williamport,G6S 5HR,andrewsjayne@example.com,+44(0)28 9018 0731,Standard,2024-11-12,1
1143,Robin,Hunt,2000-05-30,"Studio 2, O'Sullivan Stravenue",,East Yvonne,WD8 5JZ,catherineslater@example.com,+44(0)191 496 0714,Standard,2026-12-19,1
1144,Jason,Scott,2000-11-12,93 Hayley Rest,,Williamston,AB55 7JP,hjenkins@example.net,+44115 4960625,Standard,2021-03-18,1
1145,Lisa,Harrison,1975-05-15,46 Matthews Viaduct,,Brownport,RG5N 0JZ,tonyadams@example.com,+44(0)29 2018186,Standard,2024-05-20,0
1146,Carole,Arnold,2001-04-20,"Flat 29P, Hugh Burg",,South Alexander,B1 0DP,eford@example.net,+44(0)151 496 0384,Standard,2027-09-14,0
1147,Howard,Morgan,1999-01-18,1 David Causeway,,Lake Alex,M6W 8RU,dominicdavies@example.org,+44114 496 0044,Standard,2025-07-03,1
1148,Harry,Hughes,1944-12-16,"Studio 36x, Wood Cliff",Studio 22,Port Melanieside,G06 1WR,adrian76@example.org,+4428 9018302,standard,2022-08-13,1
1149,Amy,Smith,2005-05-09,693 O'Sullivan Island,,South Bethanychester,AL3 3YD,katygardner@example.com,+44(0)1154960826,Standard,2027-11-07,0
1150,Sandra,Walker,1992-01-13,93 Jackson Rapids,,Rogerburgh,DE9 4LN,frederick68@example.com,+44(0)161 496 0111,Standard,2023-08-19,1
1151,Ross,Quinn,1965-01-16,"Flat 09T, Danny Points",,Jonesmouth,SN5 6GU,dmurray@example.org,+44131 4960912,Standard,2021-02-19,1
1152,Vincent,Watson,2003-08-11,21 Carpenter Stream,,Byrnetown,G35 1XA,,+441164960955,Standard,2026-08-07,1
1153,Jasmine,Wright,1977-03-28,"Studio 3, Morgan Underpass",Studio 39,Wendyshire,TA5 9FL,fphillips@example.org,(0114) 4960736,Standard,2024-11-17,1
1154,James,Lloyd,1963-05-08,"Flat 56, Taylor Cove",,East Julieside,SS2 3AA,evansfrederick@example.org,+44(0)1632 960829,Standard,2022-06-01,1
1155,Teresa,Smith,1967-09-04,732 Simon Mountains,,North Ronald,LA3Y 5NX,kieran20@example.com,+44(0)115 4960019,Standard,2024-10-27,1
1156,Daniel,Walton,1942-05-07,741 Richardson Estates,,Osbornechester,S51 9PQ,george00@example.com,+44(0)909 8790108,standard,2021-12-23,1
1157,Marian,Rogers,1951-10-03,"Studio 22B, Gavin Spurs",,North Rhyschester,W2 3PB,hilaryhill@example.org,01632 960 342,Standard,2027-12-21,0
1158,Ruth,Robertson,1998-07-20,"Flat 39h, Read Divide",Studio 09,Port Elizabethfurt,E66 8UN,smithdavid@example.com,+44(0)1314960441,Standard,2021-02-28,1
1159,Janet,Spencer,1984-09-19,"Flat 97a, Joyce Plains",,Gregorymouth,B1F 7SN,kimberleyharding@example.net,+44116 4960809,Standard,2022-02-07,1
1160,Bryan,Green,1965-04-15,"Flat 5, Hilary Ridge",,Richardschester,L1 2PQ,ameliasmith@example.org,+44(0)115 4960805,Standard,2025-04-13,1
1161,Lorraine,O'Connor,2001-06-24,"Studio 74p, Woodward Streets",,Lake Stewartfort,DD53 0ED,austinsam@example.com,+44(0)121 496 0862,Mutual Rewards,2024-12-09,0
1162,Katie,Campbell,1942-04-22,03 Louise Harbor,Studio 90,North Conor,TR8 9UE,ttownsend@example.org,+44(0)116 496 0935,Mutual Rewards,2026-12-23,1
1163,Hugh,Schofield,1973-07-13,"Studio 59l, Victor Street",,Lynnechester,HG77 1HT,jackwalters@example.com,+44(0)1514960627,Mutual Rewards,2023-02-17,0
1164,Victor,Perkins,1975-09-25,6 Georgina Port,,Melanieshire,BD15 2EH,jessicaellis@example.net,,Standard,2027-08-11,1
1165,Nicola,Long,1949-08-23,76 Callum Skyway,,North Joyce,FY61 3YZ,mmellor@example.org,+44(0)1514960156,Standard,2021-06-01,1
1166,Gerald,Kelly,1972-10-17,"Studio 88R, Young Drive",,Carlyside,S8S 8LJ,pfrost@example.org,01632960900,mutual rewards,2025-01-01,0
1167,Frank,Hughes,1978-10-06,"Studio 99, Gill Island",Studio 4,Martynville,W6 6FR,glen34@example.com,+448081570591,Standard,2026-11-12,0
1168,Deborah,Holland,1951-11-08,"Flat 59, Kathryn Path",,Kayleighshire,BL7W 5WP,oosullivan@example.net,+44161 4960568,Standard,2021-08-12,1
1169,Gemma,Jones,2002-10-15,"Flat 40, Gray Square",Flat 07,Port Joycemouth,IP13 0AU,charlottejackson@example.org,0117 496 0385,STANDARD,2023-05-28,1
1170,James,Smith,1955-07-25,99 Clarke Plaza,,Jillton,DE3B 6PH,claresmith@example.net,(029) 2018 0514,Standard,2026-04-20,0
1171,Barbara,Bryan,1960-12-31,2 Duncan Grove,,Jonesport,TQ95 9JQ,laura57@example.org,01164960006,Standard,2021-12-19,1
1172,Pauline,Smith,1994-10-13,44 Moore Union,Studio 6,Port Samville,L9B 7AS,robert76@example.org,(0116) 496 0228,Standard,2026-07-10,1
1173,Frank,Lynch,1959-11-04,64 Burton Square,Flat 30q,Laurenmouth,PA5 2SH,anne07@example.com,(0161) 4960894,Standard,2027-10-02,0
1174,Robin,Barnes,1979-11-08,63 Marcus Springs,,Howellshaven,L69 2SY,akhtarjoyce@example.org,01164960097,Standard,2024-03-09,1
1175,Tom,Davies,2001-10-12,"Flat 7, Ann Row",,Brownland,SK1 0BH,howardgordon@example.org,+44(0)151 496 0697,Standard,2022-05-24,1
1176,Geoffrey,Palmer,1977-02-20,333 Jodie Estate,Studio 69,North Paul,DT0 1GG,dthomas@example.net,+441154960283,Standard,2026-07-20,1
1177,Gillian,Williams,1998-02-20,"Flat 70, Hussain Points",,Abigailside,W2J 0RH,sammarshall@example.net,+448081570012,Mutual Rewards,2024-08-02,1
1178,Melissa,Fisher,1991-11-19,"Flat 66x, Khan Groves",Studio 6,Port Kirstychester,UB0X 4TF,glenn25@example.com,+44117 4960787,Standard,2026-11-29,0
1179,Tony,Jones,1993-07-10,"Flat 7, Bethan Square",,Helenmouth,LL70 1FZ,jwatson@example.net,+44121 496 0268,Standard,2021-07-10,1
1180,June,Khan,1950-08-24,16 Baldwin Burg,Flat 5,Port Valerie,S0 6RX,jameskeith@example.net,+44(0)808 1570664,Standard,2025-01-06,1
1181,Melissa,Bull,1953-08-18,7 Harry Extensions,,Aaronside,HX3N 1RA,allengraham@example.net,+44(0)191 4960480,Mutual Rewards,2025-06-11,0
1182,Chloe,Harper,1956-09-07,08 Jones Cove,,Ronaldton,LL10 4BN,ericdouglas@example.net,(020) 74960579,Standard,2024-03-24,0
1183,Alison,Harrison,2003-07-12,"Studio 1, Toby Cliff",,North Alexandratown,W0 7XQ,woodjames@example.com,0114 496 0254,Standard,2025-10-23,1
1184,Elaine,Humphries,1946-09-08,920 James Spring,Flat 97,Sarafort,RM7 3ZS,marilyn74@example.com,+448081570252,Standard,2024-04-06,1
1185,Cheryl,Davies,1960-09-17,"Studio 20s, Carol Haven",,West Phillipmouth,BH5 3JT,louisepearson@example.com,+44(0)1632 960 997,Mutual Rewards,2024-03-24,1
1186,Eleanor,Clark,1969-12-17,"Flat 8, Ward Trafficway",,Port Clareport,B5J 9RW,whitejoan@example.net,+441134960803,Standard,2027-12-22,1
1187,Tom,Heath,1968-05-27,05 Smith Isle,,New Marianshire,S3C 5JP,chloepratt@example.org,0115 496 0110,Mutual Rewards,2026-12-19,1
1188,Maureen,Patel,1968-07-07,466 Anderson Viaduct,,North Norman,UB9 1WH,littlesandra@example.net,+44(0)29 2018 0348,Mutual Rewards,2021-01-26,1
1189,Simon,Young,1974-10-19,642 Richards Park,,North Albert,GY8 9WU,edwardspatrick@example.org,09098790474,Standard,2026-03-07,0
1190,Sheila,White,2004-10-15,"Studio 0, Coleman Gateway",,Haywardfort,NR4X 2DL,lferguson@example.com,01314960804,Standard,2023-12-06,0
1191,Gareth,Johnson,1971-11-07,76 Wright Plains,,Singhmouth,FY5 7ND,rickyburgess@example.net,,standard,2022-02-28,1
1192,Kimberley,Scott,1993-01-05,05 Clayton Motorway,,Cherylland,PA3M 3WZ,griffithsricky@example.net,0121 4960479,Standard,2023-01-24,1
1193,Mary,Edwards,1998-04-28,"Studio 1, Rebecca Lodge",,Khanberg,EC0R 6PZ,maureen05@example.org,01154960602,Standard,2027-01-05,1
1194,Callum,Power,1968-08-07,"Flat 30, Chloe Spring",,Port Naomi,SY7B 2NN,wcarr@example.com,0117 496 0112,Standard,2026-04-28,0
1195,Martin,Kelly,2003-09-28,82 Powell Union,,South Helenland,SN4 9WP,wpatel@example.com,+44(0)1214960418,Mutual Rewards,2021-03-31,1
1196,Roger,Johnson,1946-05-29,21 Cheryl Pike,,Williamston,WA9 6YZ,clive88@example.org,+44(0)29 2018 0847,Standard,2021-04-22,1
1197,Hugh,Dyer,2008-01-07,3 Amber Plains,Studio 71,East Sam,L6 8SN,angelamurray@example.net,(0161) 496 0862,Standard,2024-08-21,1
1198,Joanna,Campbell,1977-10-02,"Flat 72, Hicks Burgs",,East Thomas,W7J 4TD,rowleyrosie@example.net,+44(0)117 4960345,Standard,2027-12-02,1
1199,Heather,Campbell,1945-10-14,"Flat 56, Alex Run",,Port Alison,RM00 5HP,diana97@example.org,(0114) 496 0273,Mutual Rewards,2027-05-06,1
1200,Heather,King,1972-01-24,8 Sharp Valleys,,Prestontown,SO2 0FP,tom46@example.net,+44(0)20 74960397,Standard,2024-11-24,1
1201,Francesca,Thomas,1957-09-03,6 Coates Plain,Flat 5,Toddport,WR73 5RZ,jordanricky@example.net,(029) 2018 0467,Standard,2027-05-08,0
1202,Julian,Martin,1944-05-14,124 Parsons Mountain,,Daychester,L94 9YL,emilyrobertson@example.com,+44(0)141 496 0089,MUTUAL REWARDS,2023-10-01,0
1203,Russell,Howard,1952-01-26,033 Annette Crest,,Lake Leanne,CA62 3QS,potterlorraine@example.org,+44(0)113 496 0801,Standard,2024-02-12,0
1204,Charlie,Martin,1956-05-08,"Flat 56, Brown Roads",,Hugheshaven,BS56 9SZ,bethany94@example.com,+44161 496 0595,Standard,2026-03-16,1
1205,Shirley,Middleton,2006-08-07,"Flat 5, Wheeler Garden",,Macdonaldland,CH48 4DX,saraward@example.org,+44292018525,Standard,2022-03-22,1
1206,Benjamin,Hewitt,1942-05-18,6 Glover Cliff,,North Clifford,LU4 5FB,simonpearson@example.net,+44(0)115 4960769,Standard,2023-03-26,1
1207,Gillian,Howell,1961-03-12,03 Richardson Garden,,Lake George,M40 9HS,gregorygraham@example.org,(020) 7496 0412,Standard,2027-10-13,1
1208,Craig,West,1944-02-11,25 Bradshaw Prairie,,Lake Richardport,PL41 3FP,,(0121)4960601,Standard,2025-09-17,1
1209,Marilyn,Hopkins,1993-02-08,4 Marcus Unions,,Elaineland,L99 2TS,,+44191 4960612,Standard,2025-03-14,1
1210,Shane,Harris,1955-08-20,1 Richard Trail,Flat 91,New Jake,B14 8BG,humphreysleah@example.net,01632960196,Mutual Rewards,2026-10-06,0
1211,Amy,Atkins,1969-03-14,"Flat 31, Sian Ports",,New Carlland,DN3N 8HE,oschofield@example.com,+44(0)909 879 0670,Standard,2023-07-23,0
1212,Bethan,Scott,1960-04-01,"Flat 0, Hollie Plaza",,New Geoffreyhaven,GY05 1JH,danielmiller@example.org,+44(0)118 496 0495,Standard,2024-08-28,1
1213,Matthew,Hayward,1960-08-20,87 Ward Views,,Priceberg,SO7 3DR,terencebyrne@example.org,029 2018781,Standard,2021-10-16,0
1214,Naomi,Page,2005-01-26,70 Marion Ridge,,Taylorborough,S6 0AQ,sophie96@example.com,+4429 2018932,Mutual Rewards,2027-07-08,1
1215,Louis,Lloyd,1998-07-02,"Flat 0, Griffiths Springs",,Zoetown,W1 0XS,frederickclayton@example.com,+44117 4960065,Standard,2025-07-19,1
1216,Abigail,Harris,1941-11-16,237 Foster Avenue,,Birchhaven,NP2 8PL,guy13@example.net,(0306) 9990196,Mutual Rewards,2027-08-26,1
1217,Peter,Robson,1956-08-27,"Studio 23, Hughes Points",Flat 87,South Lynne,DG2H 0LJ,xsmith@example.net,+44121 4960664,Standard,2025-05-27,1
1218,Sharon,Hicks,1948-09-03,"Flat 6, Abigail Trafficway",,East Ianfurt,E75 2YT,hmatthews@example.com,+44131 4960840,Standard,2025-05-13,1
1219,Timothy,Griffiths,2007-05-27,"Flat 15C, Paige Creek",,Allanfurt,E6 1EN,mbell@example.com,+44114 4960189,mutual rewards,2022-06-01,1
1220,Tracey,Morris,1940-12-27,55 Lamb Keys,Flat 26G,South Kathleen,WD3 7DL,ryansian@example.com,(028)9018545,Standard,2025-10-27,0
1221,Owen,Davies,1973-12-01,"Flat 0, Thomas Vista",,North Gracechester,CR2R 3WR,,0808 157 0974,Standard,2026-11-05,0
1222,Malcolm,Marshall,1960-12-06,"Studio 36Z, Eleanor Land",,New Victormouth,L4 9YD,xrichardson@example.org,+44191 4960113,Standard,2024-07-03,1
1223,Hazel,James,1986-11-27,4 Moore Field,,Cartwrightton,S2 9PY,carolyn14@example.org,+442074960544,Standard,2026-03-20,1
1224,Charlotte,Rowe,1984-05-12,"Flat 21V, Gray Square",,Tracyberg,HR28 0ES,brookskatie@example.org,+44(0)118 496 0479,Standard,2026-08-20,1
1225,Glen,Harrison,1980-02-29,"Studio 23, Davies Via",,Ellisside,G64 1BB,williamsnatalie@example.net,01154960294,Standard,2026-05-31,0
1226,Abbie,Haynes,1957-04-21,"Flat 3, Mathew Well",,Yvonneport,M2 5QF,ruthdobson@example.org,(029) 2018875,Standard,2024-06-13,1
1227,Katy,Hughes,1995-06-17,302 Young Lane,,Kimmouth,LN1B 8XF,leejade@example.org,(029) 2018894,Standard,2021-08-15,1
1228,Paul,Jones,1948-05-16,6 Keith Hills,Studio 4,Margaretland,L0 5NG,wendy38@example.net,(0909) 879 0523,Mutual Rewards,2025-03-25,0
1229,Aimee,Jones,2008-03-04,"Studio 77, William Mountains",Studio 81,West Norman,N12 8AX,rogerstevenson@example.net,(020)74960096,Mutual Rewards,2026-08-31,0
1230,Carol,Ali,1993-04-19,8 Evans Stravenue,,New Robin,N7B 4RW,raymondread@example.org,+448081570037,Standard,2021-01-30,1
1231,Jenna,Gray,1981-05-30,03 Reynolds Circle,,Bellchester,L2A 0YW,abdulpollard@example.net,(0116) 496 0674,Standard,2025-08-08,0
1232,Chloe,Taylor,1992-11-08,650 Roberts Spring,,Mauricefurt,LA2 7RQ,craig98@example.org,+441614960179,Standard,2023-04-24,0
1233,Dawn,Jones,1954-05-13,"Flat 0, Mohammad Isle",,Port Kieran,G6 6ZJ,brennanjanet@example.net,(0118)4960525,Standard,2024-10-09,0
1234,Francis,Smith,1983-01-09,40 Wilson Corners,,Lewisberg,CV4R 7QE,glennwalters@example.org,(0161) 496 0990,Mutual Rewards,2021-07-12,1
1235,Sarah,Gray,2006-10-11,69 Gordon Dale,Studio 6,East Garry,G85 2WJ,ydavidson@example.org,+44161 4960225,Standard,2027-05-23,1
1236,Rosemary,Martin,2000-10-30,3 West Street,,North Paigeshire,CT3 0HT,phillipskarl@example.org,+44(0)9098790318,Standard,2027-11-24,0
1237,Katherine,Kelly,1995-08-01,"Flat 61i, Berry Plaza",,West Gillianbury,CB98 1US,phenderson@example.net,01414960455,Mutual Rewards,2023-08-13,1
1238,Josh,Wood,1993-07-23,5 King Plains,,South Jasmine,CW6M 5HF,mryan@example.com,0191 4960859,Standard,2022-09-27,0
1239,Marcus,Wood,2006-02-28,839 Ross Rapids,,Osbornemouth,SK8H 1QA,rogergreen@example.net,+44(0)1314960965,Standard,2027-10-15,0
1240,Linda,Marsh,1942-08-26,5 Hannah Mews,,Hawkinshaven,RH06 3NU,tjones@example.net,(020) 7496 0863,Standard,2022-03-19,1
1241,Yvonne,Jackson,1974-07-14,038 Gallagher Drive,Studio 6,East Timothy,HU9 3TN,mariondavies@example.com,+44(0)117 4960994,Mutual Rewards,2026-03-27,1
1242,Tom,Bell,2008-03-10,"Flat 3, Potter Summit",Flat 65B,Joeland,BN87 0BF,brownjacob@example.net,08081570736,Standard,2026-09-18,1
1243,Nicola,Quinn,1994-07-05,67 Geraldine Views,Flat 23,Leannemouth,OL3 6RA,jacksonjoshua@example.net,01134960488,Standard,2024-08-31,1
1244,Hannah,Peters,1961-01-05,732 Gordon Throughway,Studio 8,Lake Pauline,N9F 1US,greenwoodamber@example.net,,Standard,2021-03-14,0
1245,June,Chapman,1992-03-15,45 Stephen Heights,Flat 73T,Samanthachester,M4H 3XT,reidvictor@example.org,+441614960905,Standard,2024-04-23,0
1246,Amanda,Ward,1983-05-25,378 Cox Mills,,New Debraside,L7E 4QB,nbuckley@example.org,+441614960062,Standard,2027-05-10,1
1247,Brandon,Tomlinson,1942-01-15,8 White Unions,,West Ross,TF3 4WR,edward12@example.org,+4429 2018560,Standard,2023-01-01,0
1248,Leanne,Price,1953-03-06,803 Taylor Manor,,Margaretchester,M9 3UR,chloe47@example.com,+441632960911,Standard,2024-08-16,0
1249,Jonathan,Skinner,1974-07-10,03 Harrison Keys,,Ellisland,OL0A 1PW,robinbrennan@example.org,0909 879 0866,Standard,2021-01-04,1
1250,Oliver,Bradley,1948-06-21,"Flat 00k, Thornton Orchard",,Port Maureen,E0 2NQ,igreen@example.org,+44(0)1314960806,Standard,2027-05-12,1
1251,Hilary,Mann,1963-08-24,"Studio 99, Karl Locks",Studio 50w,Trevorshire,L9 8TD,fjames@example.org,(0161) 496 0080,Standard,2026-06-18,1
1252,Graeme,Morrison,1985-08-11,328 Brown Squares,,New Maryland,L32 3LY,ben20@example.net,+44909 8790400,Standard,2022-10-25,1
1253,Lesley,Wong,1960-10-25,75 Cooper Stravenue,,Smithtown,JE11 6FB,darrenturner@example.net,+448081570516,Standard,2023-09-15,0
1254,Abigail,Davies,1944-07-08,1 Parker Row,,New Jonathanville,SS2X 9ZJ,darrenclayton@example.com,(020)74960879,Standard,2027-02-17,0
1255,Barry,Howard,1941-05-24,1 Sharp Junctions,,Duffyhaven,PL1A 1YR,morgansarah@example.org,,Mutual Rewards,2023-12-05,1
1256,Ben,Archer,1990-02-25,3 Bailey Crossing,,Thorntonville,WV8A 4SB,marshalldawn@example.org,(0118)4960083,Standard,2023-04-29,1
1257,Diane,Moore,1978-05-12,"Flat 95b, Brown Springs",,Donnaton,UB27 5RS,lydiarichards@example.net,+44(0)808 157 0590,Standard,2025-02-22,0
1258,Garry,Dale,1995-12-22,"Flat 4, Rosie River",,West Jasminestad,69,judithrobinson@example.com,+44115 4960746,Standard,2025-05-31,0
1259,Stanley,Jackson,1996-02-03,6 Tina Valley,Studio 6,North Janetfurt,S60 4ZW,mathewmann@example.com,+449098790896,Mutual Rewards,2025-02-09,0
1260,Naomi,Thomas,1953-10-29,"Flat 62F, Perry Hill",,East Philipstad,CO31 5FL,reececook@example.com,+44808 1570600,Standard,2025-06-07,1
1261,Danny,Morris,1978-02-17,"Studio 61, Gardner Lake",,West Kierantown,HX3N 1HE,christine60@example.com,028 9018 0934,Standard,2026-08-25,1
1262,Kieran,Smith,1945-05-28,109 Sean Wells,Studio 44,Lake Raymond,SN1 0XU,arthurgarner@example.org,+4429 2018 0779,Standard,2027-06-26,1
1263,Paige,Hayes,1947-08-15,"Flat 2, Geoffrey Meadow",Studio 23,East Abigailshire,ZE8B 0BY,thayes@example.org,+441414960578,Standard,2027-07-28,0
1264,Amber,Mitchell,1963-09-11,"Flat 55, Price Haven",,Scottchester,M88 3UF,graeme42@example.org,+4428 9018535,Standard,2021-12-29,0
1265,Joseph,Sutton,1950-08-26,050 Tony Junction,,Bernardside,NG2V 2AL,bfrost@example.com,0141 496 0082,Standard,2025-08-06,0
1266,Janice,Morgan,1950-12-17,"Flat 87f, William Road",,Sinclairland,WC3Y 8QZ,timothyhyde@example.net,+44(0)115 4960621,Standard,2026-08-03,1
1267,Abbie,Hancock,1958-09-18,"Studio 14Y, Lloyd Roads",Flat 0,Reevesport,CT9 4QT,mathew33@example.org,+442074960971,Standard,2027-11-24,1
1268,Adrian,Richardson,1950-01-21,"Flat 33, Thornton Mission",Flat 96,Daytown,L4 4NZ,thargreaves@example.net,+44(0)292018586,Mutual Rewards,2026-05-02,1
1269,Brian,Hunter,1976-01-20,86 Carolyn Valleys,,North Claire,G7K 3TS,katherineclarke@example.com,(020)74960033,Standard,2022-01-01,1
1270,Shaun,Thompson,1969-10-05,548 Jennifer Bridge,Flat 73R,West Judithborough,NW74 7UL,nichollsross@example.com,01414960656,MUTUAL REWARDS,2021-02-08,1
1271,Paul,Davies,1992-06-07,"Studio 2, Georgina Walk",,North Jeremy,RM8E 9HW,itaylor@example.org,(0161) 496 0847,Mutual Rewards,2022-02-20,1
1272,Rachel,Smith,1940-11-15,330 Atkinson Lake,,Pearceton,JE60 8QJ,claytonhoward@example.net,+44118 4960358,Standard,2027-11-26,1
1273,Martyn,Whitehead,1959-12-10,8 Robinson Union,,Parsonsberg,DE1 6JT,joneslindsey@example.org,+44121 496 0836,Standard,2023-02-24,1
1274,Kayleigh,Giles,1975-09-25,6 Jackson Lake,,Marionview,E93 9HE,michelleoconnor@example.net,(0141) 4960597,Mutual Rewards,2022-07-05,1
1275,Wendy,Matthews,1942-11-30,"Studio 77, Owen Fords",,Yvonnechester,L4 7LZ,jacksongerald@example.net,+44113 496 0884,Mutual Rewards,2022-07-11,1
1276,Ann,Fitzgerald,1985-04-03,3 Josephine Valleys,,Bakerville,WN0 1DD,kathrynwhitehouse@example.com,01914960044,Mutual Rewards,2022-07-24,1
1277,Joe,Ali,1954-09-28,"Studio 9, Keith Green",Studio 90,North Judithfurt,95,cclayton@example.net,(029) 2018610,Standard,2027-10-25,1
1278,Jeremy,Carter,1980-07-22,"Flat 64, Frances Extensions",,West Natashafurt,W2E 9UE,linda79@example.org,(0116) 4960770,Mutual Rewards,2022-01-04,0
1279,Connor,Davies,1947-11-20,"Studio 91D, Martin Valley",Flat 60,Buckleychester,S1A 9UH,donna67@example.net,(0121) 496 0336,Standard,2023-05-01,1
1280,Abdul,Young,1986-09-12,6 Kieran Overpass,,Bryantchester,PH6 5WT,qcooper@example.net,+4428 9018 0471,Standard,2023-12-20,1
1281,Owen,Gray,1998-05-05,74 Miah Stravenue,,West Peter,EC7 2ZA,josephine89@example.com,+441214960394,Standard,2023-10-31,1
1282,Richard,Smith,1986-10-07,"Flat 80X, Whittaker Landing",,New Robin,N69 2ZE,janefoster@example.com,+44(0)1632 960 804,Standard,2027-11-27,1
1283,Matthew,Jones,1978-02-13,"Flat 04, Jay Alley",,Lloydview,N1 2SQ,,0191 498 0387,Mutual Rewards,2026-05-17,1
1284,Kimberley,Williams,1971-05-27,67 Miah Grove,,Taylorton,L27 9ZU,nathan59@example.org,+443069990094,Standard,2027-12-17,0
1285,Brian,Manning,1973-03-15,2 Williams Orchard,,Lake Jodiemouth,S4 9TU,mhowell@example.org,(0909) 8790061,Mutual Rewards,2023-03-30,1
1286,Tony,Stevens,1958-05-06,"Studio 5, Cole Mountains",,Port Maurice,N2 0GT,wooddebra@example.com,0131 4960670,Standard,2025-02-03,1
1287,Graham,Woods,1972-08-24,9 Shane Stravenue,,Prestonborough,E2D 7LQ,ellie13@example.org,+44161 4960687,Standard,2021-01-28,1
1288,Albert,Bell,1955-02-01,91 Teresa Unions,Studio 5,North Rachelview,W0 8HX,chloe84@example.net,01174960034,Standard,2025-05-27,1
1289,Bruce,Hall,1956-08-18,"Flat 40s, Bibi Neck",,New Kevin,B3B 8WJ,qroberts@example.org,+44(0)1632 960 167,Standard,2027-05-02,1
1290,Maureen,Rose,1958-11-20,"Flat 40J, Turner Radial",,North Marc,B75 0PF,xbibi@example.org,+44115 4960523,Standard,2026-07-10,1
1291,Ian,Sutton,1983-03-11,"Studio 3, Michael Rapid",Flat 35,Parsonstown,B79 5LB,jillhall@example.org,+44113 496 0129,Mutual Rewards,2024-01-16,1
1292,Robin,Green,1978-05-26,"Flat 0, Clarke Common",,Lake Ian,WF6V 0NW,gillryan@example.net,0118 496 0054,Standard,2025-07-07,1
1293,Gerard,Walters,1949-07-27,577 Young Radial,Studio 24,Kimmouth,E51 7FH,amandabegum@example.org,+4420 7496 0518,Standard,2023-12-03,1
1294,Jeffrey,Taylor,1974-11-23,"Studio 76X, Tom Junction",Studio 03,New Harryshire,SS95 4WT,zwebb@example.com,(0113) 496 0488,STANDARD,2023-05-26,0
1295,Fiona,Cox,1971-02-04,"Studio 08K, Abbie Glens",,Janeport,L5 7SZ,denis59@example.net,,Standard,2027-10-22,0
1296,Rhys,Chan,1993-06-28,"Studio 81, Kathleen Throughway",Studio 22C,Russellport,TD77 4QY,laurenabbott@example.net,+44115 496 0238,Standard,2024-10-21,1
1297,Sean,Barton,1965-06-16,97 Andrew Park,,Lake Glenmouth,PH4 9ST,kenneth66@example.org,01174960956,Mutual Rewards,2026-08-10,0
1298,Wendy,Hardy,1946-04-29,"Flat 93v, Leslie Trail",,Crawfordview,B6E 2FU,josephinejones@example.com,01174960145,Standard,2021-12-18,1
1299,Annette,Johnson,2004-06-07,"Flat 7, William Junction",Flat 55J,Port Gregory,HU9 5SG,douglasnicole@example.net,+44117 496 0357,Standard,2026-12-13,1
1300,Elizabeth,Carroll,1987-11-05,950 Scott Summit,,North Stephaniechester,BL4H 7DQ,gail78@example.com,(0306) 9990219,Standard,2024-11-20,1
1301,Carole,Barnes,1971-02-11,"Studio 60, Brian Skyway",Studio 60H,Leahtown,B5 8HZ,greenlauren@example.org,+441164960026,Standard,2023-06-05,1
1302,Anthony,Rhodes,1942-12-12,339 Smith Radial,,East Paulbury,EH4,skinnerchristian@example.net,(0306) 9990664,Mutual Rewards,2025-02-02,0
1303,Ricky,Bray,1959-12-24,"Flat 40q, Brooks Fields",,Port Olivia,S6D 9PW,richardsongeorgina@example.com,(0151)4960449,Mutual Rewards,2025-10-26,0
1304,Leslie,Kemp,1969-05-13,"Studio 14q, Sharp Forge",Studio 95,North Toby,TS6 4FH,mark26@example.net,03069990089,standard,2027-11-07,1
1305,Nicola,Phillips,2006-11-22,"Studio 6, Adrian Shore",,Port Bradley,G3S 4RX,dkhan@example.org,+44(0)1514960337,Mutual Rewards,2027-01-06,0
1306,Nicole,Griffin,1973-11-15,13 Hughes Hollow,,Oliviahaven,B45 9RP,,(029) 2018765,Standard,2027-10-26,0
1307,Kelly,Kerr,1977-04-15,5 Rice Street,,South Kim,LS6M 9LH,kchadwick@example.com,+44(0)113 496 0561,Standard,2023-03-05,1
1308,Tracy,Evans,1973-11-16,"Flat 20d, Hayes Spur",Studio 67,Carolineville,CR0 5DY,bradshawdebra@example.com,(029) 2018 0056,Mutual Rewards,2024-03-08,0
1309,Teresa,Spencer,1982-04-29,85 Paige Corners,Studio 43l,Lake Lynne,W6G 2UY,marshscott@example.org,(0117) 4960810,Mutual Rewards,2024-06-03,0
1310,Simon,Wall,1999-05-11,700 Hayes Rapids,,New Vincentstad,ZE49 5ZZ,shepherdwayne@example.com,(0113) 4960259,Standard,2026-04-12,1
1311,Anne,Green,2006-10-24,35 Samuel Inlet,,Lake Pamelafort,YO5B 0SD,wrightcarl@example.org,(0115) 496 0689,Standard,2024-11-17,0
1312,Gerard,Cook,1950-08-31,14 Smith Village,Flat 04,North Kathryn,W43 2SS,cparsons@example.org,+441174960361,Standard,2024-07-09,1
1313,Susan,Cook,1970-04-13,24 Rose Junction,,South Caroline,B36 0FT,nathan00@example.com,+44(0)1632960687,Standard,2021-05-10,1
1314,Rachel,Jackson,1984-12-16,"Studio 1, Antony Corner",Studio 81y,Taylorborough,L53 3AQ,melanie49@example.net,+44(0)121 496 0165,Standard,2025-01-09,0
1315,William,Wheeler,1996-01-06,"Flat 21, Ryan Drive",,Edwardfurt,EX6Y 5EY,sandersjoshua@example.com,(0114)4960154,Standard,2025-08-19,0
1316,Leanne,Rhodes,1969-03-16,"Flat 0, Karl Haven",,Russellbury,S33 5UQ,gordon70@example.org,(020) 7496 0841,Mutual Rewards,2024-06-14,1
1317,Marcus,Barnes,1984-02-02,"Flat 2, Bethany Branch",,Chloeton,G5 8JH,pgreen@example.net,+44(0)1314960681,Standard,2024-11-11,0
1318,Gemma,Butler,1955-04-15,"Flat 5, Valerie Streets",Flat 93,Port Ritaland,N5 6ZX,louisedwards@example.org,(0161) 4960936,Standard,2023-06-13,1
1319,Carly,Knight,1968-01-09,"Studio 40y, Campbell Unions",,Owenberg,HP9H 7AU,ataylor@example.net,+44118 496 0620,Mutual Rewards,2024-12-28,1
1320,Shannon,Shaw,1990-12-31,"Studio 2, Barbara Creek",,South Richard,S11 8AE,,+44113 496 0936,Mutual Rewards,2021-01-11,1
1321,Kate,Brooks,1967-01-21,"Studio 08, Hilary Mountain",,North Dominicberg,SM62 5WT,fwest@example.org,+44(0)114 496 0497,Standard,2022-02-21,1
1322,Amelia,Cooper,1995-07-13,1 Pugh Shoal,Studio 96t,Dayfort,DH59 6YE,kieransims@example.org,(0117) 4960563,Standard,2027-03-16,1
1323,Shirley,McDonald,1958-09-11,"Flat 89l, Thomas Park",,Kennethchester,SW48 7HQ,waltonnathan@example.com,+441632 960 748,Standard,2024-10-27,0
1324,Lawrence,Morley,1972-11-23,99 Waters Inlet,,New Damian,IP9 1GQ,alangray@example.net,(0117) 496 0064,STANDARD,2024-08-15,0
1325,Ruth,Whitehead,1956-06-13,71 Shirley Manor,,East Lauren,B31 8UX,simonpotter@example.com,(0191) 496 0287,Standard,2024-03-07,1
1326,Dale,Smith,1974-11-13,"Flat 62, Barry Rapid",,Georginafort,LS8 1GX,sophiewright@example.net,+4420 7496 0345,Standard,2022-01-15,1
1327,Alison,Wilson,1968-02-24,2 Jake Mill,,Dennismouth,L9 7QB,victor77@example.net,(0161) 496 0917,Standard,2023-07-24,1
1328,Dennis,Ford,1975-04-17,434 Martin Gateway,,North Holliemouth,HU09 7GB,katherine03@example.com,+4420 74960575,Mutual Rewards,2024-07-21,0
1329,Christian,Young,1941-08-03,"Flat 39, Jane Plain",,Ballmouth,N5 6YL,rosemarygraham@example.com,+441184960101,Standard,2021-02-18,1
1330,Clifford,Lane,1946-04-10,"Studio 97q, Damien Harbors",,North David,E8 9ZE,deancarter@example.net,,Standard,2025-12-27,1
1331,Duncan,Charlton,1943-07-20,"Flat 84, Oliver Corners",,Dawnton,M75 0DS,joyce26@example.org,(0121)4960554,Mutual Rewards,2024-07-17,1
1332,Ben,Harper,1949-01-12,3 Ellis Underpass,,Johnsonburgh,L94 7DT,dorothyharris@example.com,01414960609,Standard,2023-11-24,0
1333,Garry,Jones,1953-08-20,060 Alexandra Pine,,North Angelashire,CF6 5FD,julia12@example.org,+44116 4960241,Standard,2025-02-23,1
1334,Declan,Matthews,1979-10-29,"Studio 09, Williams Shores",,New Albertview,L3 6RQ,davidsonmaurice@example.net,,Standard,2027-10-22,1
1335,Joseph,Mills,1989-05-17,"Studio 58h, Willis Courts",,Elaineside,B52 9GG,bradleyconnor@example.net,+4429 2018142,Standard,2025-11-08,1
1336,Carole,Walker,1964-07-23,"Studio 14, Glen Avenue",,East Sallystad,SO6W 9EN,,09098790265,Standard,2022-04-23,1
1337,Christopher,Howe,1981-02-23,017 Ball Drive,Flat 9,Ritaport,PR88 6QZ,paige18@example.org,+44(0)151 4960291,Standard,2023-02-08,0
1338,Irene,Cooper,1982-02-10,"Studio 16, Andrews Square",Studio 91u,Port Kieran,CH8X 1EH,westonashley@example.org,01154960568,Mutual Rewards,2027-07-13,1
1339,Ronald,Shah,1943-11-10,28 McDonald Bridge,,East Tony,DD67 3GA,terrysmith@example.com,(0116) 4960386,Standard,2024-10-02,1
1340,Simon,Bradley,1968-01-27,"Studio 0, Griffin River",Studio 39W,Dawsonchester,IV7M 8UU,keiththomas@example.net,01314960240,Mutual Rewards,2021-03-05,0
1341,Cameron,Lee,2008-02-04,10 Morgan Drive,,Bethanyberg,FY2 5ND,qmorris@example.net,+4420 74960392,Mutual Rewards,2025-02-17,1
1342,Tracy,Mitchell,1970-05-01,852 Suzanne Shoals,,Port Lynnburgh,L6S 2TX,elewis@example.net,+44(0)113 4960423,Mutual Rewards,2023-12-31,1
1343,Caroline,Griffin,1967-08-04,8 Whitehead Cliffs,Flat 6,Lake Jonathan,DG5H 7BQ,sharpabbie@example.org,+44161 496 0750,Standard,2027-02-25,1
1344,Nicole,Fisher,2000-10-17,"Studio 49, Chapman Key",,Owenschester,KT2B 8AP,liam94@example.net,+44(0)1184960542,Standard,2022-05-22,0
1345,Lauren,Jackson,1942-06-17,"Flat 3, Lindsey Bypass",,Mollyland,GY1 3QE,paynevictoria@example.com,+44121 4960513,Standard,2027-11-12,0
1346,Anne,Wilson,1969-02-01,"Studio 90v, Tony Circles",,Smithberg,L42 7WT,turnerjoe@example.net,+441164960381,Standard,2022-03-11,0
1347,Georgia,Francis,2004-06-05,993 Curtis Inlet,,Coxmouth,E12 5YS,jeanball@example.org,+44114 496 0149,Standard,2022-10-02,1
1348,Shane,Scott,1997-01-17,8 Wade Garden,,Port Annmouth,M0A 8EW,smithhelen@example.com,+441914960510,standard,2021-05-19,1
1349,Callum,Townsend,2008-03-10,14 Paige Corners,,Thomashaven,KW1 8UX,ohart@example.org,+44(0)1164960149,Standard,2026-02-28,0
1350,Marion,Jones,1995-12-19,2 Leonard Field,,Rosiefort,DN3 4FE,aligary@example.org,08081570046,Standard,2021-01-07,0
1351,Gary,Brown,1998-07-02,"Flat 3, Damian Junction",,Brettmouth,M2A 2FJ,mary72@example.net,+44(0)114 496 0761,Standard,2027-01-18,1
1352,Zoe,Roberts,1948-09-23,"Studio 87F, Jones Mill",,Philipborough,W7S 2HZ,ashtonmarion@example.org,028 9018720,Standard,2023-05-13,1
1353,Kathleen,Jones,1989-10-29,51 Newton Streets,,Murrayland,ST7Y 4EX,morleyrosemary@example.net,+44141 4960403,Mutual Rewards,2026-05-01,0
1354,Ashleigh,James,2007-06-05,"Studio 5, Bibi Port",,Port Sheilamouth,S20 4NZ,damianjackson@example.com,+441144960954,Mutual Rewards,2021-04-07,0
1355,Victoria,Wilson,1983-10-06,"Studio 7, Bradley Center",,Robsonland,DH7 2BQ,jill55@example.org,,Standard,2026-09-25,0
1356,Stanley,Phillips,1972-09-24,89 Murphy Square,,Lake Barry,B0 2AL,hiltonmarian@example.com,+44161 496 0112,Standard,2023-07-06,0
1357,Sophie,Whitehouse,1949-09-26,"Flat 78S, Leonard Court",Flat 4,Hansonland,S4E 6FN,jean04@example.net,+441914960671,Standard,2021-12-24,0
1358,Andrew,Robinson,1992-07-03,"Studio 0, Norman Estate",Flat 70S,Katyport,B73 4RS,qmoss@example.net,(0808) 157 0030,Mutual Rewards,2023-03-22,1
1359,Julian,Lewis,1952-11-20,79 Elliot Lodge,,West Jade,M8 1HB,lewisgerard@example.org,+44(0)115 4960314,Standard,2024-01-16,1
1360,Charlene,Lamb,1984-06-11,"Flat 8, Mohammed Mountain",,Marilynland,BN03 3TL,deannixon@example.com,08081570740,Mutual Rewards,2027-11-30,1
1361,Charlene,Butcher,1940-12-08,"Flat 51, Russell Crossing",Flat 5,Raymondland,B2 6AU,smithjoanne@example.net,(020)74960300,Standard,2024-01-25,1
1362,Scott,Noble,1986-10-01,"Flat 26Y, Lambert Gardens",,Marcside,SG2 6EE,rgriffiths@example.com,(029) 2018 0999,Standard,2023-08-25,1
1363,Mathew,Hunter,1983-04-03,"Studio 18r, McLean Mill",Flat 82z,Lake Jemma,N0J 4ZY,ryan23@example.org,0117 4960585,Mutual Rewards,2026-01-17,0
1364,Bernard,Mason,1967-06-19,352 Tom Burgs,,Saundersfort,SG8B 3QL,wayne52@example.com,01632 960 777,Standard,2025-02-07,1
1365,Howard,Hussain,2000-07-19,"Studio 64, Joshua Inlet",,Birdton,S0 9XW,janetjordan@example.com,+441154960755,Standard,2027-10-29,1
1366,Gavin,Hughes,1958-06-09,546 Carole Courts,,North Daniel,BB7 5LQ,mandywilliams@example.org,0306 9990609,Standard,2026-03-25,1
1367,Ross,Dale,1957-06-27,"Studio 0, Moore Locks",,West Aimee,W4 1RB,waynehyde@example.net,+44808 1570394,Standard,2023-02-05,1
1368,Frances,Thomson,1992-11-27,"Flat 27J, Nash Gardens",,Greenfort,M9G 5NZ,sara57@example.net,+44(0)161 496 0127,Standard,2027-03-03,1
1369,Alex,Wood,1950-06-14,"Studio 42C, Debra Forks",Flat 24,East Allanborough,WN27 1TS,carolyn04@example.org,+44(0)1184960655,Standard,2021-11-05,0
1370,Jonathan,Humphries,1976-06-28,"Flat 81, Andrew Keys",,East Lindseyberg,G0H 5YQ,kerrystewart@example.org,(0151)4960677,Mutual Rewards,2027-10-05,1
1371,Abdul,Clayton,1942-07-12,43 Ruth Motorway,Flat 27,New Samantha,PA2B 1BA,jessicawinter@example.com,0306 9990214,Standard,2022-08-25,0
1372,Teresa,Johnson,1953-01-27,"Studio 65, Jean Cliff",Flat 57p,North Susanburgh,L1 3AY,lee79@example.org,+44(0)8081570377,Mutual Rewards,2022-12-09,1
1373,Stuart,Robinson,1966-01-25,"Flat 41, Weston Center",,Lake Hollie,SG59 8FS,savagedarren@example.com,01164960208,Mutual Rewards,2026-07-29,1
1374,Teresa,Jones,1979-10-26,8 Ward Gardens,,Shirleychester,G3 1PZ,,+44306 9990987,Standard,2023-12-26,1
1375,Geoffrey,Nicholls,1941-09-26,"Studio 03, Dominic Bridge",,Port Tracytown,M1H 0GL,maypeter@example.org,(0151)4960886,Mutual Rewards,2025-03-14,1
1376,Francesca,Stone,1978-02-21,"Flat 58v, Kate Junction",,West Albertton,PR7 3RS,sian62@example.com,+44(0)116 496 0865,Standard,2021-11-21,0
1377,Sheila,Walker,1952-01-08,"Studio 20t, Naomi Plaza",,Cherylmouth,M6 1UR,cheryl34@example.net,+44909 879 0394,Standard,2021-11-28,1
1378,Diane,Leonard,2005-04-29,"Studio 4, Angela Point",,Moorestad,N7E 1BR,jmurphy@example.com,01214960187,Mutual Rewards,2026-04-26,1
1379,Damian,Lambert,1976-02-23,"Studio 95, Sandra Mountains",,North Samview,L1G 5ZW,garryrobinson@example.com,+44191 4960047,Mutual Rewards,2021-01-09,1
1380,Iain,Thomas,1975-06-04,51 Patel Turnpike,Studio 26,Port Adam,G73 7EF,janet72@example.org,(0116) 496 0300,Mutual Rewards,2025-09-13,0
1381,Maurice,Murphy,1945-07-18,"Studio 15, Patrick Squares",,Jeremymouth,IM00 5UX,janelambert@example.org,+44(0)29 2018303,Standard,2023-04-15,1
1382,Liam,Perry,1996-09-26,653 Joan Passage,,Tracyside,PO9 7AU,pickeringpeter@example.com,+44(0)118 496 0614,Mutual Rewards,2027-09-12,1
1383,Shane,Smith,1965-01-15,"Flat 0, Hunter Common",,Chambersport,S87 6JW,fwilliams@example.com,01614960740,Standard,2027-04-16,0
1384,Victor,Smith,1970-11-13,"Studio 66, Judith Drive",,Sheilafort,BR4 7WQ,teresacollins@example.org,(01632)960988,Mutual Rewards,2024-12-31,1
1385,Kyle,Fletcher,1957-04-17,"Studio 92f, Barry Ford",Studio 39L,North Terry,B0H 3FA,abdul84@example.com,+44(0)1414960771,Standard,2024-02-03,1
1386,Dorothy,Phillips,1970-10-16,"Studio 66a, Saunders Plaza",,New Graham,S4 7RU,zmitchell@example.com,(0808)1570766,Standard,2024-05-30,1
1387,Tony,Jones,1973-08-12,"Flat 8, Harvey Parkway",,Jemmaberg,S4F 2DU,benjamin49@example.net,,Mutual Rewards,2025-07-28,0
1388,Maureen,Hughes,2007-03-19,887 Jade Lake,Flat 42k,South Martinside,SM0 9GZ,oleonard@example.net,01914960640,Mutual Rewards,2021-07-11,1
1389,Jessica,Roberts,1956-05-26,66 Fiona Camp,,East Nicholas,EH0 1XH,cameronperry@example.org,(0115) 496 0184,Standard,2026-09-09,1
1390,Michael,Matthews,1962-04-16,"Studio 85, Norris Island",,Aaronport,CV9 1PD,alex69@example.com,(0118) 4960578,Standard,2022-10-18,1
1391,Elliott,Ford,1966-09-02,"Studio 83, Edwards Corners",Studio 35w,Nolanchester,L89 8SL,halleleanor@example.org,+44(0)1214960601,Mutual Rewards,2026-02-08,1
1392,Jayne,Banks,1968-07-04,624 McDonald Inlet,,Burtonburgh,L6U 2SW,connor79@example.com,0117 496 0679,Standard,2027-03-09,1
1393,Lynda,Shah,1949-04-16,0 Abbie Viaduct,,Bradleyton,TN9N 0HX,iwalsh@example.org,+44306 999 0519,Mutual Rewards,2021-05-09,1
1394,Ashleigh,Robertson,1950-11-18,"Studio 62t, Fletcher Falls",,North Neil,HR66 3ZH,alan82@example.com,0117 496 0262,Standard,2023-10-01,0
1395,Cameron,Davies,1972-11-07,03 Carly Park,Flat 59W,Garyview,B24 3QB,awhite@example.net,+44(0)20 7496 0332,Standard,2025-05-21,0
1396,Alexander,Davis,1958-05-11,"Flat 2, Dixon Hollow",,North Peter,B7H 8GJ,rita32@example.com,0161 4960376,Standard,2024-01-07,1
1397,Glenn,Smith,1956-06-17,"Flat 7, Louise Knolls",,Maymouth,HA8 4TE,janetstevenson@example.org,01314960393,Standard,2027-10-18,0
1398,Melissa,Morris,1993-07-15,427 Bradley Cliff,,Darrenville,M33 6GU,leanne24@example.com,0161 4960339,Standard,2021-08-06,1
1399,Wayne,Gibbs,1986-05-22,7 Charlene Rapid,Flat 2,Wardbury,N5H 4GD,oliverellie@example.org,+44(0)116 496 0065,Mutual Rewards,2026-02-02,0
1400,Craig,Thomas,1959-02-02,"Flat 36q, Deborah Grove",,Tonyborough,S91 2GA,hallkieran@example.org,+44(0)9098790768,Mutual Rewards,2023-01-13,1
1401,Stanley,Fraser,1975-12-13,878 King Coves,Flat 9,East Sheila,DN0 0YB,kingphillip@example.net,+44(0)1154960586,Mutual Rewards,2026-06-29,1
1402,Alice,Begum,1995-11-25,"Flat 65J, O'Neill Expressway",Studio 47,East Gregoryview,RH33 4RQ,hdavis@example.com,+44808 157 0154,Standard,2027-05-15,0
1403,Victoria,Newman,2007-08-15,"Flat 7, Hughes Island",,Port Katherinestad,W6 5YQ,amills@example.org,+44(0)113 4960337,Standard,2027-05-01,1
1404,Guy,Dyer,1945-05-31,"Studio 48q, Craig Branch",,East Scott,CA4 5UY,joe72@example.org,(0161) 4960660,Mutual Rewards,2023-04-29,0
1405,Brian,Kirby,1951-09-04,"Flat 30l, Parker Club",,Port Holly,G98 1AZ,lindadawson@example.org,+44121 4960392,Standard,2022-06-01,0
1406,Lynda,Dawson,1993-03-14,4 Bartlett Point,,Richardmouth,SK95 9BX,npowell@example.net,029 2018 0476,Standard,2024-11-23,1
1407,Joyce,Johnson,1988-10-12,82 Stokes Meadows,,Patelport,NW3P 9NH,rlowe@example.net,+44131 4960085,Standard,2023-11-09,0
1408,Rosemary,Farrell,2000-02-27,"Flat 97, Gemma Light",Studio 23,West Lucy,TW2R 4SX,elainehunt@example.net,+4429 2018 0472,Mutual Rewards,2022-08-21,1
1409,Ellie,Davies,1995-11-27,"Studio 46A, Webb Knoll",Flat 4,Hopkinston,WR86 8XR,nhewitt@example.org,+44(0)118 496 0494,MUTUAL REWARDS,2021-03-01,0
1410,Duncan,Davies,1983-04-01,"Flat 8, Johnson Islands",,Robertsbury,GU4A 3EX,paigeday@example.com,(020) 74960347,Mutual Rewards,2024-07-31,1
1411,Fiona,Townsend,2004-12-09,377 Julia Ridge,Studio 01,East Matthew,S3 8QG,baileycarl@example.org,(020) 74960152,Standard,2022-11-03,1
1412,Liam,Murray,2000-11-21,31 Read Ramp,,North Mohammed,BH23 8ZS,hkay@example.org,(028) 9018 0590,Standard,2023-01-31,1
1413,Nigel,Adams,1968-08-02,"Studio 5, Cooke Square",,North Ameliatown,CF9X 7RP,clivesingh@example.com,(0191) 496 0343,Standard,2027-09-03,1
1414,Denise,Walker,1952-12-13,"Flat 5, Terry Haven",,Rogersville,W0 0FU,staceymorgan@example.org,0909 879 0400,Standard,2026-04-21,1
1415,Frank,Moss,1979-08-25,349 Antony Villages,,East Nathan,SG00 9HG,amelia18@example.org,+44(0)1154960527,Standard,2024-04-09,0
1416,Shaun,Evans,1994-03-25,1 Nathan Courts,Studio 7,Gregoryburgh,L2G 0ED,hwilliams@example.org,0808 1570678,Standard,2024-07-02,1
1417,Barry,Watson,1961-02-04,5 Brett Field,Studio 64,South Angela,B22 9YN,jonesdeclan@example.org,+44289018040,Mutual Rewards,2024-01-27,1
1418,Joe,Hamilton,1969-05-14,"Flat 0, Day Islands",,Paulhaven,MK5 8NS,owilliams@example.com,+44(0)161 496 0467,Standard,2026-03-11,0
1419,Abigail,Parker,1983-12-17,307 Sharpe Hill,Flat 5,West Toby,YO0B 2TG,chart@example.org,,Mutual Rewards,2027-03-03,1
1420,Ashley,Parry,1998-09-27,8 Callum Branch,Flat 11W,North Alex,BB6 6XA,,+44114 496 0990,Standard,2024-02-05,1
1421,Robert,Carpenter,1958-04-06,51 Frances Mountains,,Aliceland,CA7A 4XQ,gsullivan@example.net,+44141 4960312,Mutual Rewards,2027-09-07,1
1422,Conor,Burke,1996-11-08,"Studio 90t, Freeman Common",,New Sylvia,E9A 1LP,sknight@example.com,+44(0)151 4960761,Standard,2025-12-21,1
1423,Declan,Clarke,1985-07-11,"Studio 01E, Kirsty Drives",,South Maryport,BS7 0FF,,0292018380,STANDARD,2023-02-21,0
1424,Geraldine,Robinson,2002-09-13,78 Chloe Mount,,West Karl,CV0W 9GX,judith98@example.com,+443069990358,Standard,2025-03-30,0
1425,Clive,Stewart,1965-04-21,933 Harrison Spur,,East Bethview,L9 6HZ,jacqueline48@example.com,+441184960273,Standard,2025-12-25,1
1426,Nicole,Barnes,2000-04-25,"Studio 52T, Mandy Club",Studio 86,Stevensonberg,EH53 4AR,williamdavis@example.com,0151 496 0334,Standard,2027-08-19,1
1427,Darren,Clark,1941-04-08,5 Marshall Glens,,Edwardchester,S28 2HH,kelly04@example.com,+441184960551,Standard,2027-04-19,1
1428,Hilary,Hewitt,1987-03-11,42 Martin Cove,,Cookshire,GY9 7NG,mistrystacey@example.net,(0121) 4960246,Mutual Rewards,2023-01-09,1
1429,Leanne,Griffiths,1993-04-28,"Flat 2, Adrian Lodge",,Abigailburgh,SE6 2YZ,ccoleman@example.net,(0117) 4960539,Standard,2026-04-06,1
1430,Debra,Young,1959-04-07,"Studio 91x, Paul Circle",,Saundersville,IG1 4UY,,+44(0)116 496 0305,Standard,2024-12-17,1
1431,Nicole,Thompson,1949-12-29,"Studio 31b, Bradley Glen",,Robinsonbury,LS8X 2NH,scottheather@example.org,+441184960606,Mutual Rewards,2024-07-31,1
1432,Marie,McCarthy,1959-04-20,96 Katie Inlet,,Port Seanland,W9T 6PA,xhamilton@example.com,(0151) 4960159,Standard,2021-01-28,1
1433,Timothy,Dean,1979-01-31,02 Jonathan Mall,Flat 0,Leeburgh,DA89 8JF,bennettdarren@example.net,(0141) 4960149,Standard,2025-08-30,1
1434,Bryan,Dale,1959-01-04,96 Richards Via,,Loweview,B01 1LL,douglasgilbert@example.net,0161 4960372,Standard,2023-02-06,1
1435,Diana,Watts,1983-09-20,"Flat 5, Thompson Squares",,Juneview,HG76 7ZW,jennawilson@example.com,+441214960779,Standard,2024-12-28,1
1436,Katy,Perry,1958-06-18,76 Pauline Inlet,,North Laurashire,M81 0LJ,simpsonmaurice@example.com,+44(0)1632 960 028,Standard,2024-01-10,1
1437,Lynn,Donnelly,1983-05-04,"Studio 0, Kelly Inlet",,Walkerfurt,W5 2DB,knightcallum@example.com,+44116 496 0264,Standard,2026-07-30,0
1438,Mitchell,Austin,1958-11-12,4 Jackson Circle,,Lyndabury,JE5 5GL,paulinegriffin@example.net,+4420 74960507,standard,2027-02-24,1
1439,Helen,Woodward,1983-06-07,"Flat 73F, Moore Summit",,Deanmouth,G2 8NS,ojames@example.org,+44(0)114 496 0752,Mutual Rewards,2022-05-06,1
1440,Catherine,Wright,1940-10-16,496 Shaw Fords,,Hughesshire,B2A 8PL,williamsdarren@example.net,+44118 4960159,Mutual Rewards,2027-01-29,0
1441,Jake,Howarth,1968-02-26,"Flat 69, Jones Island",Flat 85,Lake Reecefort,SO35 9NS,webstertracy@example.net,,mutual rewards,2022-06-05,1
1442,Daniel,Dixon,1950-12-31,"Flat 06, Dennis Greens",,Wallishaven,W8H 7FW,naomipalmer@example.com,+44(0)20 74960338,Standard,2021-05-08,1
1443,Mitchell,Warner,1992-11-21,16 Duncan Flats,,North Leanne,GY4 8NJ,briley@example.org,0292018209,Standard,2022-09-11,1
1444,Nicholas,Wilson,1977-06-27,210 Elizabeth Oval,,Morleymouth,LE36 7RN,damien45@example.net,+44(0)909 8790034,Standard,2025-04-16,1
1445,Jamie,Osborne,1987-08-12,"Flat 51, Adam Dam",,Johnsonshire,IG3 0XZ,alexmarshall@example.org,+44(0)289018135,Standard,2026-10-10,0
1446,Brian,Kemp,1964-03-07,"Flat 07b, Nicola Glen",,South Ashleychester,S7 1PE,stewart87@example.com,(0116) 4960164,STANDARD,2025-10-14,0
1447,Duncan,Newman,1982-10-03,"Studio 27S, Smith Extensions",,Alexanderchester,N7C 2BG,rebeccaosullivan@example.org,+441514960712,Standard,2024-03-08,0
1448,Janice,Farrell,1955-06-05,"Studio 89, Marie Skyway",,Mandystad,S5 9LP,smoss@example.com,01514960452,Mutual Rewards,2023-01-11,1
1449,Fiona,Bailey,1987-07-27,"Flat 5, Leon Well",,Port Kerry,ME85 4UA,knightpauline@example.com,+44(0)20 7496 0501,Standard,2026-10-29,0
1450,Josh,Patel,1949-09-28,936 Wilkins Row,Flat 02G,North Hollieport,BS7R 7JL,pthomas@example.org,+44(0)141 496 0134,Standard,2021-02-09,1
1451,Holly,Fox,1982-12-26,164 Jones Ville,,South Leigh,RM2 2XR,gholmes@example.com,+44(0)1144960506,STANDARD,2024-04-30,1
1452,Maria,Hudson,1954-02-03,57 Hazel Islands,,Elizabethchester,S6 0YJ,pmcdonald@example.com,(0118) 4960605,Standard,2025-11-02,1
1453,Lauren,Sinclair,1950-09-22,"Flat 1, Gavin Radial",Flat 63l,West Christine,G5 9RD,jonathanwells@example.net,01632 960697,Standard,2027-04-16,0
1454,Graeme,Bevan,1995-04-18,"Studio 78, Carey Ports",Studio 96,North Alexandra,DT05 7BL,janettyler@example.org,+44(0)116 4960591,Standard,2024-08-03,1
1455,Tony,Browne,1964-10-15,2 White Radial,Studio 01F,Martinville,E9W 3TA,dorothy53@example.com,0113 4960622,standard,2022-08-22,1
1456,James,Ali,1993-07-23,"Studio 7, Jemma Street",,Abigailmouth,IV9 2ZW,gary04@example.org,+44(0)808 1570032,Mutual Rewards,2024-12-27,1
1457,Dennis,Brown,1979-05-09,82 Rogers Square,Studio 3,Scottbury,WC6 1XW,jamesarnold@example.net,0113 496 0695,Mutual Rewards,2025-04-20,1
1458,Dorothy,Robinson,1984-12-25,185 Francesca Shores,Flat 1,Lake Benhaven,W7 3RS,zleach@example.net,(01632) 960947,Standard,2022-06-29,0
1459,Kathleen,Ford,1983-04-11,6 Jackson Harbors,Flat 03m,Talbotburgh,W56,bradleyfrederick@example.org,+44(0)131 4960687,Mutual Rewards,2025-09-22,1
1460,Benjamin,Murphy,1979-06-02,6 Hayes Vista,,Joannaland,N2U 8WG,walkerliam@example.com,+44115 496 0497,Standard,2024-10-04,0
1461,Jean,Ali,1964-04-26,6 Michelle Walks,,Chloechester,CR8 2RE,sylvia49@example.net,(0808) 1570029,Standard,2023-08-06,0
1462,Chelsea,Davis,2000-10-05,"Flat 45, Jones Valleys",,Taylorland,WS3V 5PA,goddardcarole@example.org,+44(0)29 2018595,MUTUAL REWARDS,2027-02-16,1
1463,Tracey,Morris,1967-10-30,3 Schofield Throughway,,South Stephen,M1 7AS,xwhitehouse@example.com,(029) 2018 0360,Standard,2027-01-01,0
1464,Melanie,Hughes,1968-01-09,20 Matthew Walks,,Lake Allan,E1C 9ZS,bdavis@example.org,(0151)4960203,Standard,2026-07-03,0
1465,Louise,Wilson,1978-10-28,"Studio 36, Burton Alley",Studio 1,West Carolmouth,TS43 7UB,elliot67@example.org,+44(0)20 7496 0316,Standard,2023-02-20,0
1466,Jodie,Bailey,1957-01-04,"Flat 68P, Morris Garden",,Port Owenhaven,S8B 2PH,khanjoan@example.org,0151 496 0625,Standard,2023-04-26,1
1467,Olivia,Hobbs,1968-02-13,095 Stewart Bridge,,Port Billyfurt,N9 0BA,bellvanessa@example.org,+44(0)9098790073,Standard,2025-06-01,1
1468,Kathleen,Singh,1985-05-03,"Studio 7, Harriet Inlet",Studio 74p,Mitchellbury,B8K 1HE,,(020) 7496 0859,Standard,2024-03-20,1
1469,Jean,Townsend,1973-05-01,1 James Keys,Flat 28O,Abbieburgh,RG1 1YB,jayfoster@example.net,,Standard,2021-02-14,1
1470,Melissa,Harris,1963-07-05,"Flat 2, Armstrong Road",Studio 90,Port Bradley,W67 6BR,judithmellor@example.com,+44(0)808 1570134,Standard,2021-02-21,1
1471,Eileen,Kelly,1954-12-22,"Studio 38, Hussain Skyway",Studio 30H,New Dominicchester,G93 0GR,ksmith@example.org,0161 496 0154,Standard,2025-10-04,1
1472,Jason,Walton,1991-11-23,3 Martin Via,Studio 8,Georgemouth,JE77 9FX,joshuagardiner@example.org,(0116) 496 0875,Standard,2027-11-03,0
1473,Jennifer,Dixon,1961-01-27,"Studio 92, Josephine Villages",Flat 3,Brownmouth,NG71 4ZU,gemmaturnbull@example.com,(0114) 4960364,MUTUAL REWARDS,2025-11-26,0
1474,Elizabeth,Jones,1948-04-10,"Studio 51S, Saunders Mission",,Edwardstad,SR44 5FS,goddardmaria@example.com,01154960115,Standard,2027-04-06,1
1475,Ann,Jones,1978-08-27,8 Tucker Mount,,Hussainchester,BD50 8AZ,leannenewman@example.org,(0909) 8790934,Standard,2024-09-10,1
1476,Brandon,Campbell,1996-02-05,58 Barnett Road,,Leighfurt,L38 3NZ,ashley45@example.com,0114 4960515,Mutual Rewards,2023-11-14,1
1477,Pauline,Davis,1974-07-22,38 Ruth Flats,,West Sian,WR2R 6EW,tgriffin@example.net,+44(0)161 4960697,Standard,2027-04-06,0
1478,Tony,Jones,1979-10-04,7 Rhys Spur,Studio 54,Mooremouth,DE6V 9HE,antonywood@example.com,+44(0)1144960232,mutual rewards,2025-05-05,1
1479,Bethan,Savage,1967-10-22,"Flat 53, Taylor Court",,Henrymouth,FY1 5XW,grahamsmith@example.org,0114 4960356,Standard,2022-11-29,1
1480,Matthew,Martin,2001-05-11,267 Toby Shores,,Mollytown,LD9 5TE,gfinch@example.net,01632960621,Mutual Rewards,2022-08-28,1
1481,Sean,Marsh,1982-06-11,"Flat 8, Lord Plains",Studio 8,Emmaport,DL4R 0WX,rhysbrown@example.org,0909 8790587,Standard,2022-07-05,1
1482,Maria,Anderson,1950-10-15,"Studio 7, Lisa Fords",,South Reecebury,M6 1UG,jmorgan@example.net,(0306) 9990033,Standard,2026-12-18,1
1483,Carol,Webster,1950-04-08,474 Julia Course,Studio 3,Naomibury,BD3B 1RS,nicolawilliams@example.org,01914960455,Standard,2023-08-09,1
1484,Liam,Harris,1968-02-16,579 Wyatt Ports,,Keithville,AB8M 1BR,vmorris@example.net,+44(0)306 9990026,Mutual Rewards,2021-01-20,1
1485,Bryan,Fletcher,1966-11-11,174 Ryan Village,,Port Jessicaberg,FY1 6RU,stanley73@example.org,+44114 4960650,STANDARD,2022-07-07,1
1486,Jill,Robertson,1991-06-05,935 Cox Vista,Flat 7,Port Josephtown,LL2W 0GJ,scottruth@example.net,+44113 4960667,Standard,2021-10-20,1
1487,Howard,Henderson,1965-07-23,3 Dawn Track,,West Carolineshire,HU4 2YX,iainmitchell@example.net,+44(0)116 496 0202,Standard,2025-04-27,1
1488,Vanessa,Hutchinson,1982-01-06,20 Khan Vista,Studio 6,North Charleschester,S2F 5BU,barrywhite@example.net,(0114) 4960394,Standard,2023-01-12,0
1489,Alexander,Smith,1979-12-22,02 Smith Locks,Flat 38,New Lawrence,BL3 6QL,jodiejackson@example.com,(0116) 496 0858,Mutual Rewards,2021-03-01,1
1490,Karl,Wilson,1958-08-20,641 Randall Shoal,,Port Scott,B8F 5BL,vbenson@example.net,+44113 4960518,Standard,2022-01-25,1
1491,Phillip,Hall,2004-05-03,0 Pamela Glen,Flat 47K,New Kenneth,BS7B 4AA,carolynsmith@example.com,(0191) 496 0848,Standard,2024-05-15,1
1492,Hugh,Davies,1958-05-13,"Flat 74, Anderson Lodge",Studio 0,Kirkfurt,SS04 4EF,dohertypaige@example.org,0117 4960689,Standard,2022-10-17,1
1493,Donna,Dawson,1982-10-16,"Flat 89, Burgess Forge",Studio 35,South Jackberg,PL57 5FS,jmoore@example.org,+44117 4960163,Standard,2024-05-28,1
1494,Pauline,Norris,1943-02-07,"Flat 24P, Frederick Junction",Flat 76,Charleshaven,L03 3ZQ,ameliayoung@example.com,+44(0)113 4960885,Mutual Rewards,2022-08-08,1
1495,Jeremy,Foster,1969-09-07,"Flat 40, Graham Glens",,Leeport,HP47 7TB,joan90@example.net,+44(0)141 4960781,Standard,2026-02-17,0
1496,Dylan,Hargreaves,1976-05-05,"Flat 97C, Kathryn Lights",,Port Ryanborough,EN0N 3RX,prestonmaureen@example.net,(0113)4960417,Mutual Rewards,2023-09-02,1
1497,Anne,Johnson,1967-01-05,"Flat 07, Stuart Spur",,Adamsland,SR6W 6PW,afarrell@example.org,+44121 496 0110,Standard,2023-03-31,1
1498,Shannon,Taylor,1977-07-16,"Studio 67, Jacob Lights",,Lesleyburgh,E8C 2UX,francesca24@example.net,(029) 2018919,Standard,2024-06-10,0
1499,Richard,Dawson,1970-01-11,"Flat 5, Hawkins Fields",,Edwardston,TQ4H 6HE,laura96@example.com,(0113)4960716,Mutual Rewards,2027-05-24,1
1500,Brenda,Lee,1961-07-21,"Studio 14, Metcalfe Circle",Studio 40Y,Charltonton,L10 4BT,awalsh@example.net,+44(0)1632 960 228,Standard,2025-04-13,0
1501,Irene,Sutton,1982-06-23,"Flat 73, Smith Radial",,Allenberg,CH9 3SS,,(028)9018547,Standard,2027-03-27,0
1502,Claire,Buckley,1978-01-03,"Studio 37, Darren Villages",,Royshire,SN2N 6UT,,+44115 496 0853,standard,2027-01-30,1
1503,Joanne,Metcalfe,1989-05-03,43 Douglas Circle,Flat 56,North Billyville,E66 7QF,arussell@example.com,(0115) 4960279,Standard,2027-01-05,0
1504,Charlene,Jones,2002-09-16,"Studio 3, Bailey Well",Flat 27k,Lake Billyborough,E7T 7RF,jenniferhancock@example.net,(0131)4960431,Standard,2024-05-16,0
1505,Ruth,Robinson,1984-04-24,158 Turner Groves,,Clarkechester,M6 8GB,amandahoughton@example.com,+44(0)29 2018 0155,STANDARD,2021-04-12,0
1506,Cheryl,Bradley,1946-05-06,"Flat 3, Day Road",,Wilsonberg,B66 6RP,,0121 4960053,Mutual Rewards,2027-04-06,0
1507,Heather,Carpenter,1960-09-25,169 Quinn Fork,,New Tracy,W8 5XD,maureenhiggins@example.com,+44151 4960321,Standard,2022-11-26,0
1508,Gemma,Russell,1961-01-01,"Studio 86, Evans Village",,Aaronchester,N1 7AQ,jean05@example.org,(028) 9018 0508,Standard,2024-05-23,0
1509,Stacey,Hughes,1953-07-17,"Flat 12X, Glenn Spring",,Lynchmouth,S9C 3PS,howellseileen@example.org,0131 4960515,Standard,2021-09-29,0
1510,Pamela,Roberts,1987-08-01,"Studio 51L, Alice Wells",,Joanmouth,E27 4LP,kingsara@example.com,0151 496 0213,Standard,2023-04-16,0
1511,Helen,Miller,1991-05-08,"Flat 61u, Beth Unions",,Moranbury,G24 0WE,deandebra@example.net,(0115) 496 0297,Mutual Rewards,2021-08-13,1
1512,Amber,Doherty,2008-04-08,"Flat 8, Smith Trafficway",,Andreaville,S81 9JA,bishopjack@example.com,+44(0)1614960899,Mutual Rewards,2021-02-07,0
1513,Hugh,Davis,1960-11-21,140 Robin Haven,,West Joshuaside,CH0N 3PW,lbarker@example.net,+44(0)113 496 0213,Standard,2021-08-01,1
1514,Lewis,Ali,1995-04-27,"Studio 46, Ashley Roads",,East Gregorychester,WA64 8EF,anna83@example.com,+44306 999 0207,Mutual Rewards,2027-12-18,1
1515,Vincent,Johnson,1944-07-08,"Studio 59, Kyle Loaf",,Port Rosemaryberg,l34sq,kevin43@example.net,020 74960641,Mutual Rewards,2024-05-21,0
1516,Mathew,Parsons,1984-08-10,"Flat 95, Callum Trafficway",Flat 30,Turnerview,NR7P 1GS,lawrenceaimee@example.net,+44(0)131 496 0574,Standard,2023-09-24,1
1517,Paige,Frost,1993-01-16,583 Graeme Camp,,West Mathew,TW4E 8WQ,wrightstephen@example.com,028 9018 0656,Standard,2026-03-21,0
1518,Dominic,Williamson,1946-10-11,"Flat 76, Bradley Garden",,Powellland,W53 1XH,declan78@example.net,+44306 9990022,Standard,2025-05-16,1
1519,Jack,Nicholson,1958-11-27,"Studio 1, Emily Curve",,Lindatown,S94 7JQ,,0292018341,Standard,2026-06-20,1
1520,Lawrence,Booth,1960-08-09,3 Shane Street,,Port Debrachester,SW6R 6SU,pauline72@example.org,01632960110,Standard,2023-07-07,0
1521,David,Fisher,1995-12-31,"Flat 78, Lisa Brook",,Lake Janicemouth,SP79 3HN,aaronduncan@example.net,+44(0)117 496 0922,Standard,2023-03-31,1
1522,Scott,Evans,1951-05-13,"Studio 7, Caroline Motorway",,Lindamouth,HR0E 8WQ,colinspencer@example.com,01914960460,Standard,2022-12-08,1
1523,Gemma,Barrett,1999-12-05,687 Noble Tunnel,Flat 4,Fryshire,L5S 7UB,uallen@example.org,+4429 2018 0928,Standard,2023-11-24,1
1524,Cameron,Clarke,1992-08-28,5 Miles Walk,,Edwardsfort,M6T 7WD,astevens@example.net,+441144960395,Standard,2026-04-06,1
1525,Gregory,Porter,1989-07-13,"Studio 21, Yvonne Isle",Studio 72o,Harrietton,M7 7UY,rkhan@example.org,,Standard,2025-04-19,1
1526,Carole,Lamb,2003-03-17,"Flat 99F, Pearce Station",Studio 8,Port Barry,B8 0AE,antony86@example.net,+44(0)141 4960906,Standard,2022-07-21,1
1527,Stanley,Hopkins,1994-06-30,"Flat 95g, Taylor Trafficway",Flat 9,Williamstown,ML0A 5WU,abdulpope@example.org,(0161) 496 0496,Standard,2024-08-08,1
1528,Damien,Campbell,1953-08-20,483 Leigh Crescent,,Harveymouth,N12 4HJ,dale67@example.com,,Mutual Rewards,2026-09-30,0
1529,Lucy,Davies,1954-07-27,"Studio 3, Cooke Turnpike",Flat 65,Stanleyborough,BR0M 9DL,joneslesley@example.org,(028)9018280,Standard,2027-09-16,1
1530,Amy,Cunningham,1991-06-21,46 Shah Loop,Studio 74,Hayesland,CM24 5RS,adamlloyd@example.com,0306 9990369,Mutual Rewards,2024-02-29,1
1531,Gareth,Young,1947-07-29,"Studio 76, Martin Stream",,South Yvonneland,BN7E 9NT,uphillips@example.com,+44(0)1632960126,Standard,2021-10-01,0
1532,Elliot,John,1958-08-24,631 Noble Mill,,Lisaport,DT9 9PD,lisa63@example.org,,Standard,2021-07-11,1
1533,Naomi,North,1991-03-11,"Flat 10, Davies Loaf",,Williammouth,W0W 8ED,hilaryevans@example.org,+44909 8790739,Standard,2024-07-15,0
1534,Julie,Begum,1958-11-19,"Studio 29u, Williams Mountains",,West Rebeccaport,B7B 9ZR,rosegeraldine@example.net,+44(0)116 4960700,Mutual Rewards,2026-08-03,1
1535,Scott,Allen,1999-12-18,132 Bond Fields,,Sharpchester,G1 6XX,keith57@example.com,+44(0)114 496 0291,Mutual Rewards,2025-06-24,0
1536,Vincent,Lord,1980-04-11,"Flat 9, Roberts Terrace",,South Amandastad,NW9 2JQ,callum85@example.net,(0161)4960063,Standard,2021-01-18,0
1537,Dorothy,Hayes,1961-02-09,293 Susan Divide,,Hillfort,N3 9SN,ahewitt@example.net,0292018474,Standard,2024-07-05,0
1538,Martyn,Davies,1955-10-04,"Flat 7, Maria Gardens",,Port Markville,N0J 8UP,wcox@example.org,+44(0)1632960581,Standard,2026-07-15,1
1539,James,Newton,1955-07-28,0 Jones Overpass,,Howardfort,BT93 8XS,yoconnor@example.net,(0121) 496 0653,Standard,2022-11-13,0
1540,Donald,Hodgson,1965-03-25,"Studio 4, Simpson Flat",,Mellorberg,S28 9DQ,farrelldanielle@example.com,,Mutual Rewards,2022-10-05,1
1541,Georgina,Young,1990-12-24,"Flat 45, Brandon Expressway",,New Gregorytown,RH0 7FS,johnsonjemma@example.net,0151 4960291,Mutual Rewards,2023-04-18,0
1542,Owen,Wells,1974-03-31,"Studio 3, Patel Ports",,Kimberleyville,E7U 7JR,nhargreaves@example.com,+44(0)28 9018 0885,Mutual Rewards,2025-06-16,1
1543,Barbara,Forster,1984-03-04,"Studio 57h, Nathan Union",,Marcusview,PH6B 3YP,declanjones@example.com,01614960743,Mutual Rewards,2024-09-24,1
1544,Ruth,Fraser,1990-09-03,8 Lewis Mills,Flat 61Y,New Lynnehaven,HP57 2GZ,dawsonmatthew@example.org,+44(0)121 4960905,Standard,2023-06-10,0
1545,Bruce,Cox,1986-06-23,"Flat 65, Kirby Islands",,New Francisview,DE4 2UE,roymorrison@example.org,+44(0)909 8790065,Standard,2023-01-06,0
1546,Reece,Patel,1945-02-22,597 Begum View,Studio 80,Turnerburgh,G1K 0WU,umiller@example.net,0161 496 0882,Standard,2027-08-15,1
1547,Rita,Fitzgerald,1976-06-22,63 Joan Mountains,,Lloydhaven,EH6P 0YU,uheath@example.com,01134960044,Standard,2024-02-05,0
1548,Irene,Parker,1949-11-23,629 Joyce Common,,South Mollybury,DE2P 2TW,,(0116) 4960546,Mutual Rewards,2023-01-09,1
1549,Andrew,Ross,1994-12-20,"Studio 15B, O'Neill Mount",,Newtonshire,W2E 8DY,gdavies@example.net,+441614960407,Standard,2023-10-21,1
1550,Guy,Miller,1973-07-01,36 Hurst Neck,,South Zoe,N07 5DH,hansonelizabeth@example.com,+44(0)116 4960128,standard,2021-11-28,1
1551,Elliott,McCarthy,2001-08-13,702 Taylor Pike,Flat 37K,North Gerard,OX2M 3UE,bsmith@example.net,0117 4960908,Mutual Rewards,2024-03-01,0
1552,Melanie,Stevens,1973-11-16,"Studio 48, Diane Tunnel",,South Angelaburgh,S65 0RU,whyde@example.net,+44131 4960735,Standard,2023-06-22,1
1553,Oliver,Barker,1959-05-17,"Studio 77Q, Owen Bridge",,Simonburgh,SM8 0XP,debra72@example.org,(0131) 496 0784,Standard,2027-06-08,1
1554,Rebecca,Leonard,1993-07-03,8 Carl Heights,Flat 0,Grahamstad,W4 1RR,norristerence@example.com,(0306) 9990115,Standard,2026-05-28,1
1555,Claire,Johnson,2008-04-16,"Flat 3, Brown Harbor",,Adamsstad,B0 5XN,wellsandrea@example.net,+44(0)1154960270,Standard,2024-06-15,1
1556,Alexandra,Johnson,1955-08-31,649 Johnson Isle,,Brookshaven,L6 8HR,holly22@example.com,+441314960581,Mutual Rewards,2025-02-14,1
1557,Ian,Barry,1981-09-13,5 Bryan Well,,West Abdul,RH9X 6JZ,welchjoshua@example.com,+44131 4960398,Mutual Rewards,2021-02-26,0
1558,Abdul,Harrison,1982-02-14,"Studio 2, Webb Branch",Studio 96h,Bentleyshire,W3B 0YW,shahjane@example.net,+44(0)1914960130,Standard,2022-12-16,1
1559,Kayleigh,Kaur,1963-02-02,"Studio 12, Julie Center",Flat 6,Victorview,IP25 3EF,gerald61@example.org,(0151) 4960698,Mutual Rewards,2024-11-06,0
1560,Hannah,Thompson,1976-09-28,579 Jones Lakes,,New Darrenshire,MK9R 7JJ,reedolivia@example.org,0151 496 0042,Mutual Rewards,2024-04-03,1
1561,Jake,Pritchard,1951-01-26,"Studio 1, Ross Vista",Flat 41x,South Elliot,HS8 9SZ,laura41@example.net,(029) 2018913,Mutual Rewards,2027-03-19,1
1562,Gillian,Bevan,1941-10-31,"Studio 87, Kirk Rapids",,Port Lorraine,W39 5GN,alicedavies@example.org,01632 960 741,Standard,2023-08-25,1
1563,Amanda,Smith,1988-07-05,"Flat 2, Faulkner Field",,Karlport,N55 1XH,sharonpeters@example.org,,Standard,2022-10-08,1
1564,Eleanor,Smith,1953-04-10,551 Beverley Shores,,Abdulberg,HX2R 0QR,dennishenry@example.net,+449098790820,Standard,2024-09-24,1
1565,Charles,Jones,1986-03-28,33 Higgins Shore,,Lake Marian,W81 2SU,alisonsmith@example.org,+449098790627,Standard,2024-10-21,0
1566,Anne,Williams,2000-06-28,"Studio 58, Kimberley Roads",Flat 68C,Mitchellshire,CV9M 9ZH,lawsonwendy@example.com,+4428 9018726,Mutual Rewards,2024-06-24,0
1567,Leanne,Smith,1985-04-19,536 Bartlett Rue,,Port Christian,L1 1HE,apower@example.com,01184960403,Standard,2025-09-20,1
1568,Gail,Wilkinson,1958-06-21,1 James Shores,Studio 18b,South Sophieview,B2D 2XB,carrross@example.net,(0191) 496 0953,Standard,2021-08-12,1
1569,Jamie,Nixon,1949-04-28,781 Jones Green,,Port Elliottshire,B6 0WS,damianedwards@example.com,(0114) 496 0460,Mutual Rewards,2022-03-15,0
1570,Victoria,Walker,1991-08-21,4 Fisher Rapids,Flat 25,Lake Georginaberg,RM13 0SF,howardgregory@example.org,+44114 4960579,Standard,2025-12-14,1
1571,Jean,Preston,1948-10-04,29 Ian Port,,Grahamburgh,NG66 0XH,wfisher@example.com,+44(0)191 4960214,Standard,2021-05-11,1
1572,Angela,Watson,1956-06-05,"Flat 08, Barlow Harbors",,New Jack,B92 0PR,patriciacoles@example.com,0113 4960247,Standard,2023-06-06,1
1573,Sally,Mason,1956-02-16,"Studio 88, Philip Fort",,South Julian,E5C 9HG,beverleyprice@example.net,+441164960540,Mutual Rewards,2021-12-15,1
1574,Bryan,Wright,1990-01-03,475 Henry Corner,,Greenwoodstad,M7J 0UY,mathewmitchell@example.org,,Standard,2024-05-27,0
1575,Victoria,Scott,1952-04-23,55 Brooks Harbors,,Paigebury,W5A 7TB,chandlerconnor@example.com,+44(0)306 9990211,mutual rewards,2027-10-02,1
1576,Julian,Miller,1996-03-21,33 Jamie Valley,,Elliechester,S4A 0DN,nholland@example.net,(0117) 496 0352,standard,2021-01-23,1
1577,Tracy,Thompson,1942-11-24,09 Martin Loaf,,Callumfurt,WC33 6EN,cookedean@example.org,01154960017,Mutual Rewards,2021-09-24,0
1578,Hollie,Patterson,1987-08-17,"Flat 74c, Carter Rapids",,Matthewside,B0 6TJ,charles63@example.com,+44(0)20 7496 0517,Mutual Rewards,2027-10-21,1
1579,Ann,Smith,2004-12-31,13 Kieran Squares,,Port Kerry,LS10 6PS,thompsonkimberley@example.org,,Standard,2022-08-24,0
1580,Claire,Young,1993-01-08,"Studio 4, Rosie Hollow",,West Meganland,HR32 7ZZ,rgarner@example.com,(0116)4960615,Standard,2025-06-26,1
1581,Gillian,Curtis,1989-02-09,83 Lesley Coves,,Geoffreyland,M2 1GN,julie46@example.com,+44117 4960137,Standard,2021-08-20,0
1582,Pauline,Bowen,1959-04-10,"Flat 9, Jill Lodge",,Andersonport,SA0 7AH,thomas11@example.com,+44141 4960170,Mutual Rewards,2024-04-17,1
1583,Stuart,Martin,1989-01-15,1 Alison Forest,,Port George,NE1R 0JP,wfox@example.com,+44118 496 0001,Standard,2025-11-06,1
1584,Philip,King,1947-07-30,"Flat 26U, Carolyn Well",Studio 8,Port Gregory,E6 3LG,,(0121)4960114,Mutual Rewards,2025-01-09,0
1585,Elliott,Shaw,1964-10-16,"Studio 2, Walker Pines",,East Bernard,S4 1DS,tracey03@example.net,08081570951,Standard,2026-05-05,1
1586,Rita,Haynes,1965-10-08,4 Dickinson Drive,,Port Oliviaport,EN53 1SL,john60@example.com,+44(0)28 9018 0411,Standard,2026-11-17,1
1587,Allan,Jones,1977-05-01,4 Reid Turnpike,,Lake Stuart,AL7V 7XS,alison60@example.org,+44(0)191 4960830,Standard,2023-05-03,1
1588,Kenneth,Booth,2001-10-20,"Studio 44F, Bull Garden",,West Rita,N97 6ZU,greenrachel@example.net,(0306)9990525,Standard,2023-01-21,0
1589,Martin,King,1976-12-30,"Flat 04a, Elaine Brook",,Lake Connorhaven,PR6 4AZ,leslie90@example.com,(01632)960509,Standard,2023-12-24,0
1590,Pamela,Woodward,1970-07-16,184 Elliott Loaf,Studio 8,South Russellburgh,BS6 1ZQ,alan62@example.net,(0161) 4960890,Standard,2025-05-06,1
1591,Stacey,Turner,1953-06-13,83 Adrian Drive,,South Carolemouth,G8C 3JD,hughblack@example.com,+44(0)1154960503,MUTUAL REWARDS,2025-06-01,0
1592,Leigh,Hewitt,1957-11-01,"Flat 6, Charlene Mount",Studio 14f,West Clive,SA73 3PU,bethjones@example.com,+44(0)116 4960142,Standard,2021-02-06,1
1593,Tina,Smith,1960-07-17,93 Smith Land,Studio 87e,Garethmouth,N9 5JA,sarah87@example.com,+44(0)2074960936,Standard,2023-07-07,1
1594,Vanessa,Leonard,1989-07-26,"Flat 79, Price Forges",Studio 16,East Caroleberg,L5 1DJ,adamdean@example.com,0131 496 0350,Mutual Rewards,2022-07-08,1
1595,Elliot,Gibbons,1962-09-21,"Studio 41, Phillip Dam",,East Julian,B87 8PU,singhbeverley@example.com,(0117)4960913,Standard,2025-01-31,1
1596,James,Robinson,2008-05-10,"Studio 78, Catherine River",,North Eric,S8 2RB,richardsjodie@example.org,,Mutual Rewards,2024-10-18,0
1597,Joseph,Patel,1998-10-10,7 Dixon Rapid,Studio 83,East Louiseview,LA3V 1JH,qlong@example.net,+441184960624,Mutual Rewards,2024-02-12,1
1598,Terry,Herbert,1979-09-06,"Studio 0, Danny Fort",Flat 58H,Port Dennis,NR1 8AX,annariley@example.org,0191 498 0502,Standard,2027-03-16,1
1599,Eleanor,White,1969-03-29,"Studio 82, Lewis Street",,Geraldmouth,N6 1PJ,joshuawilliams@example.org,0141 4960667,Standard,2021-07-09,0
1600,Leah,Ball,1982-04-22,"Flat 31, Marion Turnpike",,Lake Sharonland,N5 0ZJ,hmartin@example.org,(0118)4960037,Standard,2025-03-12,0
1601,Brenda,Hamilton,1992-06-05,"Flat 3, Allen Run",,North Elizabeth,G0 4QW,jordanjones@example.org,(0141) 4960247,Standard,2026-11-23,1
1602,Joel,Clarke,1969-08-28,"Studio 47, Sean Lake",Flat 06v,New Irene,B5T 6TZ,clarkebarbara@example.org,+44(0)1632960095,Standard,2025-01-21,1
1603,Lorraine,Cartwright,1959-05-26,5 Brown Plain,,New Rachaelchester,M4F 5TX,westkatie@example.com,(0121) 496 0205,STANDARD,2023-03-20,1
1604,William,Bennett,1953-09-27,"Flat 5, Burton Union",,Johnshire,B16 5ZZ,alanbennett@example.org,+44114 496 0341,Mutual Rewards,2023-08-01,0
1605,Joshua,Stone,1955-07-14,70 Conor Tunnel,,Annstad,NE4 0AB,ian04@example.net,,Standard,2024-07-05,0
1606,Conor,Baker,1983-05-23,"Studio 76, Bryan Street",,Doddstad,BA48 4RS,guywilliams@example.org,+44(0)114 496 0380,Standard,2026-12-05,0
1607,Pauline,Foster,1944-05-21,8 Ronald Shores,Flat 6,Edwardstad,E5 9AN,raymondhaynes@example.org,(0151) 4960174,STANDARD,2021-08-10,1
1608,Julia,Williams,1983-01-13,"Studio 7, Shaw Viaduct",,Lake Simonbury,L19 6UB,lindabrookes@example.com,0115 4960684,Standard,2023-06-28,0
1609,Ricky,Palmer,1950-08-09,"Flat 58M, Tony Springs",Flat 18o,New Joseph,L7 4LU,rosemarymurphy@example.net,+44(0)1214960914,Standard,2023-07-20,1
1610,Melanie,Walker,1948-10-24,"Flat 0, Cooper Vista",,Carolbury,G4J 8AU,lesleysimmons@example.net,(029) 2018764,Standard,2025-11-13,0
1611,Pauline,Bennett,1978-09-16,"Studio 05, Henry Walks",,West Nathan,E8H 6FX,bparkes@example.com,01514960660,Mutual Rewards,2026-11-21,1
1612,Kathryn,Reeves,1958-08-28,352 Bull Crossroad,,Melissaborough,W6 0WQ,cmitchell@example.com,,Standard,2025-11-22,0
1613,Connor,Payne,1943-10-10,"Studio 63Y, Jones Shore",,Rickymouth,LS14 5TT,macdonaldjulie@example.net,(0113) 4960155,Mutual Rewards,2023-05-27,0
1614,Douglas,Richards,1994-04-22,998 Hale Islands,,West Janet,DN7M 8LQ,tom76@example.net,+441414960335,Standard,2026-11-14,1
1615,Abdul,Page,1965-09-30,509 Watson Tunnel,Flat 7,South Pauline,26,arthur82@example.net,(0306)9990943,Mutual Rewards,2026-11-20,1
1616,Rebecca,Parker,1955-06-09,"Studio 61, Evans Neck",,Taylormouth,NG4E 7ES,lynne19@example.org,(0141) 496 0369,Standard,2023-11-03,1
1617,Daniel,Davis,2000-07-10,"Flat 59, Leigh Camp",,South Lyndaland,KW9 8BU,gavincollier@example.net,+44(0)1134960081,Standard,2022-09-04,0
1618,Robin,Mitchell,1974-05-26,"Studio 90j, Catherine Hills",Flat 26,Port Ricky,M1J 1RY,,+4428 9018599,Mutual Rewards,2022-01-02,1
1619,Terence,Berry,1973-07-14,464 Louis Cliff,,New Deanside,PH14 5YQ,stewarthilary@example.org,+44113 4960339,Standard,2027-12-03,1
1620,Darren,Turner,1997-07-18,"Studio 6, Nash Ports",Flat 38R,Lake Hayley,WS4 8WN,usmith@example.com,0118 4960485,Standard,2021-06-16,1
1621,Norman,Potts,1964-08-12,72 Sandra Ports,,Port Keith,CW50 5HG,mwilliams@example.org,+44(0)1184960483,Standard,2026-11-17,1
1622,Natalie,Wilkins,1983-10-10,"Studio 79p, Taylor Common",,Port Kerry,LA28 7LU,fbell@example.org,(0121) 496 0076,Mutual Rewards,2026-12-31,0
1623,Roger,Anderson,1944-11-20,"Flat 24g, Jones Club",,East Jackport,M1 7EY,macdonaldleonard@example.org,+44(0)306 999 0370,Mutual Rewards,2022-07-14,1
1624,Mary,Hargreaves,2005-09-11,96 Sarah Island,,North Caroleborough,DL1 0EP,lauren67@example.org,,STANDARD,2021-10-12,1
1625,Gerald,Jones,1995-10-20,174 Colin Mission,,Elizabethtown,DY02 7HT,damianlee@example.com,(0808) 157 0010,Standard,2021-10-31,0
1626,Irene,Wallace,1992-10-05,"Studio 26, Martin Views",,Port Sam,SK4A 6DH,sshepherd@example.net,0151 4960602,Standard,2026-07-14,0
1627,Terry,Davis,2001-03-18,"Flat 58, Martyn Village",,Barlowside,WF0A 5BD,norman11@example.net,+44(0)1214960960,standard,2022-04-15,0
1628,Hayley,Stevenson,1998-11-21,477 Fletcher Vista,,Douglashaven,IM2 7QA,leslie24@example.com,(0909)8790406,Standard,2026-01-10,1
1629,Marcus,Adams,1997-06-10,"Flat 7, Davis Coves",,South Dawn,E4 6BQ,maykirsty@example.com,,Mutual Rewards,2026-09-17,1
1630,Mohamed,Nixon,1993-05-19,"Flat 8, Joanne Overpass",,Bakermouth,M4 1NL,sarasimpson@example.com,(0306) 9990267,Mutual Rewards,2027-09-24,1
1631,Harriet,Brown,1997-08-20,501 Little Forks,,Kingchester,S84 0NF,,(0118)4960169,Standard,2026-08-29,1
1632,Leanne,Clark,2003-03-12,7 Knowles Common,,Lambertton,NN14 6QY,onash@example.net,+44(0)1632960766,Standard,2027-04-10,1
1633,Stuart,Richardson,2008-06-23,"Flat 17Y, Brandon Camp",,Port Oliviachester,E7 1XA,suttonelaine@example.net,(0118) 4960284,Standard,2024-02-17,1
1634,Linda,Murphy,1977-07-14,677 Ann Meadow,,Clarkeland,G2J 4YE,russell09@example.org,(0115) 4960527,Mutual Rewards,2022-07-04,1
1635,Julie,Johnson,1992-05-26,6 Walker Harbors,,New Josephineshire,G0 9YL,charlene76@example.net,+441632960880,Mutual Rewards,2021-10-09,0
1636,Edward,Davies,1983-12-14,62 Stacey Forge,,Greentown,B2F 0DR,anthonynewman@example.com,(01632) 960 370,Standard,2022-12-05,1
1637,Christine,Bennett,1956-10-31,"Studio 15, Deborah Mill",,Mitchellchester,KA2W 5XR,emmadavis@example.org,+44(0)115 496 0536,Standard,2025-05-15,1
1638,Holly,Kay,1945-09-01,9 Antony Islands,,Rebeccaton,B6K 0ZT,plittle@example.net,+44161 4960183,Standard,2026-05-30,1
1639,Gerard,Norman,1992-09-11,0 McCarthy Plains,Flat 84p,North Christopher,KY0 5SA,yshah@example.com,020 7946 0375,Standard,2026-04-23,0
1640,Christopher,Kirby,1981-04-04,"Studio 05, Kevin Greens",,Brownfort,NG9A 7SL,geoffrey30@example.net,,Standard,2027-07-14,1
1641,Anthony,Potter,1982-01-07,9 Chadwick Isle,Flat 73I,New Lawrenceburgh,G05,lauren01@example.org,0131 496 0247,Standard,2021-09-08,1
1642,Colin,Roberts,1973-01-10,"Studio 50U, Blake Way",,New Heatherview,B5 4EF,morganpaul@example.com,+44118 496 0045,Standard,2021-07-30,0
1643,Mohamed,Rowe,1976-12-17,2 Rowley Road,,Port Margaret,M7D 9HB,francescharlton@example.org,+44(0)20 74960060,Standard,2024-02-15,1
1644,Amy,Ryan,2000-12-27,12 Burke Vista,,East Lesleyborough,M9B 5XD,,020 74960366,Standard,2025-12-03,1
1645,Gerard,Taylor,1947-12-04,"Flat 36w, Graham Shoals",Flat 59Y,Christinechester,E5A 1NR,hilarymurray@example.org,(0191) 4960798,Standard,2025-12-04,1
1646,Catherine,Shaw,1959-04-13,0 Joe Branch,Flat 23p,Lake Maureen,L1S 0FP,morrisonkaty@example.org,+44161 496 0040,Standard,2021-03-17,1
1647,Dylan,Smith,1942-10-09,"Studio 6, Jones Valleys",,Rileyfurt,G7 7WZ,,+44(0)1414960636,Mutual Rewards,2025-04-14,1
1648,Matthew,Evans,1969-02-01,"Flat 80, Reece Field",Flat 9,Dayshire,G4H 0TQ,norrishannah@example.org,01154960098,Mutual Rewards,2026-08-14,1
1649,Kayleigh,Hawkins,1941-06-01,"Flat 67, Leanne Run",,South Paigeshire,AL06 8WD,hollyfox@example.com,+441632 960 252,Mutual Rewards,2025-08-19,0
1650,Ellie,Phillips,1965-08-27,"Studio 06, Sian Mission",,East Julia,CB9 9TA,harrythomas@example.org,(0191) 496 0348,Standard,2027-03-03,1
1651,Christopher,Richards,1982-10-06,"Studio 44H, Walton Cape",,Eleanorbury,M65 7FR,akhtarrobin@example.org,(029) 2018 0806,Mutual Rewards,2026-12-25,0
1652,Mary,Morris,1977-03-11,"Flat 05O, Woods Hollow",Flat 08,Woodtown,DN7V 5JT,clarkekerry@example.net,+44161 4960041,Standard,2023-11-03,1
1653,Stanley,Jones,2005-08-29,7 Martin Haven,Flat 17,Charlotteberg,LS9 4JH,hughespaige@example.org,+44151 4960305,Standard,2026-07-11,1
1654,Amber,Jones,1999-06-28,"Flat 08, Mason Mill",,Joanneview,E5 7NS,mkhan@example.net,,Standard,2026-12-09,0
1655,Danielle,Lewis,1976-08-19,"Studio 5, Guy Junctions",,Kieranview,NW6 7GZ,marionjenkins@example.com,(0116)4960267,Standard,2026-03-29,1
1656,Mathew,Thomas,1977-10-15,5 Webb Path,Flat 73,Davieshaven,L92 8ZW,wkhan@example.net,+44(0)909 879 0468,Mutual Rewards,2027-04-17,0
1657,Emily,Birch,1972-11-21,"Studio 1, Julian Lake",Studio 5,Phillipsside,M3 1NY,victorialane@example.org,(028) 9018506,Mutual Rewards,2021-04-08,0
1658,Lee,Elliott,1966-07-07,64 Woods Camp,Studio 61,Rachaelton,E0A 6RQ,dylan54@example.net,(0118) 496 0001,Mutual Rewards,2025-01-14,1
1659,Maureen,Taylor,1950-11-20,"Flat 74, Christopher Rue",,Jeremyberg,SG8 3BU,charlesgriffiths@example.com,+44(0)1314960691,Mutual Rewards,2021-05-23,1
1660,Lucy,Howard,1988-04-24,"Flat 1, Green Skyway",,Davidberg,BD0 4GF,yturner@example.com,,Standard,2023-02-01,0
1661,Dylan,Lee,1979-10-12,"Studio 65i, Davies Knolls",Flat 5,West Dawn,SK41 6AG,beth95@example.org,(01632) 960 887,Standard,2023-12-03,1
1662,Sarah,Foster,1953-06-13,"Flat 92d, Wood Spring",,Brandonburgh,G3A 6LJ,walkerlouis@example.net,+44(0)115 4960977,Mutual Rewards,2026-12-31,0
1663,Ricky,Harris,1955-07-06,"Flat 32, Ward Motorway",Studio 67,Lindseyton,WF7 2LR,jasmine72@example.net,08081570834,Standard,2021-11-16,1
1664,Lynne,James,1941-11-22,"Studio 1, Ryan Ranch",,Mooreport,G99 1RL,adrianclarke@example.org,0151 496 0585,Standard,2026-02-21,1
1665,Pauline,Morgan,1951-06-12,4 David Junctions,,Paulineshire,E5U 3LQ,hdodd@example.net,0116 4960343,Mutual Rewards,2023-04-05,1
1666,Henry,Hartley,1952-04-10,"Studio 08X, Elizabeth Walk",,North Shane,N9S 3PT,victor90@example.net,0161 496 0312,Standard,2025-06-14,1
1667,Ben,Ford,1949-07-16,2 Herbert Drive,,Lake Deniseland,EN4 8WY,gillianwoods@example.com,0114 4960705,Mutual Rewards,2021-03-29,1
1668,Louise,Payne,1993-11-07,"Studio 06i, King Ferry",,Gibbonsview,SE3E 5TF,haywardolivia@example.net,01914960047,Standard,2021-05-05,0
1669,Hayley,Lewis,1979-06-21,98 Hughes Isle,Flat 39,Leeborough,OL18 5LL,taylorkate@example.net,(029) 2018385,Standard,2024-11-06,1
1670,Shirley,Dyer,1940-12-01,29 Oliver Manor,Flat 15M,Rogerfort,LD8 1QP,alexhunt@example.org,+44(0)28 9018 0793,Mutual Rewards,2021-08-10,1
1671,Rosie,Dobson,1991-05-01,"Studio 5, Shaw Ridges",,Morrismouth,HX02 0AB,dawnhill@example.com,,Standard,2026-08-22,1
1672,Kathryn,Vaughan,1967-01-04,"Studio 70, Bruce Crest",Studio 25o,Port Francescachester,E90 3UR,ronaldelliott@example.com,+4428 9018 0927,Standard,2023-06-11,1
1673,Frances,Gray,2005-08-02,"Flat 26, Stephens Corners",Flat 5,Lake Elliot,W20 5TZ,,0117 4960144,Mutual Rewards,2023-02-20,1
1674,Hilary,Jenkins,1996-01-08,964 Morgan Ports,,Jarvisview,DH8M 9FU,esingh@example.com,+44151 4960368,Mutual Rewards,2023-10-27,1
1675,Christopher,Willis,1963-03-21,18 Damien Corners,,Port Robertborough,S7 0UQ,robertsonkaren@example.com,0151 4960196,Standard,2027-11-10,1
1676,Sophie,Briggs,1989-10-18,"Flat 1, Holloway Groves",,West David,B2 5PT,dgarner@example.com,+44(0)1414960657,Mutual Rewards,2022-08-22,1
1677,Bradley,Fox,1971-12-13,"Studio 4, Darren Junction",,South Mariamouth,B2D 0ZN,lcarter@example.org,+44121 4960706,Standard,2021-10-31,1
1678,Nicola,Watson,2007-09-13,"Flat 73, Danny Ford",Flat 28M,South Carolynhaven,S2 0YR,,(0115) 4960507,Standard,2021-12-13,1
1679,Adam,Williams,1957-02-17,90 Ann Vista,,Tomlinsonshire,M1 7YU,rjenkins@example.org,01154960994,Standard,2024-07-05,1
1680,Angela,Higgins,1962-03-23,"Studio 08D, Richards Views",,Port Kieranberg,L0J 8WN,kprice@example.net,+44(0)161 4960824,Standard,2027-08-14,0
1681,Robin,Murphy,1978-01-26,"Studio 68, Turner Mission",,Stephanieburgh,DY0A 1PL,,(0161) 4960595,standard,2021-02-19,1
1682,Connor,Cartwright,1941-05-31,6 Taylor Stream,Studio 11u,Williamshaven,M0 8GN,mherbert@example.net,+448081570137,Standard,2021-09-05,1
1683,Emily,James,1941-08-31,423 Karen Port,Studio 3,Robinsonland,E91 1WD,margaretgough@example.org,+44113 496 0479,Mutual Rewards,2021-05-30,0
1684,Leon,Williams,1976-12-03,"Flat 94d, Richardson Plains",Flat 5,New Francisview,W89 1ZG,ipearson@example.net,0114 4960098,Mutual Rewards,2024-08-16,0
1685,Josephine,Parker,1989-08-30,"Studio 14, Taylor Meadow",,Carrfurt,E7 2ZL,paulhanson@example.com,0114 496 0805,Standard,2027-04-20,0
1686,Maureen,Reid,1970-06-06,"Studio 24, Conor Road",Studio 77T,Ritafort,M00 0HD,gary86@example.org,+44151 496 0598,Mutual Rewards,2026-03-07,0
1687,Tracy,Williamson,1995-03-15,494 Burton Rue,,New Mathewshire,WN8 2QD,barlowbarry@example.com,+44(0)1174960349,Mutual Rewards,2022-02-20,1
1688,Jacob,Williams,1988-02-22,"Studio 70I, Mellor Vista",,South Kathleen,L95 4HL,,(0118)4960821,Standard,2023-01-19,1
1689,Zoe,Parkinson,1961-03-07,5 Jones Rapids,,Oliverstad,L9 5JG,paulineevans@example.net,03069990397,Standard,2023-01-23,1
1690,Terence,Hall,1969-01-28,23 Ricky Freeway,,Ameliaberg,L9 7YS,amanda28@example.org,(0161)4960335,Standard,2021-03-01,0
1691,James,Burton,1995-02-13,"Studio 55U, Stewart Tunnel",Studio 29,Lukefort,NP2V 2QQ,kmorris@example.org,+44909 879 0706,standard,2027-05-28,0
1692,Charles,Yates,2000-09-08,"Studio 73, Brown Circle",,Jayside,G62 1ST,michael11@example.com,01174960270,Standard,2027-08-07,1
1693,Robin,Lee,1982-02-23,77 Peacock Vista,Studio 88S,Kellyfort,L7 0WA,frederick82@example.net,(020)74960812,Standard,2026-12-29,1
1694,Kieran,Waters,1995-07-05,965 Holmes Lakes,Flat 76,Gerardmouth,G5 2GF,freemansylvia@example.org,+443069990464,Standard,2026-10-04,1
1695,Max,Roberts,1983-04-22,961 Maureen Centers,,Tuckerfurt,S9 9ZL,keith06@example.net,0909 8790838,Standard,2027-02-17,1
1696,Derek,Richards,1956-08-12,29 Brown Square,,South Kathleen,SN7 0JS,ashleighbrown@example.com,+44(0)20 7496 0562,Standard,2023-09-09,0
1697,Kayleigh,Hancock,1959-07-12,"Studio 41, Allan Island",,New Debra,B8J 0WD,youngpaul@example.com,0115 4960492,Mutual Rewards,2022-09-27,1
1698,Geraldine,Matthews,1982-08-10,80 Robinson Shore,,Elliotview,W21 2SU,ndavis@example.net,+443069990319,standard,2021-08-24,1
1699,Lydia,Woodward,2007-04-14,38 Harrison Cape,,Pearcefort,TD6 2EX,humphreysryan@example.org,(0808) 157 0874,Standard,2024-12-08,1
1700,Mohammed,Anderson,1955-08-29,1 Emma Knolls,,Gordontown,B23 2DU,parkinandrew@example.com,+44(0)116 496 0327,Standard,2023-09-05,0
1701,Kerry,Dunn,1999-06-17,8 Talbot Expressway,,South Charlietown,CH6 2TG,karcher@example.org,01134960953,Standard,2021-10-28,1
1702,Luke,Brown,1965-08-14,92 Collins Locks,,East Gordon,B1D 0GA,leegraeme@example.org,+44114 4960469,Standard,2024-04-18,0
1703,Jake,Taylor,1944-06-18,07 Wilkins Overpass,Flat 04,Anthonyshire,B6T 5JJ,lindapayne@example.com,01632 960262,Standard,2023-10-09,1
1704,Joseph,Fowler,1971-06-21,"Studio 1, Smith Wells",,Rosieland,HR1H 2AY,dwilliams@example.net,+44(0)808 157 0240,Standard,2025-01-24,1
1705,Dylan,Green,1945-02-11,96 Haynes Freeway,,East Jacquelinebury,NE5R 3JZ,foxleanne@example.org,+44(0)292018008,Mutual Rewards,2023-07-17,0
1706,Timothy,Gilbert,2006-07-27,"Studio 5, Colin Station",,Sharonhaven,E46 0AJ,ashleigh55@example.net,(01632) 960 464,Mutual Rewards,2026-06-21,0
1707,Shaun,Howard,2005-02-01,902 Leslie Alley,Flat 6,Stuarthaven,B6T 9EU,ryan75@example.org,+44(0)1632 960926,Standard,2027-12-07,1
1708,Bethany,Jones,1965-02-26,"Flat 4, Green Lock",Studio 22R,Dominicchester,KW8 2AF,smithsuzanne@example.com,+441144960036,Standard,2027-08-30,1
1709,Ellie,Cook,1989-10-07,"Studio 6, Nicholson Highway",Flat 71,Crossmouth,E45 5AX,parkerteresa@example.net,(0113) 4960695,Standard,2023-08-06,1
1710,Pauline,Chapman,2007-11-20,"Studio 4, Lucy Spurs",,New Conor,S10 9WG,brandon08@example.org,,Standard,2023-04-01,0
1711,Carolyn,Crawford,1941-06-25,"Studio 0, Joe Manor",,South Bryanville,BN60 2QG,brandon31@example.org,(0118)4960176,Standard,2022-08-03,1
1712,Christian,Kaur,2005-10-11,"Flat 17x, Davies Court",,Smithmouth,B5U 8GX,williamsjayne@example.org,+44117 496 0969,Standard,2026-05-14,1
1713,Timothy,Payne,2005-12-29,656 Barry Valleys,,Port Margaretport,FY67 4TX,margaret25@example.org,+44(0)191 4960450,Mutual Rewards,2027-05-03,1
1714,Gail,Hamilton,1959-09-27,"Flat 99, Susan Mountain",Flat 9,New Ann,B2 5EL,debradavies@example.org,+44(0)121 4960520,Standard,2023-02-04,1
1715,Christian,Singh,1950-07-17,"Flat 91I, Lynne Turnpike",,Port Damienburgh,L9U 5HA,ajones@example.net,(029) 2018 0830,Standard,2022-12-07,1
1716,Chelsea,Hutchinson,1965-11-11,"Flat 1, Todd Mountain",Studio 9,Lake Charlene,E0 0UE,whowells@example.com,(0121) 496 0454,Standard,2021-03-18,1
1717,Amanda,Wright,1986-05-17,38 Roberts Mountains,Flat 84,North Hazel,HD5P 6ZP,kjohnson@example.com,+44(0)116 4960632,Standard,2027-02-03,0
1718,Alice,Lloyd,2001-01-22,"Flat 70, Sian Wall",,New Dorothyton,KA6 1LD,mohammadbates@example.com,(0141)4960832,Mutual Rewards,2025-11-29,1
1719,Kathleen,Williams,2004-09-23,605 Carole Cove,,Jamesburgh,FK2H 3TL,bethanysmith@example.org,(0114)4960318,Standard,2023-03-28,0
1720,Alex,Hussain,1961-09-30,71 Morris Divide,Studio 1,North Mitchellmouth,YO20 3LT,wyoung@example.org,+441632 960541,Standard,2023-05-22,0
1721,Brandon,Begum,2008-02-22,"Flat 73e, Hannah Passage",,Jennaburgh,JE37 0XW,francis83@example.org,+44115 4960485,Standard,2025-01-12,0
1722,Kathleen,Newman,1990-01-26,56 Maureen Pines,,Lake Arthurland,B2E 6GX,anncollins@example.org,+44118 4960608,Standard,2024-11-22,1
1723,Charlie,Miller,1960-03-05,"Flat 14, Hollie Course",,East Alisonberg,L80 5AJ,russelljemma@example.net,+44(0)306 999 0349,Standard,2021-12-14,1
1724,Abbie,Francis,1990-05-16,"Studio 6, Jackson Stream",,Chapmanchester,E3D 2GU,,(0808) 157 0818,Mutual Rewards,2021-08-22,1
1725,Julie,Ward,1956-11-25,925 Joshua Extensions,Flat 3,Joneschester,L3 1UW,jahmed@example.net,+44161 496 0490,Standard,2025-01-06,1
1726,Sam,Ali,1986-12-21,"Studio 81, Declan Square",,East Kateland,LS81 8WJ,ojohn@example.net,+44(0)28 9018 0859,Mutual Rewards,2022-11-25,1
1727,Kevin,O'Donnell,2001-06-20,7 Henry Manors,,Frederickshire,EH6 3GB,tthompson@example.net,+44(0)141 4960115,Standard,2024-09-03,0
1728,Ellie,Holden,2005-07-24,0 Stephenson Burgs,,Lake Beverleyview,LU01 1FX,smithjennifer@example.org,+44(0)9098790208,Standard,2022-09-19,1
1729,Samantha,Clarke,1967-07-31,"Flat 85z, Allan Via",,Dunnside,SN17 2TT,apayne@example.org,028 9018 0513,Standard,2024-06-20,0
1730,Nicole,Pearce,1990-07-27,57 Tucker Loop,,Carlybury,JE33 5SD,owen35@example.com,+44151 4960778,Mutual Rewards,2024-01-31,1
1731,Lynne,Khan,1988-07-23,"Flat 83A, Paula Springs",,South Iain,NP9 3ZR,,+44(0)113 496 0424,Standard,2023-04-10,1
1732,Victor,Burgess,1964-08-18,"Studio 7, Dean Crest",,Cartwrightburgh,N9J 6EA,jenniferatkinson@example.org,(0306) 999 0294,Standard,2021-01-08,1
1733,Francis,Lee,1987-11-06,37 Green Estate,,Morrisonside,S5 1AW,godonnell@example.net,+44808 1570970,Mutual Rewards,2025-03-22,1
1734,Stephanie,Martin,2000-05-11,132 Higgins Springs,Studio 5,Jeremystad,E6 7QQ,alice48@example.com,+44117 496 0281,Mutual Rewards,2021-02-03,1
1735,Lydia,Walker,1983-02-28,"Studio 05z, Tom Island",,Kellyport,B9 0AS,afinch@example.net,(0909) 8790153,Standard,2021-09-04,1
1736,Chloe,Owens,1986-09-09,244 Patel Mountain,Studio 91G,West Allanbury,YO6W 5TP,marcus60@example.com,+44(0)191 4960342,Standard,2024-07-22,1
1737,Michael,Patel,1968-06-20,824 Fox Lane,,New Geraldineville,W5J 4EN,oconnorfrancis@example.com,01914960745,Standard,2021-11-24,1
1738,Ashley,Roberts,1971-03-22,"Flat 9, Barbara Ridge",Flat 2,Lake Lynda,B94 3DG,jameshenry@example.net,+44(0)121 4960579,Mutual Rewards,2026-03-13,1
1739,Jodie,Holland,1943-08-11,25 Cooper Walk,,Clarkebury,S3 5TW,angelaharrison@example.net,+4429 2018 0510,Mutual Rewards,2023-06-04,1
1740,Nigel,Smith,1995-01-29,"Studio 7, Turner Rest",,Rosemaryborough,CO2M 7HT,wrightmegan@example.com,0131 496 0791,Standard,2027-11-19,1
1741,Wayne,Holland,1985-07-15,"Flat 40k, Poole Ford",Studio 82,Graymouth,OX41 6RU,janice86@example.net,+44(0)20 74960969,Standard,2021-01-26,1
1742,Maureen,Miller,1984-04-11,"Flat 91, Blake Square",,West Fiona,M9 4NL,dwhite@example.org,+44151 4960254,Standard,2023-04-28,0
1743,Glenn,Wood,1952-05-03,"Studio 61, Mandy Isle",,Kellyburgh,W4A 5DZ,kathrynharvey@example.com,0141 4960037,Standard,2025-08-24,0
1744,Leslie,Robinson,1968-01-30,5 Norris Rapid,Studio 10,Eleanorfort,LE07 0EH,gracejohnson@example.com,(0141) 4960797,Standard,2026-11-19,1
1745,Leon,Griffin,1954-02-05,"Flat 17, Rice Lodge",,South Jane,LA8P 6JJ,imartin@example.org,,Mutual Rewards,2023-01-22,0
1746,Mark,Singh,1956-12-07,624 Stokes Ridge,,Sophiefurt,TS4 7AP,lisajordan@example.org,(0808)1570495,Standard,2023-06-12,1
1747,Timothy,Clarke,1987-05-22,"Studio 2, Sheila Run",Flat 1,Port Melanie,L4J 8AA,jackevans@example.com,,Mutual Rewards,2023-09-26,1
1748,Richard,Barber,1965-11-24,"Studio 8, Hurst Rapid",,North Jasonburgh,L15 4AL,murraykim@example.com,+44(0)1214960842,Standard,2024-12-06,0
1749,Mary,Weston,1986-07-16,277 Cameron Fork,,Port Hugh,WC94 0DX,douglas57@example.com,0141 496 0162,Standard,2025-11-23,1
1750,Julie,Manning,1974-04-27,"Flat 10n, Eleanor Inlet",,Lake Naomifort,G65 3LS,beth54@example.com,+44(0)1632960120,Standard,2022-11-16,1
1751,Joanna,White,2004-03-01,"Studio 2, Smith Spring",,North Mandyhaven,G8K 4HP,declanhawkins@example.net,,Standard,2023-03-26,0
1752,Jeremy,Ward,1975-12-09,"Flat 86, Jean Square",,Port Frederickhaven,SP7 1JL,hallabdul@example.net,+44(0)114 4960850,Standard,2024-03-08,1
1753,Amelia,Hawkins,1999-09-22,405 Hilton Mall,Studio 51i,South Ambertown,RG6B 9QY,clloyd@example.org,0131 496 0303,Standard,2022-01-05,1
1754,Guy,Wilkinson,1952-07-15,"Flat 39Y, Dixon Village",,New Andrew,HG4X 0YG,raymondallen@example.org,0161 496 0873,Standard,2021-02-16,1
1755,Glenn,Richardson,1985-08-09,3 Thomson Track,,East Brenda,S20 5QQ,glittle@example.com,+44(0)2074960756,Mutual Rewards,2027-10-12,1
1756,Leigh,Hunter,1948-12-21,"Studio 33, Mandy Prairie",,Gavinland,N1 7XT,melaniesingh@example.org,(029)2018957,Standard,2022-07-14,1
1757,Natasha,Smith,1989-06-16,"Studio 30, Chelsea Rapids",,Bradleyshire,NE4P 7NP,ufraser@example.net,+44(0)1632960670,Standard,2022-10-12,1
1758,Charles,Williams,2008-01-25,"Flat 87v, Rosemary Plaza",,Lake Wayneton,HR20 6YB,nrobinson@example.net,(0113)4960648,Standard,2023-02-21,0
1759,Catherine,Turner,1962-02-10,202 Johnson Glens,,Jamesfort,E97 8ZA,townsendkevin@example.org,0306 9990672,Mutual Rewards,2026-03-12,1
1760,Gail,Coates,1986-02-28,694 Ann Corner,,Allanchester,LS1 7YJ,justin75@example.com,,Standard,2024-02-14,1
1761,Barry,Scott,1971-05-23,313 Naomi Avenue,,Lake Emmaland,WN8H 1PG,howardvalerie@example.com,(0114)4960664,Standard,2022-10-17,1
1762,Ian,Walton,1980-05-16,28 Lewis Locks,,Davidsonberg,IM4 7EB,zparker@example.org,01514960737,Standard,2024-11-08,0
1763,Debra,Hill,1967-05-24,4 Paige Crest,,North Kellyburgh,B8S 7ZX,woodabbie@example.org,+441514960056,Standard,2023-04-24,1
1764,Natalie,Todd,1987-01-28,"Studio 58O, Price Lakes",,Wrightbury,DT6X 5YL,fbegum@example.org,(0808)1570999,Mutual Rewards,2025-12-20,1
1765,Kayleigh,Lloyd,1944-07-09,"Studio 48, McLean Forge",,New Christopherport,WC3 4HA,molly82@example.org,+44(0)306 999 0700,Standard,2021-03-14,1
1766,Carl,Gilbert,1967-08-19,"Flat 54C, Howell Station",,Nelsonland,DL82 1EU,ashleighhowell@example.org,+44(0)8081570582,Standard,2021-10-06,0
1767,Alice,Roberts,1992-09-09,33 Paige Trafficway,,Port Garryside,HD7,zdean@example.net,(0115) 496 0098,Mutual Rewards,2021-10-22,1
1768,Katy,Carr,1965-11-03,"Studio 3, Clarke Isle",Flat 67,Port Hilary,CH10 0RX,bcarey@example.com,+44(0)1414960414,Mutual Rewards,2025-01-08,0
1769,Damian,Stone,1995-03-06,"Studio 8, Bates Mountain",,Christianmouth,N77 8YY,zedwards@example.org,+4429 2018 0951,Standard,2024-04-20,1
1770,Kayleigh,Hutchinson,1941-07-15,2 Sylvia Neck,Studio 01q,New Jayton,LA1N 9ZR,patrickwilson@example.net,+44121 496 0772,Standard,2023-11-13,1
1771,Marie,Fletcher,1995-03-28,95 Bernard Unions,,Georgefurt,B62 5SR,,0114 4960309,Mutual Rewards,2025-07-21,0
1772,Kevin,Parsons,1992-08-29,834 Henry Via,,South Frederick,KY8 8UT,glenjones@example.com,+44(0)292018416,Standard,2024-12-11,1
1773,Charlotte,Connor,1992-04-22,"Studio 43b, Hussain Hollow",,New Ruth,G68 4WU,butlerkim@example.org,(020)74960516,Standard,2026-09-19,1
1774,Leslie,Moore,1954-01-29,454 Gemma Dam,Studio 7,East Timothy,N81 8TR,awilson@example.com,0808 157 0197,Mutual Rewards,2027-04-26,1
1775,Howard,Smith,1970-06-02,"Studio 5, Callum Hollow",Studio 9,Lewismouth,S9 1UQ,halllouis@example.com,+44292018284,Mutual Rewards,2023-10-16,0
1776,Elliot,Graham,1954-02-25,500 Nelson Mill,,Jillmouth,NG0R 6NX,hweston@example.org,+44191 4960312,Standard,2024-11-18,1
1777,Amanda,Parker,1993-07-09,5 Henderson Route,,West Linda,M88 6AH,frederick41@example.com,0151 496 0546,Standard,2021-11-28,1
1778,Marcus,Gibson,1960-10-05,1 Davies Mountain,Flat 91,Port Melissa,L5J 4XA,macdonaldalice@example.org,+44(0)115 4960771,STANDARD,2023-09-27,1
1779,Emma,Willis,1994-03-07,"Flat 90, Gail Mission",,Mathewfort,M0J 3AX,mohammedsullivan@example.org,(0909) 8790641,Standard,2026-02-23,1
1780,Marian,Miller,1984-09-07,"Studio 40, Annette Port",Flat 76,Dannyberg,RH58 2WA,frankwalton@example.com,,Standard,2023-09-22,1
1781,Samantha,Carpenter,1946-06-20,"Flat 0, Julie Prairie",,Lake Trevorhaven,B0T 0AP,carolinepowell@example.net,(0141)4960872,Mutual Rewards,2027-09-08,0
1782,Abbie,Baker,1970-10-01,3 Sandra Cliffs,,Port Joannaland,OX22 9TR,xthompson@example.com,(0114)4960519,Mutual Rewards,2025-10-10,0
1783,Darren,Williams,1972-05-10,29 Annette Ranch,,Deanside,DN58 4YG,lthorpe@example.net,(0808)1570874,Standard,2026-03-29,1
1784,Brandon,Parsons,1991-05-16,9 Bernard Garden,,Lindahaven,N7W 8JL,pwaters@example.net,(0808) 1570916,Standard,2021-09-11,1
1785,Cheryl,Foster,2001-02-06,"Flat 87x, Jack Square",,New Michelle,M9 9ND,ujones@example.net,029 2018 0202,Standard,2024-12-13,0
1786,Jodie,Porter,1964-08-15,54 Steven Points,,South Kayleighburgh,M5U 8UL,luke09@example.org,+44(0)1414960288,Standard,2024-05-21,0
1787,Denis,Newman,1963-12-26,20 Nicole Route,,West Carolinetown,W4 5TP,sylviawalker@example.org,0131 496 0556,Standard,2025-04-04,1
1788,Peter,Campbell,2004-03-04,"Studio 9, David Cove",Flat 81i,South Carl,SO2 9NU,burgessleigh@example.org,02074960067,Mutual Rewards,2022-03-08,1
1789,Mohammad,Garner,1978-07-03,"Flat 9, Law Mountains",,Bartlettport,W7E 6JB,brettwilliams@example.net,(0191)4960909,Mutual Rewards,2021-10-21,1
1790,Frances,George,1981-05-14,"Flat 47, Johnson Spring",,New Stephenview,B22 0PY,dhawkins@example.org,+44117 496 0682,Standard,2025-04-07,0
1791,Catherine,Owens,2005-03-04,"Flat 55i, Bond Point",Flat 68x,Lake Rachelfurt,MK7 6NW,cgriffiths@example.org,0114 4960255,Standard,2023-03-23,1
1792,Carol,Hart,1996-01-14,"Flat 34, Johnson Keys",,New Arthur,RG8M 7AN,conwaygraeme@example.com,+44(0)113 496 0563,Mutual Rewards,2027-07-06,0
1793,Dominic,Jones,1987-03-09,"Studio 51, Zoe Cove",,Brooksborough,W5S 5YL,antonyallen@example.org,0292018332,Standard,2023-06-17,0
1794,Martin,Richards,1969-04-12,"Studio 1, Maria Avenue",,Lake Annettefurt,SN74 6BL,taylormaria@example.com,+44(0)20 74960271,Standard,2023-03-14,1
1795,Francis,Richardson,1971-04-22,"Studio 4, Heather Inlet",,Blackhaven,L8G 6DW,ynelson@example.com,+441632 960 580,Standard,2025-08-04,1
1796,Iain,Barrett,1994-05-20,"Studio 52U, Annette Mission",,Lake Matthewmouth,E26 5PU,benjamin28@example.com,01314960958,Standard,2027-06-28,1
1797,Angela,Davison,1988-07-24,"Flat 91O, Elizabeth Path",,East Joshuafort,L7W 1WJ,kimberley41@example.org,,Mutual Rewards,2027-04-08,0
1798,Damian,Miller,1967-06-18,"Flat 92m, Lauren Square",,Lake Jeremyport,HD7 1RG,ndixon@example.com,01154960492,Standard,2025-05-17,1
1799,Victoria,Lawson,1996-06-12,"Studio 02n, Gillian Glens",,East Judithland,S0 6JN,gavin34@example.net,+44(0)141 4960026,Mutual Rewards,2022-10-09,1
1800,Duncan,Wood,1974-11-15,"Flat 16O, Jenna Valley",,Thomasburgh,CV1 1LJ,neil72@example.net,01174960685,Mutual Rewards,2021-05-16,0
1801,Marcus,Elliott,1981-09-03,"Studio 52, Bentley Terrace",,Port Duncan,GL7 2LB,rebecca30@example.com,+44114 4960139,Standard,2021-02-22,0
1802,Christopher,Phillips,2001-07-29,52 Max Center,Studio 70,Samanthaside,DT3N 5RJ,marie81@example.net,(0306)9990284,Standard,2022-10-15,1
1803,Molly,Moore,1967-07-02,"Flat 86L, Samuel Well",,Rebeccafort,DL3V 7ZF,ajohnson@example.net,(029) 2018404,Standard,2023-02-22,1
1804,Caroline,Young,1997-08-08,"Flat 1, Gough Bridge",,Amyfurt,TN5 6PX,ftaylor@example.net,01632960223,Mutual Rewards,2022-06-10,1
1805,Gregory,Clayton,1997-03-17,"Flat 00, Smith Circles",Studio 10,Davisfort,L6 5YD,bradysean@example.org,+44(0)808 1570286,Standard,2021-12-05,1
1806,Aaron,Sharp,1955-01-02,8 Davies Trace,Flat 4,Lake Wayneport,GU2 4ZF,gerardsmith@example.org,+44(0)1174960200,Mutual Rewards,2021-03-26,0
1807,Lewis,Bates,1989-06-23,"Studio 92, Arthur Shore",Flat 50,Sullivanbury,DY2 6EU,rakhtar@example.net,+44(0)29 2018846,Standard,2027-04-04,1
1808,Holly,Roberts,2002-06-21,"Flat 8, Hale Lake",,South Brian,AB8 0TB,gilbertfrank@example.com,01144960273,Standard,2022-01-14,0
1809,Albert,Davison,1992-10-08,17 Anne Ferry,,West Danny,W7W 3XG,gordon82@example.org,+44(0)1184960629,Standard,2022-05-13,1
1810,Roger,Skinner,1982-10-09,338 Dominic Parkway,,Edwardburgh,N90 2UA,luke14@example.com,+44114 4960245,Mutual Rewards,2022-05-14,1
1811,Jeffrey,Wright,1949-10-02,56 Davies Pike,,New Diana,N04 2ZH,carlywatson@example.com,(0115) 4960535,standard,2025-09-14,0
1812,Donald,Martin,1972-08-14,"Studio 95, Kathryn Brooks",,Normanton,M5J 5YQ,bondjeffrey@example.com,(0808) 157 0723,Mutual Rewards,2022-07-20,0
1813,Amelia,Davies,1991-06-06,7 Yvonne Manor,,New Amandaport,485,brettlittle@example.net,+4429 2018 0541,Standard,2027-10-10,1
1814,Jamie,Morris,1960-07-26,56 Hilary Hollow,,East Marychester,KT80 0PY,cstokes@example.org,(0117) 496 0642,Mutual Rewards,2023-06-18,0
1815,Victor,Carter,1945-08-24,6 Dixon Stream,,East Jane,BR4H 0HU,wardvincent@example.org,+44(0)3069990109,Standard,2021-07-21,1
1816,Albert,Davies,1962-02-11,"Studio 30, Smith Club",,East Julie,S49 4TX,clong@example.net,(028) 9018644,Standard,2022-05-23,0
1817,Kathleen,Ali,2005-06-06,7 Kelly Pine,,Lake Simonland,BD1E 4WA,,+44(0)1314960694,Standard,2022-02-05,0
1818,Stuart,Clark,2001-05-25,"Flat 90b, Smith Cliff",,Lake Benjaminmouth,L14 0NY,andrewedwards@example.com,01214960041,Standard,2022-02-09,1
1819,Liam,Howard,1992-06-17,431 Damien Land,,East Craigstad,NE8R 0RS,welchlouise@example.com,+44(0)28 9018 0141,standard,2023-04-03,1
1820,Zoe,Wilson,2008-04-25,60 O'Neill Stravenue,,South Elaine,G1 3XR,webbalbert@example.org,+44115 496 0162,Mutual Rewards,2027-03-03,0
1821,Megan,Baker,1944-11-17,"Flat 59, Marcus Creek",,South Stuartchester,AL4 2PQ,adrianbaker@example.org,,Standard,2025-03-24,1
1822,Marc,Morley,1964-02-19,2 Jennifer Drive,Flat 08P,Dannyburgh,BA8 0ZS,elliottmiller@example.org,(0808) 1570360,Standard,2021-11-05,0
1823,Ellie,Brown,1949-01-21,9 Diana Villages,Flat 00Z,East Saramouth,CH9E 8WT,martin59@example.com,(028) 9018 0254,Mutual Rewards,2026-05-30,1
1824,Alex,Jordan,1955-11-20,"Flat 2, Pickering Rue",Flat 73,Johnsonfurt,YO48 1BP,watsonronald@example.net,+4428 9018272,Standard,2027-12-21,1
1825,Mathew,Barrett,1942-07-15,"Studio 7, Richards Fort",,Murphyhaven,B7 8FL,heathfrancis@example.net,+44131 4960133,standard,2027-04-26,0
1826,Lewis,Turner,2000-12-24,"Studio 20, Vanessa Gateway",Studio 6,Port Carolynfurt,CW0B 2YP,daviesmargaret@example.net,,Standard,2024-05-31,1
1827,Kevin,Wallace,2002-03-24,"Studio 61, Michael Plaza",,Davidbury,B9C 6UH,hbrown@example.com,+44(0)117 4960339,Standard,2026-01-25,1
1828,Eileen,Morgan,2005-08-09,66 Rowe Turnpike,,Owentown,B0F 9BX,samuelsanderson@example.net,+44(0)1164960509,Standard,2027-06-25,1
1829,Leanne,Burke,1975-12-14,"Flat 64t, Fiona Ports",Studio 41i,Phillipchester,S0 0GZ,williamscolin@example.net,+44115 496 0814,Standard,2026-03-15,1
1830,Paula,Kelly,1957-06-10,"Studio 49, Frank Dale",,South Angelaview,E1U 6TP,daniel04@example.org,+44808 1570753,Standard,2027-04-12,0
1831,Stuart,Ross,1998-02-20,"Flat 22N, Barnett Plain",,Port Yvonne,BD39 3SU,suzanne67@example.com,+44(0)909 879 0675,Standard,2022-09-24,1
1832,Victor,Hewitt,1957-01-29,"Flat 47, Lawson Dale",,Winterville,B78 0HU,baxterconnor@example.org,(0118) 496 0208,Mutual Rewards,2022-04-18,1
1833,Shane,Smith,1945-09-25,09 Melissa Mountain,,Wendyhaven,N1G 1YA,qshaw@example.com,+441184960904,Standard,2022-11-26,0
1834,Marie,Barber,1999-11-04,"Studio 16P, Malcolm Spurs",,South Hollie,CO61 5LB,margaretbrown@example.org,0191 4960465,Standard,2027-02-19,0
1835,Mohamed,Jackson,2000-03-09,895 Henderson Valley,,Cookeshire,L97 5HZ,kentedward@example.org,,Standard,2025-08-09,1
1836,Billy,Humphreys,1945-02-11,"Flat 4, Smith Street",,Lake Sian,ZE36 9BW,jennifer53@example.net,+44(0)1514960947,Standard,2024-05-03,1
1837,Robin,Webb,1993-01-20,429 James Estate,,Jennaburgh,LU8N 3NR,stephenssam@example.org,0306 9990676,Standard,2027-04-04,1
1838,Christopher,Perry,1972-07-31,"Flat 1, Gemma Meadow",,Leannemouth,G4C 6QX,melissalloyd@example.com,(0118) 4960044,Standard,2026-04-29,1
1839,Tom,Brown,1942-09-25,863 Howard Lane,,Gibbstown,E4E 0FZ,ojames@example.org,+4429 2018831,Standard,2023-12-07,1
1840,Cheryl,Hudson,1987-01-14,07 Marian Canyon,,Dianahaven,ME8P 1QB,shanebegum@example.com,(0808) 157 0512,STANDARD,2026-02-27,0
1841,Debra,Bray,1987-06-29,"Flat 41G, Marc Tunnel",Studio 8,West Naomifort,HA2N 7NJ,jordanperry@example.net,+44131 4960007,Standard,2025-04-29,1
1842,Anne,Williams,1995-11-14,"Flat 00X, Bates Summit",,Pamelafurt,BN3P 3HR,phillipshoward@example.com,,Standard,2023-05-23,0
1843,Graham,Turner,1951-06-17,32 Williams Station,,Lake Henryhaven,CW4X 6NX,keith78@example.org,+44(0)29 2018757,Standard,2025-01-12,1
1844,Reece,Howard,1970-09-22,"Flat 4, Day Park",,Nicholasfurt,BB0 9FP,,+44(0)141 496 0835,Standard,2026-02-09,0
1845,Abbie,Wall,1991-05-31,83 Jones Light,,Elliottown,L47 4QE,alisonsharpe@example.org,+44306 9990282,Mutual Rewards,2024-07-23,1
1846,Susan,Roberts,1951-12-15,"Flat 29o, Jones Loaf",,South Lauren,HR4 3NY,rachaelpatterson@example.net,+44131 4960536,Mutual Rewards,2026-08-03,0
1847,Joel,Johnson,1967-12-28,0 Williams Isle,,Elliotfort,HU83 1XT,mclements@example.org,,Standard,2024-10-18,0
1848,Benjamin,Sharpe,1998-05-31,852 Collins Wells,,Holliehaven,M43 2YZ,psutton@example.net,+44(0)121 496 0442,Standard,2027-11-01,1
1849,Leonard,Long,1944-06-16,"Studio 04, Lewis Lights",,New Alisonfurt,M27 4TT,griffithskatie@example.net,+441514960378,Mutual Rewards,2021-09-22,0
1850,Maurice,Gregory,1974-08-03,21 Kelly Mountains,,East Debrafort,E40 1YE,xfield@example.net,+44115 496 0624,Standard,2027-05-10,1
1851,Frances,Benson,1954-08-08,"Studio 6, Keith Parkway",,East Graeme,OL22 7RX,rwilliams@example.com,01154960671,Standard,2026-06-05,1
1852,Max,Joyce,1980-03-06,"Studio 9, Brett Motorway",,Hazelburgh,N29 0ZH,brian37@example.org,(0118) 4960542,Standard,2023-06-08,1
1853,Lesley,Lee,1958-05-28,5 Weston Ferry,Flat 18,Port Annamouth,W1 7AS,bjones@example.net,+44(0)2074960313,Mutual Rewards,2021-10-29,1
1854,Deborah,Poole,1977-04-11,"Flat 38m, Tracey Hill",,West Brandon,L5 3GD,spencertom@example.com,+44(0)29 2018675,Standard,2027-07-19,1
1855,Jodie,Rees,1965-07-06,"Studio 77, Donald Court",,Metcalfechester,G5J 2BD,robin54@example.com,(0141) 496 0367,Standard,2026-03-30,1
1856,Denise,Lewis,1992-08-20,86 Samantha Roads,,Aimeeport,HA9V 0RH,amytaylor@example.org,020 7946 0206,Mutual Rewards,2027-12-25,1
1857,Carolyn,Leonard,2003-01-07,"Flat 94, Amber Ridge",Flat 11,West Katie,DN5 6ZU,darrenallen@example.net,(0117)4960872,Mutual Rewards,2022-01-04,1
1858,Neil,Khan,1954-08-19,8 Jenna Ridges,,New Jodie,E5 5ZQ,wendy61@example.com,+44(0)1914960068,Standard,2021-04-17,1
1859,Frank,Thomas,1977-02-22,5 Taylor Pike,,North Bethborough,M3 6AQ,lsmith@example.org,+441632960115,Standard,2023-04-07,0
1860,Beverley,Ross,1979-05-07,179 Jodie Light,,New Josephbury,GY17 5YF,walkerlaura@example.net,(0121)4960836,Standard,2021-03-19,1
1861,Shirley,Scott,1943-07-16,80 Jake Junctions,,Lake Helen,S4 9NQ,abbiephillips@example.net,+44161 496 0320,Standard,2021-01-10,0
1862,Carole,Carroll,1945-06-19,35 Harriet Turnpike,Flat 5,East Leigh,SW24 4ZU,pritchardmartyn@example.net,+44(0)909 8790555,Standard,2021-10-30,1
1863,Jill,Gibbons,1955-02-06,4 Brett Track,,Peacockport,E9 5HY,johnsondamian@example.net,+44289018916,Standard,2027-12-06,1
1864,Tracey,Stephenson,1974-10-25,521 Davies Vista,,Hillton,SM3 2YA,turnerkatherine@example.net,029 2018892,Mutual Rewards,2023-10-12,0
1865,Sheila,Finch,1948-11-22,"Studio 8, Tina Stravenue",Studio 03,Brownmouth,DL12 5XX,ssullivan@example.com,0191 498 0530,Standard,2024-11-20,1
1866,Howard,Reynolds,1966-10-13,4 Jenna Keys,Studio 14a,Kevinland,E3T 1UB,simsmartyn@example.net,(0808)1570541,Standard,2027-02-27,1
1867,Barry,Richardson,1976-09-01,"Studio 10, Davies Expressway",,Tobybury,OX6E 5SD,max12@example.net,(01632) 960 987,Standard,2021-07-10,1
1868,Philip,Walker,1997-03-05,321 Lane Glens,,South Sharonville,E4 2LB,wmorris@example.org,(029)2018612,Standard,2022-01-19,1
1869,Charlotte,Summers,1985-07-24,"Studio 94H, Rita Vista",,North Martinland,L30 6TY,xholt@example.net,(0141) 496 0732,Standard,2022-11-19,0
1870,Lorraine,Wood,1998-12-20,84 Billy Garden,Flat 46k,Port Leanne,W4 5HW,wardjayne@example.com,0113 4960942,mutual rewards,2025-06-19,0
1871,Jemma,Rees,1982-01-20,25 Hughes Corner,,Lake Donnafort,W41 5YD,kelly98@example.net,+44(0)808 1570155,Standard,2023-11-11,1
1872,George,Fisher,2001-02-05,"Studio 52N, Smith Road",,Bradleyberg,W3 8NF,judith72@example.net,(0191) 4960020,Standard,2022-04-27,1
1873,Marian,Wallis,1976-05-25,"Flat 65, Hilary Rue",Flat 42,West Kayleighmouth,NE13 4QR,christinewilson@example.org,(0114) 496 0241,Standard,2022-11-14,0
1874,Andrew,Brown,1953-01-22,1 Douglas Village,,Jeffreyland,EH7 8AQ,cheryl92@example.net,+44(0)115 4960770,Mutual Rewards,2026-08-15,1
1875,Malcolm,Pugh,1954-02-25,"Studio 76, Osborne Street",,Boothstad,SG96 1DH,stephen76@example.com,,Mutual Rewards,2026-04-05,1
1876,Brenda,Palmer,1980-05-17,763 Anna Loop,,North Angelaville,M7 0QG,,+441154960011,Standard,2022-03-24,0
1877,Pamela,Bradley,1960-06-23,422 Begum Stream,,East Francesca,CR3V 4JH,stevensonkeith@example.com,+44141 4960974,Standard,2026-10-09,1
1878,Mohammad,Walker,1964-05-02,"Studio 70, Clark Rapids",,Josephville,N7 2JY,johnstonolivia@example.org,+44(0)121 4960586,Standard,2021-02-02,1
1879,Justin,Ahmed,1985-01-03,6 Josh Junction,,Nicolashire,W14 8UQ,reynoldsdaniel@example.com,+44(0)28 9018 0711,Mutual Rewards,2027-12-20,0
1880,Jean,Hill,1959-08-15,"Flat 00j, Mason Trail",Studio 94,West Mohammad,W93 6SB,dylan86@example.net,+44(0)151 496 0118,Standard,2025-06-17,1
1881,Keith,Rowley,1975-11-25,773 West Mountain,,Joanchester,NE45 7JJ,hartmaria@example.org,+44(0)121 496 0675,Standard,2023-06-05,1
1882,Trevor,Little,1942-02-12,"Flat 55Q, Anderson Route",,Lake Kellyton,YO70 5PH,,+44113 496 0017,Mutual Rewards,2022-09-01,1
1883,Stuart,Russell,1963-01-13,"Flat 2, Thompson Keys",,North Kim,N67 4BQ,glenn25@example.org,+44161 4960748,Standard,2024-01-09,0
1884,Sharon,Potter,1986-09-30,"Flat 24n, Brookes Parkways",,Port Carl,G2 4DA,kharris@example.com,+44(0)113 4960726,Mutual Rewards,2023-11-24,1
1885,Charles,Edwards,1947-03-10,487 Parker Loop,Studio 3,Thompsonton,L2 9PR,antonyhoward@example.net,0113 496 0650,Mutual Rewards,2024-05-18,1
1886,Kirsty,McCarthy,1987-02-15,588 Sharpe Keys,,East Patricia,PA4 1AB,ryanpowell@example.com,(0161)4960604,Standard,2021-07-01,0
1887,Victoria,Connor,1967-04-20,5 Bethan Village,,Saundersfurt,PE29 0PW,fnixon@example.com,(029)2018342,Standard,2022-07-12,0
1888,Ryan,Hughes,1961-04-04,31 Caroline Mount,,East Gareth,W4K 8YH,,+441632 960674,Mutual Rewards,2022-05-26,1
1889,Sheila,Wood,1989-01-04,7 Robinson Spurs,Studio 78C,New Georgia,E1 3BQ,joycemcdonald@example.org,(0117)4960835,Standard,2022-05-26,1
1890,Sean,Kelly,1998-01-01,"Flat 04s, Patricia Shoal",,Lake Christian,FY8 8LS,whitejamie@example.net,+44116 4960616,Mutual Rewards,2027-02-28,0
1891,Claire,Rose,1946-06-07,"Flat 79, Dominic Shoals",Studio 97,East Trevorport,IM1Y 9BN,eking@example.org,01164960965,Mutual Rewards,2023-03-30,0
1892,Billy,Barlow,2006-09-16,37 Taylor Expressway,,Haleton,AL3 6GJ,wwarren@example.com,(0141)4960456,Standard,2021-01-30,0
1893,Billy,Powell,1984-08-06,"Flat 1, Carol Island",,Chandlerburgh,S79 1DU,geoffrey25@example.net,01632960272,Standard,2027-10-11,0
1894,Kimberley,Hamilton,1979-03-08,"Flat 22, Damien Gateway",,Stevenside,HP76 7RQ,qwade@example.com,(0909) 8790588,Mutual Rewards,2023-01-02,0
1895,Amanda,Williams,1943-07-29,"Studio 83, Cheryl Haven",,New Marcborough,ML36 5YG,zcarroll@example.com,+44289018808,Standard,2021-03-10,1
1896,Hayley,Fox,1986-04-02,"Flat 30b, Christian Valleys",Flat 75,New Reecechester,TW0M 0ZF,henryross@example.com,0808 1570142,Standard,2026-10-21,0
1897,Nathan,Stevens,1961-09-10,"Flat 72F, Rosemary Extensions",Studio 26U,Alexandramouth,CW7 2ZJ,hannahelliott@example.net,+44117 496 0240,Mutual Rewards,2026-10-11,1
1898,Megan,Coleman,1967-04-26,598 Harriet Shores,,Wallhaven,B9 4AZ,dalenorth@example.org,(0151) 4960244,Standard,2023-10-21,1
1899,Scott,Skinner,1958-10-15,"Studio 42, Jones Union",,Lake Geraldine,SO7E 2EP,frank25@example.org,+44306 999 0169,Standard,2025-12-03,1
1900,Roy,Hobbs,2001-03-15,745 Graham Squares,,Haynesland,AB86 4YP,wilsonkimberley@example.com,0151 4960057,Standard,2023-10-03,1
1901,Kieran,Hart,1991-04-14,"Studio 4, Collins Springs",,New Grahamborough,B72 9EY,powelltracey@example.com,+44(0)131 496 0063,Standard,2024-09-06,1
1902,Kimberley,Booth,1976-05-27,"Flat 6, Young Ways",Studio 5,Jasmineshire,S6 6BG,joeowens@example.com,02074960951,Standard,2023-06-18,0
1903,Damian,Price,1995-06-04,434 Bryan Rest,,Port Samanthaberg,DH17 7LL,jeremydaly@example.org,+4429 2018 0421,Mutual Rewards,2027-11-22,0
1904,Marie,Gray,1982-05-27,190 Douglas Mills,,North Sandra,CB0 9QX,yvonnemills@example.net,+441632960332,Standard,2025-01-12,1
1905,Oliver,Jennings,1994-08-13,"Flat 51, Elliott Run",Studio 3,Ericland,LA1W 6JH,elliot71@example.net,+44131 4960433,Standard,2026-06-09,1
1906,Ashleigh,Lowe,2003-08-03,41 Roberts Plains,,Lake Frances,B68 9YL,lynn02@example.net,(0121)4960571,Standard,2026-09-26,1
1907,Nicole,Fletcher,2006-11-10,816 Lauren Hill,Studio 93,West Dannybury,KT5B 3WS,fitzgeraldelizabeth@example.com,+44(0)29 2018 0461,Standard,2024-09-01,1
1908,Oliver,Mahmood,1971-03-16,43 Alison Springs,,South Aimeebury,LN12 4UA,xbutler@example.org,0808 1570121,Standard,2024-11-09,1
1909,Debra,Sharp,1991-05-14,"Flat 6, Davidson Ranch",,Williamsberg,M1 2ZH,richardskenneth@example.net,,Standard,2024-03-17,1
1910,Louise,Fisher,2005-12-26,"Flat 86S, Hughes Green",,Port Connorberg,HX5H 7PP,smithtimothy@example.com,(0115) 4960438,Mutual Rewards,2027-03-28,1
1911,Abdul,Parker,1960-01-17,"Flat 67, White Mill",,Summerston,M1E 5BZ,deborah36@example.net,+441632 960038,Standard,2023-10-23,1
1912,Leah,Storey,1974-07-09,1 Kieran River,Studio 67,Port Dylan,N85 9TT,,+441414960385,Mutual Rewards,2025-05-10,0
1913,Deborah,Campbell,1980-04-01,5 Wilson Square,Studio 3,Stevensonhaven,CB17 6QH,jodie55@example.org,+44(0)2074960450,Standard,2024-08-13,1
1914,Rosie,Pearce,1948-08-10,"Studio 29, Powell Freeway",,New Marionmouth,CV8N 4ET,bethlee@example.net,(0121) 4960314,Standard,2025-10-25,1
1915,Geraldine,Iqbal,1990-02-09,5 Gordon Well,,New Joannemouth,CT42 7LB,daniel52@example.net,(029) 2018 0770,Mutual Rewards,2022-09-17,1
1916,Laura,Smith,1952-11-18,"Studio 6, Adam Mission",,Tylerfort,BS0 6QE,daniel72@example.org,+44(0)1184960615,Standard,2027-03-07,0
1917,Luke,Dixon,1999-02-14,08 Lynne Drive,Flat 09,Port Elliott,L9 0GY,samuel11@example.com,(0151) 4960472,Standard,2026-04-01,0
1918,Alexandra,Holloway,2005-08-28,"Flat 52p, Pollard Square",,West Mollyfort,LS4 6XN,barry63@example.org,(0117)4960388,Standard,2023-08-14,1
1919,Elizabeth,Ward,1941-11-11,4 Alexander Points,,West Craig,B16 6LL,lawsonruth@example.net,020 7946 0341,Mutual Rewards,2025-02-16,0
1920,Jill,Jones,1961-06-18,4 Lindsey Roads,,Port Geraldinemouth,G1 1RA,kking@example.org,+441174960186,Standard,2024-12-04,0
1921,Heather,King,1970-08-30,108 Carl Ways,Flat 88,South Melissa,LS0X 5TZ,shane56@example.com,+44(0)118 496 0119,Standard,2026-07-30,0
1922,Gail,Barrett,1990-03-31,"Studio 2, Smith Port",Studio 62t,Lake Charlesbury,M9C 3DU,brenda14@example.com,01134960909,Standard,2026-06-20,0
1923,Peter,Waters,1947-03-14,"Studio 2, Richards Ridges",,Damianshire,TN1A 7JJ,mariagallagher@example.com,+44(0)121 496 0348,Standard,2026-09-13,1
1924,Lee,Taylor,1962-04-14,"Studio 66, Damian Point",,Lorrainestad,HP2A 0EQ,leon48@example.com,(0161)4960920,Standard,2024-10-19,1
1925,Mathew,George,1944-06-29,870 Josephine Dale,Flat 17,Millston,N49 9DA,edwardbailey@example.com,(0115) 496 0037,STANDARD,2022-02-12,1
1926,Natasha,Carter,2002-07-17,9 Thompson Junctions,,Rosestad,g67bb,terencewalker@example.com,0121 4960621,Standard,2022-10-08,0
1927,Allan,Stokes,1991-04-01,"Studio 29, Hunt Keys",,Walshshire,N90 4DN,nhargreaves@example.com,0151 4960378,Mutual Rewards,2027-01-15,1
1928,Clive,Stone,1973-08-23,"Flat 85I, Walker Parks",Studio 6,Cherylmouth,ME7Y 5EX,dtaylor@example.com,+44(0)151 4960996,Standard,2023-05-21,1
1929,Tom,Rice,1951-04-30,"Studio 05, Mohamed Loop",Studio 70,Rogerchester,IM9 9QB,thorntonclifford@example.net,(0141)4960606,Standard,2022-11-16,0
1930,Kathleen,Campbell,2007-12-14,504 Helen Divide,Studio 5,Port Harrietburgh,G2 2EG,chelseabrown@example.net,(0808)1570446,Standard,2022-02-22,0
1931,Valerie,Owens,1961-08-28,"Studio 14G, Smith Walk",,Yatesmouth,CB2X 4QX,janicewebster@example.net,(0909)8790358,Mutual Rewards,2026-08-15,0
1932,Billy,Tyler,1998-07-28,95 Damien Track,,Garethberg,W5B 0YB,frenchjean@example.net,(0121)4960973,Mutual Rewards,2027-07-09,1
1933,Philip,Blake,2003-12-25,"Studio 63, Mary Vista",Flat 9,Port Alexandermouth,AB4X 9RE,rlyons@example.org,+44113 4960597,Mutual Rewards,2024-02-15,1
1934,Maria,Martin,1996-12-04,"Flat 94k, Andrew Stravenue",,Bentown,ML4B 8SP,,+44(0)118 496 0907,Standard,2025-08-28,1
1935,Angela,Coleman,1942-01-06,"Flat 5, Baldwin Crest",,New Dennismouth,WA7 0TY,bmoss@example.net,+44141 496 0169,Standard,2023-05-07,1
1936,Nathan,Kelly,1948-07-03,"Flat 2, Pearson Point",,South Grace,TF5 8GU,spratt@example.com,(020)74960922,Standard,2024-07-16,0
1937,June,Bryant,1968-11-24,69 Anderson Mews,Flat 8,South Diane,B0 3QD,richardpreston@example.com,+44(0)131 496 0969,Mutual Rewards,2021-12-07,0
1938,Albert,Watson,1957-05-08,"Flat 49, Wallace Points",,Heatherchester,L75 9DJ,hball@example.com,+44909 879 0018,Mutual Rewards,2025-05-22,1
1939,Craig,Yates,1975-11-30,3 Elaine Ridge,,Aimeeburgh,L14 2LD,dbrown@example.org,0116 4960787,Mutual Rewards,2027-07-27,0
1940,Mandy,Sanderson,1953-08-11,879 Sally Stream,,East Francesburgh,B82 0NN,katy35@example.org,+44(0)20 74960788,Standard,2021-11-01,1
1941,Elizabeth,Shaw,1944-05-25,"Studio 1, Gregory Divide",,Brendashire,B2 2FL,morleydiana@example.org,+44191 496 0313,Standard,2025-03-17,0
1942,Valerie,Davies,1970-01-31,03 Maurice Streets,,Allenmouth,TS1R 3JQ,barnesdonna@example.org,03069990201,Standard,2026-05-06,1
1943,Albert,Baxter,1958-02-26,"Studio 68, Watkins Lodge",,North Colin,LD00 2BW,kennethwest@example.com,01134960766,Standard,2023-06-03,1
1944,Heather,Woods,2006-10-17,29 Connor Throughway,Studio 35c,North Shaneview,PL6 0YF,graykerry@example.com,+44(0)161 4960994,Standard,2024-01-11,0
1945,Abdul,King,2004-09-10,"Studio 97j, Harris Ville",,Lake William,LU4 2ET,victoria39@example.com,,Mutual Rewards,2025-12-29,1
1946,David,Howarth,1959-07-12,"Flat 14t, Rogers Square",,Danielleport,E4T 2PF,ujordan@example.org,+44(0)909 8790893,Standard,2021-03-19,0
1947,Tony,Smith,1986-05-28,84 Martin Freeway,,East Amandafort,EX8 9HU,ijones@example.net,+44306 999 0715,Standard,2023-02-20,1
1948,Derek,Humphries,1997-09-04,5 Dennis Walk,Studio 34,East Gerardfort,G37 0TN,andersonleigh@example.org,+44808 157 0700,Standard,2024-08-27,1
1949,Damian,Wade,1963-07-29,"Studio 3, Christine Estate",Flat 0,Melanieborough,LE5N 6JG,hillleonard@example.com,+44(0)909 879 0108,Standard,2025-06-14,0
1950,Denis,Miller,1985-02-26,119 Farrell Crest,,Summersside,M20 4HH,declan34@example.org,0117 496 0497,Mutual Rewards,2027-01-22,0
1951,Nigel,Read,2002-12-09,"Flat 04, Anna Spring",Flat 24,West Dominic,TD0A 7JE,ioconnor@example.com,+44(0)28 9018 0308,STANDARD,2026-07-30,1
1952,Rosie,Stephenson,1961-10-03,47 Marion Street,Flat 7,East Jakeburgh,ME9 9DB,leonbarton@example.net,+441614960272,Standard,2023-05-23,1
1953,Gregory,Riley,1981-03-21,"Flat 07, Tyler Road",,West Garethside,E19 7WY,kenneth66@example.com,,Mutual Rewards,2021-06-25,1
1954,Kenneth,Shaw,1981-01-16,5 Doyle Brooks,Flat 77,Howardberg,E62 7QD,robinsonjack@example.org,,Standard,2024-04-14,1
1955,Victoria,Banks,1996-04-28,"Studio 4, Fiona Tunnel",,Turnerbury,M7S 8LQ,taylorjulian@example.org,+44(0)116 496 0129,Mutual Rewards,2027-11-06,1
1956,Martin,Wilkinson,1977-02-14,37 Mohamed Views,,North Bradleyhaven,L1 2RF,chloejennings@example.org,01414960748,Standard,2027-02-24,1
1957,Clive,Davies,2006-09-22,9 Victor Haven,Studio 5,Oliviafurt,E69 4QQ,martindeclan@example.org,,Standard,2024-01-08,1
1958,Lawrence,Steele,1951-12-30,24 Douglas Way,Studio 2,South Amelia,IP17 7YA,susan52@example.org,(0121) 496 0205,Mutual Rewards,2026-01-30,0
1959,Rachel,Smith,1980-09-18,49 Kent Lane,Flat 37f,Thomasborough,WD8 3DE,wparker@example.com,0909 879 0539,Mutual Rewards,2026-02-17,0
1960,Lauren,Gallagher,1946-01-10,5 Barker Glens,,North Denistown,ST4H 9BW,bsmart@example.net,0808 1570835,STANDARD,2025-06-27,0
1961,Lauren,Norman,1998-12-10,45 Parkinson Mission,Flat 97K,Smithstad,GY2X 4HR,lesleyrose@example.net,(0118)4960978,Standard,2023-10-16,1
1962,Benjamin,Gough,1984-10-28,"Studio 67, Elliott Fort",Flat 8,West Melanietown,S7J 5EE,josephinehowe@example.org,0808 1570467,Standard,2021-08-09,1
1963,Leah,Edwards,1996-07-15,52 Jennifer Coves,Flat 0,Lake Brenda,WR9 3PD,ddodd@example.com,(0117) 4960209,Mutual Rewards,2027-02-10,0
1964,Duncan,Patel,2007-09-25,014 Gough Harbor,,New Hayleyburgh,OL4B 3SU,melanie06@example.net,+44306 9990328,standard,2026-01-12,1
1965,Vincent,Thomas,1997-02-04,13 Frederick Squares,,Daymouth,M6 9BX,sjones@example.org,0161 4960316,Mutual Rewards,2027-10-28,1
1966,Alexandra,James,1950-03-13,"Flat 92F, Ali Causeway",,North Andrewfurt,PL7R 0AZ,ghartley@example.org,+44(0)115 496 0566,Standard,2027-04-30,0
1967,Steven,Dunn,1997-05-24,"Flat 0, Fitzgerald Valleys",,Thomasfort,B1 2FF,thompsonhannah@example.net,+448081570390,Standard,2023-09-17,1
1968,Lewis,Brady,1986-08-18,1 Gemma Port,,Port Max,PE1A 7SZ,cwatts@example.org,,Standard,2023-05-25,1
1969,Jayne,Rogers,2004-08-27,32 Derek Lake,,New Margaretview,N86 6TF,collinsdanielle@example.org,+44909 879 0254,Standard,2023-07-26,1
1970,Marilyn,Black,2008-05-16,"Flat 2, Bennett Estate",Studio 18Q,West Marcus,NG0N 5ZP,robinsonronald@example.com,0116 496 0426,Standard,2022-10-31,0
1971,Duncan,Arnold,1992-11-26,1 Johnson Heights,,Stephensonville,DG2A 0RD,amberroberts@example.org,(0113) 496 0318,Standard,2024-07-14,1
1972,Barbara,Field,1953-05-14,"Flat 48k, Denise Summit",,Duffyfort,B04 3BY,cfletcher@example.com,+441164960960,Standard,2026-05-20,1
1973,Charles,May,1948-06-07,"Studio 49M, Kim Canyon",,Valerieville,GU95 5WL,jane57@example.com,(01632) 960 137,Standard,2021-12-12,1
1974,Leigh,Chapman,1977-12-22,89 Heather Ville,,New Gillian,G27 6PL,,0306 9990842,Standard,2025-04-02,0
1975,Stewart,Read,1942-11-09,"Studio 4, Johnson Rue",,East Roberttown,E43 6PY,sarah38@example.net,+441164960323,Standard,2023-08-08,1
1976,Brett,Wood,1943-06-24,66 Wayne Trail,Studio 96,Pamelastad,PL2 3ZX,clarkdonald@example.net,+44(0)1514960619,Standard,2021-08-31,0
1977,Claire,Davies,1979-06-16,"Flat 1, Hawkins Crescent",,West Debraville,IM2H 5JZ,shaun81@example.org,+44131 4960876,Standard,2023-11-16,1
1978,Ian,Mellor,1991-11-26,39 Shaw Lakes,,West Jenniferberg,N1 9XD,hollandrosemary@example.com,(0121) 496 0300,Standard,2022-03-09,1
1979,Kelly,Jones,1991-10-04,6 Frost Highway,,South Carly,RG38 8GR,rogercarr@example.com,+44(0)141 4960311,Mutual Rewards,2023-08-20,1
1980,Louis,Hooper,1992-06-15,53 Chambers Harbor,,West Christianchester,YO4E 0RL,sgregory@example.org,+44(0)161 496 0381,Standard,2024-07-07,1
1981,Jean,Hodgson,2003-06-13,895 Carr Knolls,,Sylviafort,EH8 7PF,kroberts@example.net,+44121 496 0597,Mutual Rewards,2025-10-19,1
1982,Suzanne,Hewitt,2001-02-23,4 Ward Hill,,Lake Naomiview,DL9,icooper@example.net,01514960923,Mutual Rewards,2023-01-07,1
1983,Kirsty,Cook,1980-06-17,002 Hicks Flat,,Katyburgh,IG6Y 7UH,jarvissarah@example.org,+44121 4960587,Mutual Rewards,2027-11-12,0
1984,Ryan,Lees,1998-12-22,117 Blake Freeway,Studio 35J,South Patrick,WA9 1PD,anne94@example.com,+441174960878,Standard,2025-01-17,0
1985,Brian,Murphy,2005-04-05,5 Damien Square,Studio 89f,West Rickyside,N62 3ZS,joe31@example.com,+44(0)114 496 0209,Standard,2026-03-31,0
1986,Patrick,McDonald,1998-05-08,"Studio 87J, Gould Square",,Jonesville,DT6 2BY,vtaylor@example.com,+44(0)113 496 0669,Standard,2026-01-16,1
1987,Stuart,Richardson,1955-02-10,856 Armstrong Harbor,,Jasonchester,UB9 3ED,newtonkim@example.net,+44191 496 0540,Standard,2022-06-13,0
1988,Charlotte,Morris,1943-02-13,8 Lisa Stravenue,,Lake Duncanchester,G35 8PG,marilynslater@example.com,(0808)1570561,Mutual Rewards,2022-09-12,1
1989,Annette,Bowen,1958-05-21,"Studio 39G, Ferguson Skyway",,Deniseport,HG4M 0AT,tom77@example.com,01214960146,STANDARD,2027-12-29,1
1990,Denis,Taylor,1960-06-04,6 Marc Throughway,,West Ross,s307qt,rallen@example.com,(0113) 4960852,Standard,2024-08-18,0
1991,Jonathan,Wells,1976-05-06,"Studio 96, Ward Vista",,East Emma,ME4 4DG,stephen43@example.net,(0151) 496 0848,Standard,2022-10-16,0
1992,Elliott,Jackson,1989-07-01,"Flat 0, Joseph Plaza",,North Sally,CF63 9HY,lesleyfrancis@example.org,+44(0)161 496 0993,Mutual Rewards,2025-10-03,0
1993,Kenneth,Watson,1995-10-06,"Studio 21, Ross Court",,South Lindamouth,SW01 8ST,malcolm26@example.org,+44121 496 0915,Standard,2022-02-04,1
1994,Joyce,Joyce,1960-04-16,8 Sophie Well,Studio 5,South Wendyborough,L1 4YJ,smithashley@example.net,+44(0)3069990762,Standard,2027-08-31,1
1995,Leigh,Ward,1950-05-28,65 Colin Wall,,West Amanda,RG51 3ZE,gthompson@example.com,(0118) 4960836,Mutual Rewards,2022-06-19,0
1996,Eleanor,Green,2003-08-30,13 Brown Flats,Flat 60T,Kempshire,WD87 7NN,tharrison@example.net,(0118) 4960821,Standard,2025-05-20,1
1997,Wendy,Lloyd,1974-02-17,2 Howe Pass,,Haywardview,N0 1PD,dylanmiller@example.com,+44(0)1314960086,Mutual Rewards,2023-10-02,0
1998,Hazel,Fletcher,1956-11-02,"Studio 38F, Harris Overpass",,East Mohammadland,N38 4DA,dconnolly@example.org,028 9018 0976,Standard,2024-04-03,0
1999,Claire,Oliver,1983-02-20,067 Damian Rest,,East Nicola,WF77 4EB,reece97@example.org,+44(0)1632960182,Mutual Rewards,2026-12-30,1
2000,William,Poole,1944-02-19,409 Albert Street,,South Lydia,W3 0HD,williamshannah@example.com,(0151) 496 0518,Standard,2023-04-09,1
2001,Alice,Bond,2006-10-28,"Studio 97H, Stone Parkway",,Bibistad,SN97 1NZ,murphymandy@example.com,+44(0)141 4960190,Standard,2024-03-12,0
2002,Joan,Walters,1956-10-28,9 Glover Plain,Studio 32W,Daviesfurt,NE68 2AA,christianhewitt@example.com,(0114) 496 0305,Standard,2022-03-11,0
2003,Elliot,Green,1978-08-18,"Flat 07, Patel Court",,East Tom,M95 6BJ,etaylor@example.org,+44191 496 0492,Standard,2027-06-05,0
2004,Marie,Jones,1959-06-28,"Flat 38B, Matthews Divide",,Alifurt,E35 5RD,julian15@example.net,01174960834,Standard,2025-10-02,1
2005,Jemma,Allen,1988-01-22,"Flat 12, Ryan Pike",,Melissaton,BL0 4ET,stevenstony@example.org,+44(0)909 8790373,Mutual Rewards,2022-11-08,1
2006,Martin,Martin,1979-09-22,14 Harvey Passage,,Carrfurt,E77 2ZG,howellsstuart@example.com,+44(0)115 4960748,Standard,2027-07-11,1
2007,Aaron,Francis,1992-12-10,"Flat 7, Robinson Street",,Richardsonchester,E32 0LY,nwarren@example.com,,Mutual Rewards,2026-12-13,0
2008,Carly,Simpson,1996-11-07,"Flat 9, Gilbert Orchard",Flat 4,Pamelaton,HD86 2HT,bethan77@example.org,(029)2018712,Mutual Rewards,2021-07-24,1
2009,Beverley,Wright,1944-01-10,917 Atkinson Neck,Flat 7,North Scottburgh,LA9P 4NP,angelalowe@example.com,01174960003,Standard,2026-02-28,0
2010,Janice,Hughes,1987-09-25,46 Lee Inlet,,Lake Sheilachester,M9S 4ZH,thomaskelly@example.net,,Standard,2022-03-15,0
2011,Mohammed,Owens,1952-01-07,"Studio 70, Pauline Lakes",,Abigailside,TN4 7RP,christopherjackson@example.com,+44(0)1632960643,Standard,2021-02-26,1
2012,Leanne,Griffiths,2000-09-22,2 Stewart Land,,West Keithberg,S64 5AY,guy57@example.org,0115 4960492,Standard,2026-08-11,0
2013,Diane,Oliver,2005-02-10,477 Metcalfe Point,,Port Gail,B7B 0FL,kerry86@example.com,(0115) 4960793,Standard,2026-02-01,1
2014,Mandy,Bull,1992-07-18,"Studio 33, Duncan Parkways",,Lake Dominic,W6J 8RW,,(020) 74960825,Mutual Rewards,2025-05-12,1
2015,Adrian,Schofield,1993-05-01,681 Stone Summit,,East Brett,W9 7XU,juliaevans@example.org,(020) 74960980,Standard,2024-03-16,1
2016,Georgia,Smith,1983-02-11,"Flat 3, Gregory Fall",,Kevinside,LL22 6GX,suttonbarbara@example.com,(0151) 4960778,Standard,2024-07-08,1
2017,Angela,Davies,1984-11-01,971 Tina Cape,,Naomishire,EX68 3BQ,hazeljones@example.org,(029) 2018 0624,Standard,2022-03-12,0
2018,Charlotte,Hardy,1981-04-25,2 Robinson Square,Studio 7,South Bruce,M9 9XS,jfrancis@example.net,(0121)4960063,Mutual Rewards,2024-02-06,1
2019,Megan,Clayton,1986-08-22,"Studio 3, Jones Drive",Studio 8,Joshuatown,CR84 8QW,paynebrenda@example.net,+44(0)161 4960669,Standard,2022-05-16,0
2020,Amelia,Simpson,1992-04-26,"Studio 05e, Richards Inlet",,Morrisstad,PL7N 3NP,margaretgray@example.net,020 7946 0610,Standard,2025-02-23,1
2021,Dawn,Atkinson,1950-08-08,"Studio 2, Shaun Divide",,Brookesfurt,SK1N 3BA,,0116 4960702,Standard,2024-11-30,1
2022,Julie,Cox,1983-02-09,"Studio 9, Miller Square",Studio 9,Port Shannon,BD5B 5JX,rbrooks@example.org,(0115)4960681,Standard,2022-04-27,1
2023,Ian,Stephenson,1979-11-12,0 Blackburn Trail,,West Clairehaven,OL3 2LL,susan65@example.org,+44117 496 0221,Standard,2023-08-02,1
2024,Paula,Robinson,1952-09-02,"Flat 13N, Lynch Mission",,Mooreborough,B38 5SY,kate07@example.org,(0131)4960695,Standard,2027-01-10,1
2025,Gary,Brown,1990-05-06,"Flat 61, Bradley Path",,Harrishaven,CH1R 0RY,melaniedaly@example.com,+441214960287,Standard,2027-11-08,0
2026,Maureen,Jackson,2005-09-27,"Flat 89, Thomas Tunnel",Studio 28s,West Garethland,N0F 0XH,tylerkieran@example.net,+441414960048,Mutual Rewards,2024-01-05,1
2027,Debra,Swift,1988-09-15,"Flat 98e, Sharpe Bridge",,New Anne,HA7 9GU,holmeschristine@example.com,+44(0)161 4960748,Standard,2025-01-06,1
2028,Alan,Holt,1965-05-11,"Flat 30, Christine Lock",,New Francescaport,RG6 5AE,elliemarsh@example.org,0131 4960066,Standard,2026-05-07,1
2029,Karen,Taylor,1977-07-21,"Flat 5, Damien River",,Port Denisestad,IG7P 7XY,aliceallen@example.org,(020)74960194,Standard,2025-02-23,1
2030,Vincent,Wilson,2007-12-12,903 Taylor Corner,,Manntown,E0C 6LU,walkermohammad@example.org,(0118) 4960321,Standard,2021-11-09,1
2031,Keith,Bradley,1999-04-29,6 Carter Dale,,South Barbara,E33 9XJ,turnerlauren@example.org,(0118) 496 0780,Standard,2022-10-07,1
2032,Dylan,Cooper,1947-09-30,287 Parkinson Unions,,Helenmouth,ZE86 8BP,hollandrebecca@example.net,(020) 7496 0538,Standard,2021-12-26,1
2033,Toby,Jones,1985-10-06,"Flat 1, Phillips Spur",,Sandraside,B7 9LZ,robertsmelanie@example.net,,Mutual Rewards,2027-11-13,1
2034,Geoffrey,Godfrey,1965-03-12,46 Green Ranch,,Howardville,CA00 5SF,idickinson@example.net,+441314960455,Standard,2022-12-31,1
2035,Ashleigh,Richardson,1967-01-09,76 Evans River,,Marianton,L44 3XE,yfarrell@example.com,+441184960849,Mutual Rewards,2026-07-01,1
2036,Raymond,Hill,1953-06-10,"Flat 4, Shah Plaza",,South Charlie,HP8A 3HD,jake31@example.net,,Standard,2022-09-04,1
2037,Leigh,Crawford,1999-05-08,02 O'Sullivan Mountains,,West Mohammad,WA93 2GJ,jonesjessica@example.org,028 9018 0682,Mutual Rewards,2022-06-13,0
2038,Denis,Bishop,1957-08-11,"Studio 84Q, Trevor Forge",,Bethanfort,AL8 4TL,taylorgordon@example.net,01614960296,Standard,2021-11-21,1
2039,Holly,Ward,1985-06-16,"Studio 7, Emma Crossing",,Lake Gregory,CV5 1WB,elliot55@example.org,(020)74960241,Standard,2024-02-21,1
2040,Callum,Lewis,1947-10-04,"Flat 48, Bailey Meadow",,Lake Alisonton,SG6M 4NP,duncanhughes@example.com,+44(0)8081570201,Mutual Rewards,2027-12-20,1
2041,Rebecca,Palmer,1969-05-15,61 Richardson Hills,Flat 5,Wilsonfort,YO84 9DH,steven78@example.org,(0113) 496 0907,Mutual Rewards,2021-12-12,1
2042,Marion,Patel,1966-05-26,451 Jackson Courts,Flat 95u,New Holly,S80 2ZR,hwood@example.org,(0191) 4960438,Mutual Rewards,2025-05-31,1
2043,Brian,Cooper,1960-04-11,"Studio 27, Dominic Run",,Port Marilynton,BA46 4PA,danieladams@example.com,(029) 2018 0045,Standard,2027-01-25,1
2044,Harry,Davies,1949-02-10,187 Phillip Center,,East Valeriefurt,G72 3UJ,uosborne@example.org,+44118 4960326,STANDARD,2021-05-20,1
2045,Mohamed,Grant,1969-07-12,"Studio 3, Kelly Ville",,East Samantha,HX4W 0QH,xgregory@example.com,+44(0)8081570513,Mutual Rewards,2026-10-05,1
2046,Katy,Ward,2006-01-21,"Flat 26d, West Stravenue",Flat 9,Popeview,N1 3ER,george19@example.net,09098790136,Mutual Rewards,2024-02-15,1
2047,Samantha,Kemp,1953-10-19,254 Anne Canyon,Flat 6,New Leah,G2D 3QT,shannonwillis@example.com,02074960458,Standard,2025-10-23,1
2048,Mohammed,Bryan,1960-05-06,747 Noble Groves,,Halefurt,HD1 8WZ,amanda38@example.org,0151 4960766,Standard,2023-12-15,1
2049,Sandra,Howard,1941-06-12,012 Teresa Cliffs,,East Carly,NE7N 4GD,gerard83@example.com,,Standard,2023-06-16,0
2050,Sian,Russell,1940-10-20,"Studio 4, Marian Manors",,New Hazel,N25 3BZ,mauriceconway@example.com,+441164960151,Standard,2025-03-03,0
2051,Dominic,Davies,1977-03-25,"Studio 6, Ann Place",,Lake Conor,CF57 6EA,kingmartin@example.org,0808 1570302,Mutual Rewards,2022-07-12,0
2052,Timothy,Edwards,1999-03-16,551 Lewis Wall,,Andersonbury,L28 4EL,rogerbolton@example.org,(028) 9018262,Mutual Rewards,2021-12-20,1
2053,Bryan,Pritchard,1975-04-06,15 Vincent Islands,,Port Marianfurt,NP77 1EQ,martinmary@example.net,(0121) 4960232,Mutual Rewards,2027-01-04,1
2054,Joyce,Leach,1987-06-09,"Flat 46N, Gavin Fields",Studio 69T,North Joshua,LA1 3GH,nixonmaurice@example.com,+44(0)1154960787,Standard,2024-09-19,1
2055,Ruth,Marsh,1941-11-08,"Flat 2, Hugh Meadow",,Danielshire,B99 8ZD,james78@example.com,+44161 496 0969,Standard,2025-11-11,1
2056,Lynda,Sullivan,1992-07-20,194 Sharpe Crest,,East Katy,B0 4DQ,nathan75@example.net,,Standard,2027-06-21,1
2057,Hannah,Howe,1984-03-29,"Flat 53, Roger Mountains",,East Leanneshire,S6G 8QX,,+44(0)808 157 0431,Standard,2021-10-04,0
2058,Emma,Wade,1977-08-19,6 Taylor Throughway,Flat 4,Bethanyborough,S5S 3DA,owen77@example.org,029 2018030,Standard,2026-08-17,1
2059,Gareth,Hall,2002-08-04,"Flat 8, French Ridge",Studio 9,West Maria,DL4 3EL,brett21@example.org,(0131) 4960860,Standard,2024-08-11,0
2060,Bradley,Graham,1958-02-28,818 Jill Groves,,Lake Beverleyshire,N1 1NA,darren85@example.org,0292018134,Standard,2025-01-28,1
2061,Harriet,Sharpe,1953-07-21,636 Ford Falls,,Port Victoria,LD2 4JY,mitchellcook@example.net,(01632)960604,Standard,2022-01-29,1
2062,Howard,Payne,1967-02-05,44 Laura Spring,,New Beth,UB6V 2TS,jackpearce@example.net,+44(0)28 9018 0812,Mutual Rewards,2022-04-19,1
2063,Mohammad,Gill,1985-05-17,"Studio 1, Young Tunnel",,New Hollytown,B97 9SJ,oliver59@example.org,+44114 4960753,Standard,2023-01-03,1
2064,Terence,Williams,1985-04-09,533 Anderson Alley,,Barnettbury,TA75 2QH,ihopkins@example.org,+4429 2018153,Standard,2023-01-17,0
2065,Julian,Jennings,1957-11-26,5 Allen Valley,,Dixonview,L3 1QD,nheath@example.com,+44191 496 0422,Standard,2024-07-04,1
2066,Abbie,Williams,1973-02-11,43 Jenna Village,,East Jemmaport,OL1H 5RP,carolynlamb@example.com,+44(0)114 4960364,Mutual Rewards,2024-07-24,0
2067,Diana,Chapman,1972-07-24,452 Katherine Throughway,,East Bradley,SL3 8PG,kcarter@example.org,01632960496,Standard,2024-01-09,1
2068,Jennifer,Murphy,1962-08-04,352 Aimee Rest,Studio 0,Harrischester,CA2 1PL,bryanelliot@example.com,+441614960307,Standard,2023-11-04,0
2069,Stephen,Dean,1988-05-12,7 Karl Run,Flat 91q,Port Andrewstad,S96 6NG,ubegum@example.org,+44(0)1164960645,Standard,2023-06-05,1
2070,Reece,Cooper,1995-05-02,"Studio 79, Jones Inlet",Studio 7,South Jodie,S3A 3HJ,hollyrichards@example.net,,Standard,2027-04-08,1
2071,Georgina,Wells,1992-09-11,02 King Orchard,,New Kirstyfurt,M9 9EX,trevor47@example.com,0151 496 0160,Standard,2027-10-10,0
2072,Gavin,Dunn,1964-03-19,"Studio 26b, Lewis Ferry",Flat 87,Carolynfurt,M1 9RR,davieslaura@example.net,+44116 4960932,Standard,2027-03-24,0
2073,Tom,Watson,1978-10-31,"Studio 90, Roberts Cape",,Pearceborough,L4 1DG,khanphillip@example.org,+448081570238,Standard,2026-04-27,1
2074,Linda,Dawson,1992-07-28,"Studio 12L, Alan Mountain",Flat 23,Port Dennisbury,ST8 3JY,joseph11@example.org,(028) 9018997,Standard,2027-06-29,1
2075,Pauline,Bell,2006-07-02,792 Fisher Mountain,,Robinsonside,L60 2FY,wbarker@example.com,0131 496 0144,Standard,2026-11-03,1
2076,Elliot,Coles,1956-04-19,"Flat 74m, Sophie Drives",,South Debraland,SK8 9ZE,ldale@example.net,+44(0)1614960113,Standard,2021-02-01,1
2077,Christopher,Weston,1945-03-21,391 Sutton Prairie,,Port Keithmouth,S3D 5AT,alexandra50@example.com,0121 496 0327,Mutual Rewards,2021-10-28,1
2078,Marie,Thompson,1959-02-26,8 Stewart Run,,Nathanchester,S9 6GL,reynoldskerry@example.com,(0909)8790163,Standard,2022-02-17,1
2079,Cameron,Lowe,1944-07-31,05 Ellis Hill,Flat 0,South Victoria,G65 1PF,eleanor38@example.com,+44(0)114 496 0635,Mutual Rewards,2025-03-12,1
2080,Georgia,Ford,1971-08-27,44 Craig Parkway,Flat 71m,Lake Jasmine,E0 9EP,lydia11@example.net,+44(0)131 4960811,Standard,2021-06-15,1
2081,Neil,Kirby,1999-05-16,3 Smith Junction,Studio 96G,New Jenna,E4 8EF,tommahmood@example.org,+44141 496 0766,Mutual Rewards,2021-06-02,1
2082,Gareth,Price,1963-09-10,"Studio 92, Hill Roads",,Jadehaven,TQ7B 9HX,mohammadmorley@example.com,+44(0)1632960051,Mutual Rewards,2021-02-09,0
2083,Eileen,Summers,1946-04-05,"Studio 3, Teresa Point",,East Georgiaburgh,L1 4WG,,+44121 4960143,mutual rewards,2021-03-06,0
2084,Henry,Carter,1975-09-04,"Studio 9, Kent Radial",,Seanmouth,S3E 0DY,uburton@example.net,+44(0)2074960334,Mutual Rewards,2024-01-23,1
2085,Thomas,Long,1945-02-15,511 Harriet Cape,,North Angela,WF61 0RE,zrichardson@example.net,+441632 960464,Mutual Rewards,2027-10-10,1
2086,Hollie,Powell,1994-02-09,098 Clarke Inlet,Studio 18,New Janetshire,PL23 4LB,lauren72@example.com,,Standard,2025-03-29,0
2087,Bethany,Thompson,1984-08-22,636 Richard Station,,South Thomasview,M1H 3DZ,farmerwilliam@example.net,0808 1570668,Standard,2024-03-13,0
2088,Norman,Warren,1968-12-12,8 Fitzgerald Ports,,Port Denis,M0U 7BQ,znicholson@example.org,+448081570656,Standard,2023-12-13,1
2089,Jacqueline,Baxter,2007-02-07,"Flat 6, Byrne Manor",,Greenmouth,E1 0UA,bishopsylvia@example.org,,Standard,2026-11-22,1
2090,Tom,Johnson,1950-12-20,96 Yates Valley,Flat 62,Declanberg,LE6 5AJ,deniscarr@example.net,0808 157 0848,Standard,2021-05-27,0
2091,Georgia,Fletcher,1968-01-27,"Studio 83W, Howard Ford",Flat 22L,Hendersonborough,E01 3YX,johnarmstrong@example.com,0113 4960037,Standard,2027-12-02,1
2092,Emily,Ward,1989-08-13,"Studio 90g, Thomas Junction",,Rosstown,N78 0ZB,kathryn02@example.net,+44(0)151 4960990,Mutual Rewards,2023-04-23,0
2093,Deborah,O'Connor,1988-06-05,918 Zoe Manor,,Melanieside,S26 1SH,qwatson@example.com,+44(0)909 8790177,Standard,2023-09-16,1
2094,Jeffrey,Anderson,1968-03-18,"Studio 26N, Sarah Walk",,Lindseyside,PO7V 4EF,toby27@example.com,+44(0)113 496 0508,Standard,2027-11-05,0
2095,Megan,Haynes,1956-06-02,"Flat 5, Humphries Hill",,New Paulaside,UB6R 0EJ,wallmarc@example.net,+44(0)151 4960074,Standard,2027-02-01,0
2096,Jonathan,Burns,1974-10-10,1 Martyn Villages,,Phillipside,DD8X 4AN,ewilliamson@example.net,,Standard,2024-09-21,1
2097,Joyce,Wood,2003-07-27,"Studio 2, Victoria Shore",Flat 73,North Donna,OX0H 5NN,slynch@example.org,03069990210,Standard,2026-01-20,1
2098,Danny,Doyle,1989-07-04,"Studio 61, Hall Stravenue",,North Megan,B9K 9ZW,patricia76@example.org,+44(0)1514960099,Mutual Rewards,2024-03-02,1
2099,Terence,Green,1960-11-26,5 Briggs Estates,Flat 76i,North Kayleighton,B57 5AA,millerjoel@example.com,+44114 496 0566,Standard,2026-10-14,1
2100,Frank,Thomas,1993-11-22,"Studio 72F, Williams Unions",,North Ben,W5 8HY,potterkelly@example.org,+44115 496 0376,Standard,2026-12-23,1
2101,Matthew,Morgan,2008-07-26,"Flat 03, Ricky Path",,Port Patrick,W75 7UZ,nicola68@example.com,(0117) 4960241,Standard,2027-06-27,1
2102,Billy,Lowe,1967-12-04,89 Holly Mill,,Aliceport,TQ58 7XQ,xfuller@example.org,+44306 999 0924,Mutual Rewards,2022-03-04,0
2103,Lucy,Swift,1992-10-19,"Studio 8, Hilary Ridges",,Georgefurt,CT2 3PE,waltonhayley@example.net,(0141) 4960341,Standard,2023-05-01,1
2104,Glen,Moore,1990-05-22,"Studio 77t, Singh Tunnel",Flat 97,North Alexland,W2H 9SB,gking@example.net,(029) 2018 0674,Standard,2027-03-20,1
2105,Clive,Watson,1994-03-29,"Studio 05E, Ahmed Divide",,South Rhysview,HP18 5EQ,grahamdaniels@example.com,+44114 496 0382,Standard,2026-05-08,0
2106,Amber,Knight,1951-06-14,"Studio 08, Benson Meadow",,Raymondview,WC60 7AQ,jaynecarroll@example.org,(0115) 496 0552,Mutual Rewards,2022-07-26,1
2107,Charlotte,Brookes,1987-12-02,65 Nash Shoals,,Danielleside,TQ35 6XJ,christophersingh@example.org,(0116) 4960711,Standard,2022-10-28,1
2108,Hilary,Francis,1986-08-26,2 Ricky Rapid,Studio 00,Angelamouth,HX7 3NH,yvonnefarrell@example.net,(0114)4960321,Standard,2025-09-05,1
2109,Ashleigh,Smith,1996-08-18,"Studio 49, Sarah Radial",,New Abdulfurt,W3C 5WL,rachel27@example.org,+44(0)28 9018 0370,Mutual Rewards,2026-04-27,1
2110,Gareth,Smith,2008-02-17,"Studio 9, Godfrey Plains",,New Benjaminfurt,TW09 7WH,warrensean@example.com,01214960658,Mutual Rewards,2025-07-11,1
2111,Anna,Wright,2001-07-19,"Flat 44, McCarthy Gardens",,East Melanieview,B92 4YJ,foxcolin@example.net,+441144960220,Standard,2022-07-19,1
2112,Liam,Cook,1985-11-11,8 Ferguson Lights,,Ryanmouth,WC1 5GJ,xbailey@example.net,(0909) 8790777,Standard,2024-03-01,1
2113,Martin,Flynn,1980-12-19,2 Sharon Burg,,Smithmouth,M3C 7LX,mary43@example.org,+44306 999 0032,Mutual Rewards,2022-11-10,0
2114,Dale,Dunn,1957-05-31,"Flat 37T, Hayward Orchard",,North Susan,N8C 9SL,mandy96@example.net,01164960243,Standard,2021-10-17,1
2115,Barry,Davies,1944-06-13,5 Hewitt Parkway,Studio 83,Lake Russell,w84ef,mrose@example.com,(0114)4960131,standard,2024-03-07,0
2116,Annette,Turner,1984-12-29,"Flat 10, Joel Estate",,Robertsmouth,S3K 6WN,sally31@example.org,0808 157 0903,Standard,2023-12-12,0
2117,Suzanne,Davies,2006-01-22,"Flat 63, Annette Unions",,Stoneburgh,RH19 6NG,morriskyle@example.org,+441914960728,Standard,2025-08-28,1
2118,Robert,Jones,1987-08-19,"Studio 4, Thomas Run",,Rosemarytown,SS1W 4JJ,amy23@example.net,0131 4960021,Standard,2021-08-29,0
2119,Trevor,Young,1948-10-25,"Flat 0, Simon Plain",,East Scott,N3 2BX,beverleyedwards@example.com,(0306) 9990089,standard,2025-06-30,1
2120,Robert,Harris,1976-11-20,"Flat 7, Stephen Way",,West Paulineside,M75 1UH,pearsonsamantha@example.com,01144960688,Standard,2026-05-11,1
2121,Stephanie,Owen,1958-02-18,"Flat 2, Wells Flat",,South Michaelbury,BL2 5AR,malcolmcox@example.org,,Standard,2026-11-17,0
2122,Annette,Davies,1996-06-10,16 Hobbs Roads,,Sharonport,NN66 6LS,whiteleanne@example.com,01134960000,Standard,2026-12-08,1
2123,Jamie,Kelly,1973-09-16,"Flat 37G, Jones Court",,Port Alicebury,G3C 5XJ,hayleyrowe@example.org,+44289018233,Standard,2023-04-15,1
2124,Hugh,Thomas,1952-04-15,"Flat 17F, Connolly Plain",,Watkinschester,B0 0QZ,davisadrian@example.net,0141 4960247,Mutual Rewards,2026-03-06,1
2125,Shane,Johnson,1957-12-24,89 Mitchell Centers,Flat 69,Robsonbury,N5 8BA,xmiddleton@example.com,+44(0)151 496 0513,Standard,2021-12-07,1
2126,Natasha,Murray,1972-01-31,823 Holloway Streets,Studio 44,Charlotteside,HD0B 8DJ,sian41@example.net,+44121 4960293,Mutual Rewards,2022-05-15,0
2127,Sophie,Cox,1977-03-30,"Studio 0, Pauline Wall",,Smithfort,BD1A 5HR,wardanna@example.com,+44(0)114 496 0279,Standard,2022-12-25,1
2128,Jason,Johnson,1960-04-01,27 Sinclair Vista,,South Annettetown,CH8 9RA,jacqueline61@example.org,(0808)1570828,Standard,2025-11-29,1
2129,Callum,Taylor,1958-08-24,58 Rogers Lake,,North Fiona,HG33 3EL,donnajohnson@example.com,(020) 74960186,Standard,2022-01-09,1
2130,Katy,Jones,1958-02-06,"Studio 63, Hutchinson Shoals",Flat 96r,East Matthew,TS99 5PW,alexanderboyle@example.com,(0191) 4960087,Mutual Rewards,2024-02-19,1
2131,Carol,Johnson,1942-07-11,49 Simon Parkways,,Donaldport,L1K 7GT,nlowe@example.com,0114 496 0793,Standard,2022-03-04,1
2132,Donna,Hooper,1968-09-19,71 Price Court,,North Ericport,G0 3SD,dkemp@example.com,(0115) 496 0791,MUTUAL REWARDS,2025-04-09,1
2133,Abdul,Dawson,1964-01-28,0 Stephen Wells,,East Shaneton,RH2Y 4XY,smithjohn@example.org,+44(0)1144960392,Standard,2021-12-05,1
2134,Owen,Benson,2002-09-05,277 Vincent Heights,,Lake Lucy,KT4N 1WN,gmoore@example.com,+44292018833,standard,2024-05-18,1
2135,Hugh,Houghton,1982-08-15,"Flat 70O, Iain Passage",,Coxville,G9U 8JJ,nicolagodfrey@example.org,020 74960789,Standard,2024-03-22,0
2136,Paige,Shah,1971-01-17,66 Emma Stream,,Lake Clare,SK08 6QT,shannon65@example.net,+44151 4960759,Standard,2024-12-12,1
2137,Abigail,Williams,1988-01-22,800 Stephens Street,,Whittakerborough,SS3R 3YJ,jade41@example.net,(01632) 960267,Mutual Rewards,2025-10-14,0
2138,Donna,Ahmed,2002-04-22,"Studio 0, Smith Viaduct",Studio 54,Harperstad,E73 1JH,dawsonkatherine@example.com,+4429 2018 0892,Standard,2027-10-19,1
2139,Teresa,Buckley,1972-09-19,2 Shepherd Terrace,,Matthewsborough,L7 7ZY,leeellie@example.net,+443069990062,Mutual Rewards,2022-08-09,1
2140,Lydia,Adams,1960-06-17,43 Harris Common,,Gordonmouth,M8 7EE,kmitchell@example.com,028 9018 0859,Mutual Rewards,2024-03-17,1
2141,Shane,Smith,1954-05-31,"Flat 09q, Helen Divide",Studio 67l,Markhaven,S2J 0DJ,oliverpatel@example.com,0151 496 0701,Standard,2026-10-05,0
2142,Jasmine,Hamilton,1971-01-13,"Flat 7, Thomas Grove",,Kathrynshire,G0H 8ZX,,(029) 2018 0022,Standard,2021-09-02,1
2143,Norman,Webb,1960-10-27,"Flat 5, Karl Inlet",Studio 1,South Frankport,W4 4SQ,clifford51@example.org,(0118) 496 0355,Standard,2025-12-29,1
2144,Keith,Allan,1946-07-22,"Studio 91w, Stevenson Burg",,South Marc,S48 5AB,qcross@example.org,+44(0)1214960250,Standard,2021-07-19,1
2145,Kirsty,Nicholson,2001-08-17,"Flat 64, Brown Lock",,Osbornefort,MK13 1NP,henrywells@example.com,+441914960649,Mutual Rewards,2021-07-21,1
2146,Lydia,Perry,1948-05-02,09 Aimee Greens,,West Keith,M0G 9FZ,kim65@example.org,+44306 9990327,Standard,2021-09-24,1
2147,Adam,Hancock,1976-10-12,6 Robinson Freeway,,Megantown,PO8B 0QB,turnerphillip@example.org,020 74960236,Standard,2022-01-30,1
2148,Elliott,Jackson,1964-06-17,8 Evans Summit,,North Annetteburgh,GY9Y 2WH,youngrachel@example.org,+44909 879 0381,Standard,2025-05-11,1
2149,Phillip,Walker,2000-07-21,51 Hughes Corners,,Powerville,SP9P 7ZD,jonesmolly@example.org,0118 496 0359,Standard,2022-01-17,1
2150,Frederick,Chandler,1969-04-11,"Flat 15, Jay Meadows",,Lake Paige,SR24 0LA,,(020) 7496 0414,Mutual Rewards,2027-10-01,0
2151,Katie,King,1971-06-30,82 Martin Plain,,West Mitchell,NR21 3RF,hharper@example.com,09098790473,Standard,2022-03-16,0
2152,Ben,Lloyd,1975-03-30,4 Ann Flats,,Robinsonside,DN6V 2PL,harrisbarry@example.net,+44306 9990784,Standard,2025-01-21,1
2153,Denis,Talbot,1941-05-14,"Flat 74S, Angela Manors",,Allanview,BS0 7YN,cooperdanny@example.org,0306 9990532,Standard,2025-12-04,0
2154,Louis,Donnelly,1985-01-16,"Flat 48W, Ricky Stream",,Terenceshire,N5A 7PL,ikhan@example.org,+44(0)1632 960570,Standard,2024-08-22,1
2155,Mary,Williamson,1985-12-20,6 Christian Burg,,Gordonmouth,CM49 8UG,maureen49@example.org,0151 4960152,Standard,2025-06-01,1
2156,Lydia,Stewart,1993-01-05,5 Parry Stream,,Port Yvonneton,G0T 8AZ,ronaldturner@example.net,+44808 1570252,Standard,2026-04-30,1
2157,Geoffrey,Harper,1943-08-08,"Flat 35, Hughes Common",Flat 02,Taylorshire,B25 0AG,catherineanderson@example.org,0909 879 0579,Mutual Rewards,2027-09-20,1
2158,Alexandra,Finch,1945-07-19,94 Leslie Meadows,,East Antonyburgh,BL8 7UB,barneseleanor@example.org,(0161)4960150,Standard,2024-03-25,1
2159,Joanna,Mills,1980-05-08,"Studio 0, Fuller Estates",,New Tobyville,BT2 8SR,brownmarion@example.net,(028) 9018 0749,STANDARD,2023-05-22,1
2160,Jamie,Webb,1965-08-01,"Flat 5, Damian Lodge",,Donnafort,W25 1FP,hlowe@example.net,(0117) 4960432,Standard,2025-10-20,1
2161,Lydia,Holmes,1947-05-08,"Studio 71v, Stewart Shoals",,Port Kirsty,TA5X 7DY,jennifer70@example.org,+44(0)1514960191,Mutual Rewards,2027-04-24,1
2162,Carly,Cole,1955-09-25,5 Gerald Locks,,West Sara,E72 4AP,patelstacey@example.net,+44191 4960663,Standard,2027-12-17,0
2163,Jamie,Robinson,1969-10-13,"Studio 38D, Nicola Creek",,West Leonberg,E8 9LZ,johnsoncarolyn@example.com,+44(0)1214960951,Standard,2025-01-18,0
2164,Russell,Barnes,1960-12-20,"Studio 4, Ricky Fork",,East Barbaraview,B1 1EA,ksmith@example.org,+44(0)118 4960432,Standard,2024-04-09,0
2165,Denis,Griffin,2002-05-19,"Flat 8, Jemma Prairie",Studio 8,Victorland,PH15 3RY,lawrenceallan@example.com,+44(0)131 496 0948,Standard,2026-01-21,1
2166,Dennis,Day,1999-06-10,"Studio 40, Tina Wells",Flat 0,South Katemouth,PO81 3HD,wjones@example.org,(0141) 496 0640,Standard,2027-06-27,1
2167,Beth,Smith,1941-04-02,50 Moore Ports,,Lake Sharonview,E0 7EB,williamsnicola@example.com,0115 4960059,STANDARD,2022-05-19,1
2168,Richard,Henderson,1987-11-28,"Flat 74, Nixon Knolls",,New Roy,N6 5LY,conorbell@example.net,(0115) 496 0268,Standard,2025-08-31,0
2169,Katherine,Chandler,1965-01-17,86 Edward Circle,,New Gillianton,TW3A 8ET,tclarke@example.org,+44(0)1214960588,Standard,2021-12-21,1
2170,Graham,Willis,1973-03-06,7 Fletcher Lake,,New Robertmouth,M4C 6TS,longkaty@example.org,0808 1570597,Standard,2024-07-01,0
2171,Guy,Hughes,1987-06-30,44 Kaur Union,,Pearcestad,S1 9ZA,flemingkaty@example.net,+44118 4960090,Standard,2023-11-06,1
2172,Leon,Begum,1980-02-14,"Flat 96k, Daly Creek",Studio 5,New Jayne,TW39 7RR,sjones@example.org,0909 879 0442,Standard,2021-02-13,0
2173,Cameron,Webb,2006-09-09,"Studio 9, Bailey Key",,North Wayneview,SY0 7XJ,cwilson@example.net,0808 157 0968,Standard,2021-06-01,1
2174,Timothy,Pearce,1998-08-14,16 Thompson Walks,Studio 35,South David,W7 6PP,bulldennis@example.org,+44(0)306 9990613,Standard,2023-11-09,0
2175,Abbie,James,1964-06-26,01 Allan Flats,Studio 20d,West Lydia,B46 4AT,dunnchristine@example.org,+44(0)1174960115,Standard,2024-06-07,1
2176,Bryan,Harrison,1944-07-01,62 Cook Spur,Flat 8,Joannabury,S49 1QF,hsmith@example.com,0306 999 0166,Standard,2022-08-27,1
2177,Francesca,Talbot,1940-12-22,2 Lewis Mews,Studio 80,Harperhaven,E55 4DF,oliver21@example.net,+44191 4960334,MUTUAL REWARDS,2021-02-17,0
2178,Naomi,Hamilton,1956-11-12,445 Young Mews,Studio 69W,Hayesborough,LD11 1FB,stewartsimpson@example.net,01614960417,Standard,2023-11-25,1
2179,Jessica,Ward,1953-07-15,0 Callum Ferry,,Antonyberg,W16 4JH,annetteevans@example.org,,Mutual Rewards,2027-11-25,0
2180,June,Johnson,1977-10-29,"Studio 21e, Elliott Dale",,South John,L0G 6LF,thomsonamelia@example.org,+441632 960 173,Standard,2021-08-22,1
2181,Simon,Hamilton,2002-09-15,4 Fowler View,Flat 20t,Charlottechester,S5B 3XZ,rhys72@example.org,+44(0)151 496 0839,Standard,2022-07-22,1
2182,Grace,Bailey,1954-10-02,"Flat 24, Hill Plains",,South Michellechester,LL7 5NH,jodie28@example.net,0115 4960463,Standard,2027-06-28,1
2183,Liam,Thompson,1999-08-24,"Flat 34D, Jackson Springs",,North Carolton,ML4X 8EX,jacobhumphries@example.net,01632960449,Mutual Rewards,2027-10-17,1
2184,Gregory,White,1982-03-05,"Studio 48, Thornton Locks",,Joshmouth,M2 5TF,smithjessica@example.net,01144960713,Mutual Rewards,2022-09-23,0
2185,Rosemary,Cunningham,2004-05-13,276 Adams Crescent,,East Grace,HG4 2PY,leeangela@example.org,+44(0)808 1570067,Mutual Rewards,2024-10-03,1
2186,Kim,Taylor,1954-06-23,9 Moore Garden,,West Tracey,S2A 5HY,warrennicholas@example.net,,Standard,2027-08-31,1
2187,Ruth,Jackson,1978-10-25,289 Denise Ville,,Lake Danny,W3 8PP,evansdeborah@example.net,+44115 496 0511,Standard,2023-04-04,1
2188,Elizabeth,Daniels,2007-10-30,"Studio 6, Steven Mountains",Studio 62R,Hawkinsburgh,DY8 4LQ,wtaylor@example.org,01632 960499,Standard,2024-11-06,1
2189,Glenn,Martin,1968-02-29,4 Cooper Forest,Flat 84,Victorport,TR0 2FF,walkerjoyce@example.net,+44(0)28 9018 0848,Mutual Rewards,2021-11-08,0
2190,Dennis,Ferguson,1946-06-30,93 Andrea Ports,,North Anna,CV2E 2ND,ypugh@example.net,(0151) 4960068,Mutual Rewards,2022-09-18,0
2191,Bethan,French,1995-02-05,67 Howard Brook,,New Cherylfort,DT54 2QZ,marie01@example.org,+44(0)1144960355,Standard,2022-08-10,0
2192,Lee,Hardy,1943-12-09,"Flat 43, Briggs Loaf",,Jacksonmouth,S7 6NN,kellynicholas@example.com,,Mutual Rewards,2025-05-20,1
2193,Clive,Akhtar,1979-05-07,457 Jack Wall,,Karenmouth,G16 5PA,charlottewest@example.net,0121 496 0505,Standard,2025-06-13,0
2194,Gavin,Wood,1994-02-23,22 Gill Ports,Flat 92,Hawkinshaven,B1A 5GW,glen43@example.org,+441214960236,Standard,2021-11-17,0
2195,Conor,Taylor,1975-06-01,37 Kelly Route,,South Elliot,CR0A 0GZ,christopher79@example.net,+44(0)117 4960977,Mutual Rewards,2027-04-01,0
2196,Chelsea,Lewis,2003-09-18,4 Grant Keys,,Lake Sarahview,M87 0NE,dawn14@example.org,+4429 2018 0887,Standard,2025-02-25,1
2197,Melissa,Carter,1974-07-05,69 Aaron Ramp,,Lake Marcmouth,TD9A 6XW,frances04@example.net,01614960633,Standard,2021-02-05,1
2198,Sara,Marshall,1969-07-07,"Studio 9, Stewart Cove",,Abbieshire,M27 7TL,williamscameron@example.com,+44(0)1184960667,STANDARD,2025-09-23,0
2199,Glenn,Mason,1948-06-15,716 Smith Cliff,,North Carolhaven,PE5 4DU,crawfordvalerie@example.com,(0161)4960825,Standard,2024-06-17,0
2200,Kim,Smith,1970-06-14,5 Mark Crossing,Flat 0,Lake Nicole,L1U 9DL,manningcraig@example.net,+44(0)115 496 0017,MUTUAL REWARDS,2027-11-29,1
2201,Stewart,Jones,2002-07-31,79 Glover Radial,Flat 23X,East Josephburgh,HG8 4UA,morrissamuel@example.net,+44(0)116 4960785,Mutual Rewards,2024-10-25,1
2202,Max,Hope,1957-01-12,"Studio 42v, Carpenter Inlet",,Longburgh,PR15 6RS,davidjones@example.net,+441164960972,Standard,2022-02-13,1
2203,Damian,Harrison,1978-02-05,"Flat 8, Howarth Garden",,Port Josh,FY5H 5BX,shirleylawrence@example.org,,Mutual Rewards,2026-11-09,1
2204,Marc,Watson,2007-02-25,"Studio 9, Ashley Point",,Rickytown,W83 2RX,marian41@example.net,+449098790479,Standard,2021-06-21,1
2205,Arthur,Hussain,2007-08-04,"Flat 5, Abigail Roads",,South Kim,S0 3WF,haywardandrew@example.org,+4429 2018 0297,Standard,2025-07-25,1
2206,John,Oliver,1997-06-25,"Studio 82O, Oliver Roads",Flat 30N,East Jeremy,E28 6ZA,stanleyperry@example.org,+44306 999 0223,Standard,2022-06-02,0
2207,Olivia,Wilkins,1990-05-18,"Flat 24e, Baker Path",Flat 88,West Paigeshire,PH4V 2HH,edwardknight@example.net,(0121)4960661,Standard,2026-02-13,0
2208,Carole,Sullivan,1993-12-10,8 Natasha Locks,Flat 21,Lake Julian,SY52 4QQ,douglas72@example.org,01614960004,Standard,2025-05-22,1
2209,Kathryn,Bell,1977-01-28,"Flat 42l, Osborne Wall",Studio 3,East Abigailview,n0j7lj,kimberley87@example.com,+44(0)1144960573,Mutual Rewards,2022-12-05,0
2210,Donald,Ross,1990-07-05,379 Jeffrey Gateway,,Franceston,KY9 7RE,gilliansingh@example.net,+44115 496 0207,Mutual Rewards,2026-02-25,1
2211,Julia,Matthews,2005-10-23,"Studio 09, Steele Greens",Studio 27u,Clarkmouth,EH7E 1UA,clarkdanny@example.net,0131 496 0567,Standard,2024-11-29,0
2212,Billy,Jones,1985-01-19,"Flat 0, Price Hollow",,Elliothaven,B7B 7UW,smithroger@example.com,0306 999 0923,Standard,2026-09-27,1
2213,Sian,Elliott,1969-11-14,334 Eleanor Neck,Flat 5,Lydiatown,L03 3QL,stuartmason@example.org,(0151) 4960312,Standard,2027-01-19,0
2214,Alexandra,Connolly,1994-02-06,88 Amber Plains,Studio 5,Wilsonburgh,PA2R 9YF,bethadams@example.net,(0141)4960391,Standard,2026-05-09,1
2215,Ian,Burton,1997-05-24,67 Walker Canyon,,New Philip,PA19 8RU,jonesjessica@example.net,028 9018 0864,Standard,2023-04-27,1
2216,Henry,Grant,1956-04-21,510 Glenn Greens,,South Clive,HP7 0EW,whittakerbarry@example.com,+441614960423,Standard,2021-02-21,1
2217,Wayne,Wade,2001-08-14,"Flat 75, Geoffrey Spur",,Lesliefort,YO2H 1LJ,joseph66@example.org,+44191 496 0267,Mutual Rewards,2024-09-26,1
2218,Claire,James,1996-11-03,"Flat 77, Griffiths Ports",Studio 46,West Royport,SS57 0ZR,,+44(0)306 9990834,Standard,2026-11-16,1
2219,Eileen,Wilkinson,1941-05-22,"Studio 98F, Rachel Square",,Joanneburgh,G9B 7HR,rosejodie@example.org,+44191 4960110,STANDARD,2021-03-14,0
2220,Ryan,Jones,1973-12-07,"Studio 31, Michelle Ford",,Dawsonland,W0D 2PB,johnsondale@example.net,(029) 2018227,Standard,2023-03-14,1
2221,Francesca,Harris,1968-04-08,"Flat 54X, Walker Estates",,Joycefort,PH2M 7TD,awebster@example.com,+44(0)191 4960679,Mutual Rewards,2027-07-23,1
2222,Melissa,Morris,1990-08-14,6 Charlie Mountains,,Johnside,L76 8FP,robertdunn@example.net,(0909) 8790790,Mutual Rewards,2026-02-08,1
2223,Brian,Williamson,1960-04-23,1 Carol Forge,,Suzanneville,KY7 0GR,ronaldellis@example.net,,Mutual Rewards,2021-11-14,0
2224,Tina,Ryan,1997-06-18,"Studio 2, Harris Oval",Studio 28l,Matthewville,N20 4JG,moorebrian@example.net,(0116) 4960812,Mutual Rewards,2023-06-26,1
2225,Hayley,Austin,1989-04-23,"Studio 66Z, Lewis Burg",Flat 17,New Vincent,L7 1HU,rshah@example.net,0808 1570481,Standard,2023-07-31,1
2226,Hilary,Warner,1949-10-19,"Studio 9, Suzanne Highway",Flat 19j,New Abdulchester,EH8 1YL,patelsophie@example.net,01214960593,Mutual Rewards,2026-11-27,1
2227,Howard,Holloway,1953-12-28,7 Taylor Plaza,,Waltersfort,G57 0FG,amber31@example.net,(0116) 4960272,Mutual Rewards,2024-03-04,1
2228,Max,Shaw,1972-09-09,"Flat 03R, Alison Ports",Flat 82v,Annefort,CV39 7UW,,0117 496 0907,Standard,2023-09-20,1
2229,Jonathan,Rowley,1942-07-21,62 Mitchell Road,,Jamesshire,W3 2GZ,knighthenry@example.net,(0113) 496 0361,Mutual Rewards,2023-06-07,0
2230,Ashleigh,King,1969-06-11,"Flat 40R, Marilyn Common",,Margaretmouth,N8 8ND,alexandra22@example.net,+44(0)117 496 0560,Standard,2027-01-13,1
2231,Aaron,Macdonald,1978-04-04,11 Griffin Wells,,Barrettbury,B5J 6BU,adamsmarcus@example.org,,Standard,2023-11-14,1
2232,Vanessa,Harrison,1974-01-30,"Flat 93f, Walsh Ways",,North Joannaview,IV3 4TY,lwebb@example.com,0131 4960088,Standard,2027-01-20,1
2233,Tina,Butler,1990-08-25,"Flat 85m, Wright Shores",,Turnerhaven,S6 9RP,webbgeorgina@example.net,+44(0)191 496 0744,Standard,2026-12-31,0
2234,Alice,Chamberlain,1972-08-25,7 Turner Track,Flat 45D,Lesleymouth,S0 5XW,graemehenderson@example.com,(0909) 8790643,Standard,2022-06-02,0
2235,Natalie,Cole,1967-06-19,"Flat 1, Pickering Drive",,Priceland,HS6E 6ZY,powelllaura@example.org,+44151 4960920,Standard,2021-05-21,0
2236,Nicole,Rose,1964-01-08,"Flat 16, Begum Lodge",Flat 6,Thomsonshire,G37 5XH,ericwilson@example.org,+44118 4960932,Standard,2024-01-17,1
2237,Mitchell,Lewis,1966-07-04,206 Williams Fords,,Dawnmouth,TD1A 0FX,savagemichael@example.org,+44116 496 0666,Standard,2021-10-07,0
2238,Natalie,Moore,2006-03-24,"Flat 49T, Deborah Divide",,Boothchester,AB2 2QB,dyermarion@example.org,+441314960353,Mutual Rewards,2024-11-19,0
2239,Toby,Scott,1956-08-17,19 Taylor Summit,Studio 1,Thompsonberg,L3J 1BU,,+44(0)909 879 0017,STANDARD,2024-12-03,1
2240,Billy,Herbert,1986-05-12,348 Phillips Crescent,,Reidtown,NR31 3JE,jill34@example.net,+44161 4960621,Standard,2025-03-03,1
2241,Mitchell,Hammond,1974-11-26,375 Joel Coves,,Whitechester,IP8X 3ZT,eileenclarke@example.net,(0141) 4960028,Mutual Rewards,2023-06-20,1
2242,Bethan,Johnson,1975-03-19,"Flat 55, Lynch Brook",,East Garyshire,M9 2PH,melissa53@example.org,+44(0)114 496 0965,Mutual Rewards,2023-04-24,1
2243,Shirley,Elliott,1979-10-04,94 Evans Shore,Studio 91,Terryberg,B2 3WX,cwinter@example.org,(0118) 496 0604,Mutual Rewards,2022-02-13,0
2244,Joseph,Dale,1982-03-18,0 Miles Oval,,Nixonland,b88sp,nichollsjack@example.com,(0909) 8790673,Standard,2026-02-09,1
2245,Gareth,Bibi,1988-03-12,"Studio 07, Jessica Glen",,Dalebury,TA8 8YP,halljulie@example.net,+44(0)1154960047,Standard,2025-02-10,0
2246,Daniel,Thomas,1943-02-14,076 Bethany Wells,,East Linda,DN8 7NH,deanbooth@example.com,(0306) 999 0225,Standard,2021-07-01,0
2247,Diane,Carr,1992-04-01,83 Smith Summit,,East Paul,M6 6UQ,smithwilliam@example.net,+44(0)1214960418,Standard,2023-09-07,0
2248,Annette,O'Brien,1973-10-10,710 Hazel Brooks,Flat 43n,West Samuelshire,B9K 4BY,dharrison@example.net,(0191) 496 0768,Standard,2023-06-26,1
2249,Dorothy,Hill,1994-12-02,"Flat 84j, Bruce Ferry",,Williamshaven,LL5 6NN,kimberleyjarvis@example.com,(0131) 496 0019,STANDARD,2022-10-16,1
2250,Jacob,Roberts,1982-03-19,674 Khan Ferry,Flat 16,Tomlinsonstad,L81 9XT,conwayjeremy@example.net,(0113)4960357,Mutual Rewards,2025-03-30,0
2251,Barbara,Johnson,1964-10-05,4 Gregory Radial,,New Jacqueline,DN6E 1UP,dennis37@example.org,(028)9018477,Mutual Rewards,2026-07-14,1
2252,Ann,Lloyd,1956-09-26,"Flat 85G, Sandra Unions",,Chambersport,TQ6W 5XY,blloyd@example.net,01184960785,Mutual Rewards,2025-06-27,0
2253,Timothy,Bell,1982-11-17,"Studio 29H, Michelle Place",,Boltontown,HD05 1EQ,julie10@example.com,(0121) 4960981,Standard,2025-10-14,1
2254,Maria,Alexander,1971-12-13,"Flat 1, Duffy Rest",,North Hollyland,MK7E 0DG,,+44(0)909 879 0683,Standard,2026-06-17,1
2255,Connor,Evans,2006-01-22,"Flat 42, Janet Causeway",,Ruthland,S9 6ZA,vincent35@example.org,09098790682,Standard,2027-04-01,0
2256,Joseph,Butler,1988-02-14,"Studio 71L, Hazel Curve",,East Jean,CF0Y 3FP,iowen@example.org,+44(0)116 4960303,Standard,2023-07-19,0
2257,Natasha,Osborne,1957-08-03,64 Jonathan Mills,,Port Jason,BN4P 1DW,ucarter@example.com,+44909 8790019,Standard,2025-07-28,0
2258,Olivia,Wilkinson,1944-02-17,05 Woodward Lake,Studio 31,East Neilberg,GY7 9YU,,0117 4960413,Standard,2024-01-17,1
2259,Naomi,Baker,2002-07-08,40 Sutton Loop,Flat 71P,Marshallshire,DG6 3DN,donald94@example.net,+44(0)28 9018072,Standard,2027-08-24,1
2260,Daniel,Summers,1994-09-01,"Studio 45, Mills Hollow",,East Wayneburgh,SR76 2EX,davisontracy@example.com,+441154960527,Mutual Rewards,2026-01-10,1
2261,Alex,Myers,1959-06-11,"Flat 45h, Carol Mill",,Jordanberg,B8 0SH,bryan37@example.org,(0113) 4960842,Mutual Rewards,2023-10-28,0
2262,Louise,Hawkins,1995-10-27,"Flat 23D, Tom Fords",,Annamouth,M86 2GP,tompayne@example.org,+44151 496 0746,Standard,2026-06-11,0
2263,Rosemary,Bailey,1999-05-06,471 Lesley Branch,,Debrafort,SP7Y 2GG,bakerkayleigh@example.net,(0116)4960004,standard,2021-02-07,1
2264,Ashleigh,Hayes,1940-09-21,"Flat 03, Josephine Views",,Hartside,IG3 0BF,sinclairvictoria@example.org,+44191 4960366,Standard,2024-07-14,1
2265,Anna,White,1949-07-05,58 Elliott Hollow,,New Melissafort,N1W 4NP,louis29@example.com,+44161 4960737,mutual rewards,2023-09-07,1
2266,Kimberley,Webster,1989-06-16,318 Griffiths Manor,,Wilsonport,B91 5LE,sdennis@example.net,+44(0)3069990770,Standard,2027-06-08,0
2267,Susan,Davies,1992-11-19,"Studio 91e, Young Well",Studio 5,Valeriefurt,CB2 7LZ,murphyeric@example.com,0115 4960383,Mutual Rewards,2023-03-21,1
2268,Claire,Ali,2008-05-15,4 Oliver Isle,,West Hazelside,G30 7RB,kirsty67@example.com,+44(0)1632 960 561,Standard,2022-06-06,1
2269,Abdul,Armstrong,1944-08-16,4 Gibson Light,Studio 9,Jacksonborough,G5S 9EN,elaineandrews@example.com,+4428 9018290,Standard,2025-06-02,0
2270,Eric,Short,1985-05-31,686 Marshall Views,,Lucyhaven,WA87 2AT,kentlewis@example.com,028 9018441,Standard,2026-08-23,1
2271,Lorraine,Robinson,1963-01-07,"Studio 71, Holmes Station",Flat 5,Lake Alexandra,W4W 5LD,jacksonfiona@example.net,(0121) 4960985,Standard,2026-08-03,0
2272,Adrian,Baker,1993-04-17,"Flat 26f, Clarke Mills",,Matthewport,BT2 8PW,francescanicholls@example.net,(0115)4960035,Standard,2024-11-08,0
2273,Jill,White,2001-06-20,910 Graeme Rue,,West Joanne,E2 4YY,zhutchinson@example.org,0115 4960508,Mutual Rewards,2021-08-10,0
2274,John,Fisher,1962-08-05,"Studio 0, Murray Trail",,Lake Rosemary,UB7 3PL,burkecharlotte@example.com,,Mutual Rewards,2022-04-11,0
2275,Hilary,Hill,1993-10-07,98 Mann Parkway,,Matthewsland,S4U 1GD,frankbird@example.com,+441134960593,Standard,2027-06-11,1
2276,Dawn,Thomas,1995-01-15,"Flat 72, Albert Dam",,Dixonborough,CA13 0PU,bowenann@example.org,+44(0)808 1570984,STANDARD,2025-03-26,0
2277,Karen,Bell,1999-02-07,"Flat 0, Smith Crest",,Nicolashire,M8D 6BE,gforster@example.com,+44(0)191 496 0677,Mutual Rewards,2025-06-25,1
2278,Mandy,Ross,1977-04-28,97 Roberts Ridge,,North Julian,IV1W 2RA,joannabennett@example.net,+44(0)1632 960 615,Mutual Rewards,2027-02-20,0
2279,Jennifer,Shaw,1993-04-01,"Flat 36, Barbara Street",,Lake Charliemouth,W1 5XX,murphysophie@example.org,+44292018204,Mutual Rewards,2024-07-09,1
2280,Tom,Stokes,1993-03-10,"Flat 66o, Morris Fords",,Chapmanside,SY1H 2GH,howejustin@example.org,01144960379,Mutual Rewards,2027-05-18,1
2281,Alexandra,Parry,1950-12-22,4 Moore Stravenue,,South Jordan,G3 5TY,oliviayates@example.net,+441632960590,Standard,2021-09-09,1
2282,Antony,Foster,1975-06-07,201 Rhys Mills,,Lake Mitchellmouth,WS40 0UN,bennettjonathan@example.org,+44(0)20 74960282,Standard,2022-09-02,0
2283,Victoria,Jackson,2006-05-31,"Studio 38, Ann Points",Flat 13,Lake Jackborough,L36 3RD,benjamin47@example.net,+44(0)141 496 0194,Standard,2024-02-08,1
2284,Emily,Hopkins,1949-06-20,"Studio 18, Leah Club",Flat 6,Ireneberg,G2D 9UW,sian89@example.org,+44289018201,Mutual Rewards,2027-10-05,1
2285,Ian,Turner,1959-04-17,7 Bernard Drive,,Lake Ellie,GU78 0DZ,vincent10@example.net,(0191)4960344,Standard,2023-02-17,1
2286,Derek,Cook,1946-03-23,"Flat 24M, Green Park",,Georginaview,SW70 3YF,jonathanhartley@example.org,+44(0)1314960719,Mutual Rewards,2021-10-19,1
2287,Mark,Harris,1944-03-19,979 Shane Inlet,,North Aimeeberg,CT5 5ZR,kennethgeorge@example.com,(0306) 999 0268,Standard,2023-07-01,0
2288,Lawrence,Bowen,1941-02-08,"Studio 6, Nicholson Mountains",,Parkinsonmouth,DE9P 0NG,towen@example.net,(028) 9018101,Standard,2026-11-10,0
2289,Dylan,Collins,1976-06-16,259 Phillip Causeway,Studio 5,North Catherinechester,G5B 2WW,robinsondylan@example.net,+44(0)141 4960054,Standard,2024-07-25,0
2290,Lynne,Jennings,1982-03-03,495 Alice Summit,Flat 4,Port Adam,LS3 8TX,ifry@example.com,+44(0)117 496 0228,Standard,2023-03-02,1
2291,Bryan,Clark,1941-01-25,358 Clive Springs,,North Robinfort,LS0A 3HP,joebutcher@example.org,(0151) 496 0274,Mutual Rewards,2026-09-11,0
2292,Jake,Cox,1942-02-13,"Studio 0, Mohammed Parkways",,Davisview,S1 3PL,leonjackson@example.org,(01632) 960 892,Standard,2023-08-14,1
2293,Denis,Adams,1940-10-28,"Studio 46O, Wood Flat",,North Abdul,L0 8DW,evanssally@example.com,0118 496 0506,standard,2022-01-25,1
2294,Mandy,Wyatt,1954-04-21,994 Shirley Shoal,,Shanemouth,L31 9HW,wcox@example.com,+44141 4960850,Standard,2022-05-01,1
2295,Ashley,Potts,1948-12-19,38 Mitchell Viaduct,,South Marilyn,BR3 4RP,kaurjill@example.com,+449098790914,Standard,2024-09-12,1
2296,Geoffrey,Johnson,1941-04-23,4 Sandra Radial,Studio 34,North Barbaramouth,S0 0XJ,davischloe@example.org,+44121 4960996,Standard,2022-09-23,1
2297,Clive,Green,2000-08-22,"Flat 39, Taylor Islands",Flat 17,Wayneside,CB22 0BB,terryallen@example.com,+44(0)808 1570581,Standard,2025-07-15,0
2298,Julian,Ward,1946-01-26,2 Watson Grove,,Lake Melanieshire,IG78 2JQ,johnsonellie@example.org,01632 960264,Standard,2022-07-18,0
2299,Jamie,Woods,1961-07-01,841 Atkinson Station,Flat 47D,South Carly,S9U 9FA,laura15@example.net,+44(0)28 9018704,Standard,2027-12-01,0
2300,Owen,Taylor,1953-11-07,304 Tony Road,Flat 81x,Lake Janet,W4E 3UH,simpsonharriet@example.org,,Standard,2022-03-20,1
2301,Tina,Brown,2007-06-30,8 Joyce Underpass,,East Lyndaland,E4 7QQ,bpowell@example.org,+44114 496 0634,Mutual Rewards,2025-04-21,0
2302,Stewart,Cox,2005-07-12,"Flat 05, Josh Green",,Pagestad,G3 8XX,bennettjonathan@example.org,+44(0)151 496 0195,Standard,2026-10-27,0
2303,Katherine,Wilkinson,1951-08-11,32 Blake Light,,West Glenn,CT8 6WS,juliaedwards@example.net,(0151)4960203,Mutual Rewards,2022-06-03,0
2304,Marc,Whittaker,1985-04-15,7 Graeme Ridge,,Shaneberg,SM40 6QP,amber24@example.com,+44(0)1914960023,Mutual Rewards,2027-02-19,1
2305,Louis,O'Neill,1952-01-22,548 Victor Summit,,West Damianhaven,G7D 4YB,sylvia47@example.org,(0191) 4960132,Standard,2023-07-10,0
2306,Ian,Stevenson,1967-04-16,461 Robin Keys,Flat 73Y,South Darren,N55 3NX,hutchinsongeoffrey@example.net,+44131 496 0771,Standard,2025-10-01,0
2307,William,Morris,1979-10-19,"Studio 22, Marian Ville",Studio 6,Barryside,HX1X 1YA,lucywhite@example.net,+44151 4960456,Standard,2023-12-21,1
2308,Kimberley,Brooks,1993-02-03,07 Taylor Forks,Studio 3,Barberborough,SY3 1GE,lisa30@example.com,(0114) 496 0095,Standard,2025-07-07,0
2309,Russell,Nelson,1955-01-11,"Flat 86, Kieran Garden",,North Edwardfurt,SM5 4UL,mandy36@example.com,(0161)4960352,Standard,2021-11-05,1
2310,Tracey,Brown,1946-04-19,02 Nelson Tunnel,,New Phillipshire,M96 7ZH,gerald95@example.com,(0116)4960154,Standard,2022-04-10,1
2311,Geraldine,Roberts,2008-01-15,71 Michelle Street,,Longborough,BR91 6TJ,patrickoneill@example.net,,Standard,2026-06-21,0
2312,Clare,Brooks,1994-11-04,"Flat 94Z, Joel Greens",,Jonesburgh,M5 3TR,sanderson@example.com,,Mutual Rewards,2022-03-04,0
2313,Kelly,Matthews,1970-04-27,"Flat 96, Joanne Forges",,North Natalieshire,G3T 8YD,wknight@example.org,0292018563,Standard,2026-04-17,1
2314,Jeffrey,Ford,1984-04-18,"Studio 16, Jacqueline Row",Studio 87,Lloydville,N9 3NN,znorris@example.org,+44(0)113 496 0947,Standard,2026-03-31,1
2315,Sian,Smith,1966-03-04,361 Davis Way,,Lake Rita,B8H 9RX,zbarnes@example.com,,Standard,2027-03-26,1
2316,Wendy,Price,2004-04-24,"Flat 96, Wilson Landing",,South Shane,AL07 5AL,hortonmartyn@example.org,01632 960383,Standard,2027-08-23,1
2317,Donna,Allen,1977-05-18,7 Chadwick Underpass,,North Jemma,PH07 9WX,hharvey@example.org,+44(0)1314960616,Mutual Rewards,2024-08-17,1
2318,Elliot,Thomas,2005-02-21,028 Jacob Extension,,Lake Josh,WC6 1SP,jonesrebecca@example.net,01514960662,Standard,2024-06-07,0
2319,Owen,Simpson,1974-07-10,38 Dominic Throughway,Studio 23,Petershire,CM2P 7RL,lucy74@example.org,(0151)4960359,Mutual Rewards,2025-09-14,1
2320,Marcus,Watson,1991-07-24,"Flat 5, Jones Causeway",Studio 26,Charlottemouth,S79 7EW,harrisonmichelle@example.net,+44(0)1134960731,Standard,2027-03-07,1
2321,Jordan,Day,1988-07-19,97 Alexander Skyway,,North Antonyburgh,B3 4FH,barrysmith@example.com,+44(0)116 4960209,Standard,2023-08-24,1
2322,Oliver,O'Brien,1964-10-13,"Flat 62O, Sean Streets",,East Rebeccaview,UB0W 1DH,wross@example.org,0131 496 0517,Standard,2027-08-10,1
2323,Janet,Newton,1979-01-31,49 Payne Rapid,Studio 26j,Middletonfort,B31 3AR,burnsedward@example.net,+441614960589,Standard,2026-04-17,1
2324,Gregory,Price,1957-04-23,99 Lynn Port,,East Megan,B4 9BU,mossfrancis@example.net,0151 496 0468,Mutual Rewards,2026-03-24,0
2325,Alexander,Hawkins,1979-08-11,"Studio 88D, Powell Burg",Flat 91,Lake Kelly,PR05 8UP,,+44114 4960895,Standard,2022-10-22,1
2326,Tony,Hunt,2001-05-13,"Studio 03K, Chandler Turnpike",Studio 3,New Paul,M1 3GS,heather41@example.org,+44808 157 0423,Standard,2027-12-05,1
2327,Patrick,Begum,1982-06-13,865 Coleman Square,Flat 34,Barrybury,HD1,murphykarl@example.org,+44(0)116 496 0432,Standard,2021-12-26,1
2328,Kimberley,Hale,1948-10-09,76 Bethany Harbor,Flat 3,Heatherborough,BD0N 8LE,nbryan@example.com,01144960697,Standard,2027-11-22,1
2329,Hugh,Smith,1996-12-06,6 Carolyn Avenue,,Port Stanleyton,G2K 0YF,keithmiller@example.org,+449098790704,Mutual Rewards,2026-09-06,0
2330,Danny,Greenwood,1985-08-19,8 Page Parks,,New Joel,B62 3LP,khanlauren@example.org,028 9018728,Standard,2027-03-23,1
2331,Albert,Ross,1982-04-25,"Studio 9, Trevor Light",,Lake Deanfort,S3T 8TS,deborah12@example.net,+44(0)8081570069,Standard,2023-12-20,1
2332,Elliott,Leonard,1987-03-01,1 Bethan View,,Phillipland,WF15 6UX,jayne71@example.org,+441184960112,Mutual Rewards,2026-03-03,1
2333,Sean,Mistry,1962-12-02,4 Phillip Plaza,,Kayleighburgh,LD9 5QN,samuel85@example.com,+44118 496 0885,Standard,2026-02-10,0
2334,Katherine,Davis,1991-01-26,90 Smith Tunnel,,Lewisside,M9S 4AR,lanecharlotte@example.net,0306 9990095,Standard,2026-01-27,1
2335,Mohammad,Parker,1969-05-08,9 Christian Alley,,Hallborough,E5 0GY,russellhowell@example.com,0808 157 0770,Standard,2023-12-10,1
2336,Patrick,Armstrong,1986-05-21,38 Spencer Tunnel,,Port Bethan,PE13 5JJ,ritaevans@example.net,+44(0)161 4960404,Standard,2027-06-13,1
2337,Jason,Oliver,1987-03-22,"Flat 22g, Vanessa Views",,North Victorport,FK4X 0FN,bharrison@example.net,+44292018168,Standard,2021-10-18,1
2338,Paul,Hughes,1987-05-31,79 Barnes River,Studio 51T,Ashleighfurt,W3 2BN,smithantony@example.net,+44(0)306 999 0404,Standard,2023-08-01,1
2339,Michael,Webb,1955-02-10,85 Robson Route,Flat 43,Reesmouth,UB0 2ZA,shane12@example.net,(0151) 496 0866,Standard,2024-11-21,0
2340,Jennifer,Ward,2001-10-25,"Studio 9, Margaret Garden",,Port Derek,M8 6WQ,grahamyoung@example.net,,Standard,2026-08-12,1
2341,Jodie,Winter,1999-07-25,"Flat 1, Palmer Passage",,Youngton,SO2R 9FL,xhall@example.org,+44(0)114 4960464,Standard,2022-05-05,1
2342,Brett,Vaughan,1970-01-01,2 Donnelly Road,Studio 9,Bartonport,SG7X 3FJ,lfraser@example.net,(01632) 960 292,Standard,2026-07-11,0
2343,Nicholas,Smith,1989-12-28,06 Georgia Lodge,,Sophietown,IV9 7LQ,bennettrita@example.com,0289018582,Standard,2024-04-02,1
2344,Jake,Walker,2000-12-19,"Studio 91m, Morgan Road",,East Declanside,G5 2DZ,bdixon@example.org,(0121) 4960404,Standard,2022-04-03,0
2345,Vincent,Griffiths,1967-05-03,656 Mary Cliffs,,Hollowayfurt,EH0 7GN,ylyons@example.net,01134960531,Standard,2022-11-08,1
2346,Amber,Campbell,1994-05-07,47 Palmer Stravenue,,South Megan,LS2M 4GU,hazel12@example.net,0292018761,Standard,2022-02-20,0
2347,Leanne,Daly,1997-01-09,4 Parkin Port,Studio 48,New Graemeton,SO81 7QR,woodbilly@example.org,+44(0)1914960673,Mutual Rewards,2022-03-21,0
2348,Brandon,James,1982-12-31,"Studio 48, Robert Lane",Flat 47,South Denisfurt,L8T 5DG,holtjamie@example.com,+44(0)306 9990280,Standard,2027-03-16,1
2349,Pamela,Knight,2004-01-14,"Studio 7, Geoffrey Manor",,Watkinstown,CV3H 2UA,phyde@example.net,+44(0)1914960137,Mutual Rewards,2025-08-05,1
2350,Jenna,Butcher,1954-07-26,"Studio 23u, Taylor Lakes",,East Joantown,HX8 3XQ,ashley40@example.com,0909 8790004,Standard,2023-09-09,0
2351,Nicholas,Morris,1984-05-26,666 Karen Point,Studio 09,Shirleyburgh,EX3W 5WW,bennash@example.com,,Standard,2025-02-28,1
2352,William,Thompson,1998-12-08,86 Coates Viaduct,Flat 2,New Colin,PO8 5SY,masonhayley@example.net,(0115) 4960548,Mutual Rewards,2026-12-11,1
2353,Roy,Morgan,1950-11-13,153 Ross Lane,,Carterport,PE3 7NJ,barnescarly@example.org,01514960784,Standard,2027-11-29,1
2354,Maurice,Roberts,1991-01-19,"Studio 11X, McDonald Locks",,South Paulfurt,SG0 7WU,wfletcher@example.net,+44114 4960782,Standard,2026-10-02,1
2355,Brenda,Palmer,2007-08-16,73 Alison Highway,,East Carolinefort,SP2R 0EY,ljohnson@example.com,(0141)4960521,Standard,2025-01-16,1
2356,Iain,Gardiner,1997-01-31,"Flat 89S, Chapman Plaza",,Mooreport,B68 1NQ,wball@example.com,+441632960738,Mutual Rewards,2021-07-23,1
2357,Glenn,Parkinson,1946-12-02,"Studio 97, Melanie Common",Flat 61m,East Teresabury,W63 6ZN,xmartin@example.net,+44151 4960687,Mutual Rewards,2026-10-14,0
2358,Annette,Cooper,1980-01-03,"Flat 71I, Frances Orchard",,Julianview,S1 5ED,nsaunders@example.com,+44808 157 0406,Standard,2021-06-04,0
2359,Carl,Hardy,1950-10-02,26 Houghton Manor,,Marsdenmouth,L3C 6HU,garyarmstrong@example.net,+441164960436,Standard,2025-12-12,1
2360,Donna,Harding,1979-01-30,0 Jones Spurs,,Steelemouth,N6 4TA,fraserpaige@example.org,(029) 2018945,Standard,2023-06-29,0
2361,Jason,Shaw,1960-12-07,"Flat 60F, Bruce Canyon",,South Ruthfurt,DA8 3BB,toby57@example.net,+44(0)289018868,Mutual Rewards,2027-10-23,1
2362,Albert,Hurst,1994-08-15,2 Jack Trafficway,,Bennettstad,SK9R 4EN,barry01@example.net,029 2018 0034,Mutual Rewards,2022-03-24,1
2363,David,Edwards,1962-01-30,"Flat 17, Leonard Village",,Fletcherfort,TQ0X 7ZR,harryfrancis@example.com,(0161) 496 0123,standard,2021-05-07,1
2364,Arthur,Black,1943-04-30,"Studio 36, Butler Plains",Flat 1,Daviesstad,E3G 2GF,,(0909) 8790086,Standard,2021-07-15,1
2365,Lydia,Day,1992-11-13,0 Jennings Ports,,Burkeshire,LU8 4WX,boothpatricia@example.org,,Standard,2027-06-11,1
2366,Ellie,Robinson,1997-10-09,74 Jade Port,Studio 43t,Glenville,LL5P 6DZ,oskinner@example.org,0118 496 0929,Standard,2024-03-06,1
2367,Mark,Clark,2003-02-01,"Studio 1, Gordon Dale",,South Declanhaven,AB8R 6UB,katy11@example.net,+44(0)117 496 0883,Standard,2026-10-13,1
2368,Benjamin,Gibbs,1943-12-30,"Flat 81z, Smart Rapid",,New Normantown,CO0 8QY,vaughansam@example.com,+44(0)117 4960118,Standard,2024-09-24,1
2369,Lisa,Parsons,1969-11-07,"Studio 2, Henry Coves",Flat 86,Peterbury,M1A 9QY,samfarrell@example.net,+44(0)116 496 0444,Mutual Rewards,2021-03-27,0
2370,Tracey,Williams,1998-11-13,92 Aaron Center,,Masonview,S1J 8GQ,charlene91@example.com,+441174960211,Standard,2027-01-10,0
2371,Pamela,Thompson,1957-06-07,"Studio 0, Hamilton Extensions",,New Kimton,S1U 8AW,mbell@example.com,+44(0)117 496 0847,Standard,2022-09-02,0
2372,Kieran,Robinson,1942-10-22,5 Howard Fork,Studio 5,Kimberleyburgh,LS0 2UY,,(0116) 4960904,Mutual Rewards,2027-01-10,0
2373,Sharon,Morris,1967-05-15,7 Graham Run,,South Lee,S16 1RU,jeancollier@example.org,+441632 960410,Mutual Rewards,2027-09-08,1
2374,Roger,Fletcher,1968-10-18,8 James Plaza,Flat 20,West Carolynbury,CM9H 1PJ,daviesdiana@example.net,+442074960230,Standard,2025-02-05,1
2375,Dale,Hooper,1978-07-11,"Flat 98, Warren Pines",,Murrayland,B42 8UR,,+44(0)161 496 0090,Standard,2021-02-13,1
2376,Pamela,Bradley,1962-11-12,"Studio 64, Kelly Wells",,Prattmouth,N2F 9ZD,judithstanley@example.com,(0114)4960317,Standard,2026-05-03,1
2377,Francesca,Smith,1952-05-25,"Studio 19w, White Extension",Studio 33q,Lukeburgh,SP8 5DA,ashleighsharp@example.com,0115 496 0087,Standard,2023-04-30,1
2378,Paula,Rose,1972-09-22,99 Hussain View,,Harrisonside,LD2N 7UU,damian88@example.org,+44(0)1632 960768,Standard,2022-11-30,0
2379,Laura,Barrett,1994-01-20,"Studio 8, Nathan Branch",,Port Rachelberg,W4 6YH,burtonhazel@example.org,08081570516,Standard,2023-06-13,0
2380,Amber,Clark,1994-02-26,04 Cook Rapid,,Barbershire,L06 1ZA,jonesabdul@example.net,(0909)8790425,Standard,2022-05-17,1
2381,Max,Taylor,1975-11-01,"Flat 9, Benjamin Light",,Hollyborough,PA0V 5HP,shaunwood@example.org,0131 496 0951,Mutual Rewards,2023-01-03,0
2382,Karl,Wilson,2003-06-21,"Studio 95r, Aaron Gardens",,West Elizabeth,DY9,patrick71@example.net,0141 496 0965,Mutual Rewards,2024-07-17,0
2383,Lawrence,Murray,2003-11-26,"Studio 39k, Brown Ford",,Hollychester,S4T 4NA,mleach@example.net,+441632 960 425,Standard,2022-11-05,0
2384,Shaun,Lewis,1954-11-22,"Studio 30, Liam Courts",Studio 87l,Lake Karlshire,L0C 0QS,lucy23@example.net,0151 4960160,Mutual Rewards,2021-08-25,0
2385,Janice,Perry,1950-06-17,136 Simpson Spurs,,Wrightside,N1 0NU,csmith@example.org,08081570188,standard,2023-07-28,0
2386,Kate,Nicholls,1997-07-12,"Flat 6, Justin Expressway",,Owenchester,L66 2JP,colinstephenson@example.net,029 2018 0211,Mutual Rewards,2025-10-01,1
2387,Clive,Hayward,1994-05-25,0 Ford Drives,,Hopkinstown,ZE8 4TY,tking@example.com,0141 496 0233,Mutual Rewards,2021-04-20,1
2388,Marie,Smith,1992-12-30,"Studio 8, Wood Flat",Flat 64u,New Brandon,JE3 3JJ,thomasthomas@example.com,+441514960166,Standard,2027-11-29,0
2389,Derek,Smith,1974-05-06,30 Malcolm Roads,,New Gerardtown,E1 9QF,jonesstephanie@example.org,(0191)4960741,Standard,2023-08-01,1
2390,Emma,Godfrey,1946-08-29,"Studio 37c, Thomas Green",Studio 37m,Campbellland,EC5 5QL,icox@example.org,+4429 2018 0847,Standard,2027-06-29,1
2391,Carol,Cooper,1961-05-10,749 Beverley Course,,South Raymond,L5J 5EN,dunnlauren@example.net,+44808 1570400,Mutual Rewards,2023-08-24,1
2392,Natasha,Turner,1984-11-13,"Flat 60J, Cooper Land",,Vanessaview,N6T 7QQ,wjohnston@example.org,(0116)4960340,Standard,2021-05-22,1
2393,Jonathan,Mitchell,1951-08-31,"Flat 29, Billy Burg",Studio 15b,Crawfordshire,TS4E 1FE,lkhan@example.org,+4420 74960434,Standard,2022-06-25,0
2394,Christian,Jennings,1963-02-28,19 Hall Stream,Studio 73,Jamiebury,CV30 3PU,toddjanet@example.net,(0114)4960877,Standard,2023-03-01,0
2395,Melissa,Stephenson,1972-09-12,"Flat 52, Ashton Ways",Flat 55,Trevormouth,CF4 6BN,lorrainehughes@example.com,0118 496 0088,Standard,2023-07-03,1
2396,Nicole,Peacock,1993-02-21,41 Hodgson Drives,,Hollieton,S9D 7PU,spencersusan@example.org,(0191) 496 0806,Standard,2022-09-20,1
2397,Marion,Cook,1989-05-12,"Flat 45a, Bartlett Shore",,New Janet,EC7 4US,jenkinsowen@example.com,+441914960350,Mutual Rewards,2024-01-10,1
2398,Nigel,West,1956-04-06,40 Clare Lake,,Marcusfort,BL1M 9PA,harrietlawson@example.net,01184960683,Standard,2023-07-19,1
2399,Alan,Nash,1986-06-14,0 Ward Terrace,,Lake Kayleighport,BB65 4YH,bibivictoria@example.com,01174960491,Standard,2024-07-14,0
2400,Nicola,Taylor,1992-08-15,"Studio 57C, Beverley Canyon",,Sarahmouth,GY3P 3HD,liamharrison@example.net,+44114 4960081,Standard,2022-01-01,1
2401,Jill,Robson,1964-02-16,8 Jones Stream,,North Katiefort,E9T 8TA,btaylor@example.net,029 2018843,Mutual Rewards,2022-09-02,1
2402,Craig,Williams,1977-05-06,833 Cheryl Falls,,Davidsonport,B1W 0QN,jodiewilson@example.com,(028) 9018 0898,Mutual Rewards,2023-04-04,1
2403,Lesley,Lynch,1985-02-13,"Flat 95, Holly Fall",,Georgiatown,N3 8NY,bgould@example.org,(0117) 4960230,Standard,2022-05-20,1
2404,Mark,Griffiths,1975-10-18,86 Jamie Overpass,,New Owen,SM5 5BQ,johnsoncolin@example.net,+44(0)1514960614,Standard,2022-05-10,1
2405,Emma,James,1992-01-27,43 Hughes Track,Studio 04O,North Andrewhaven,B2 4ZE,dannylynch@example.com,+44118 496 0895,Standard,2024-06-11,1
2406,Vincent,Davidson,1957-06-15,53 Angela Overpass,,North Lindabury,DD56 6JH,qchapman@example.org,0909 8790488,Standard,2026-03-04,0
2407,Liam,Richards,2004-03-25,0 Tony Fall,,Port Stevenberg,LL60 6FQ,megan87@example.com,(0121) 4960112,Mutual Rewards,2027-03-24,1
2408,Stephanie,Kemp,1988-09-30,"Flat 17, Danielle Glen",,North Carolyn,M0S 7XY,howellcatherine@example.org,(0151) 496 0168,Standard,2023-07-05,1
2409,Joan,King,1970-06-06,263 Alison Ranch,,Nicholasport,RM5 9TJ,dominicnorman@example.net,0191 4960703,Standard,2025-05-16,0
2410,Shaun,Campbell,1989-07-24,852 Howard Ridges,,Johnsonbury,HA4 3NR,hayley49@example.com,,Standard,2023-11-17,1
2411,Kirsty,O'Neill,1994-10-06,0 Christine Crossroad,,Lake Liam,NG1N 8XD,,(0116)4960368,Mutual Rewards,2025-06-25,1
2412,Victoria,Cooper,2003-09-20,2 Christine Courts,,East Sylviashire,SO2 5LY,linda70@example.org,+441144960768,Standard,2026-08-10,1
2413,Timothy,Hartley,2007-12-31,324 Collier Orchard,,North Denise,M1 2JT,jennifer45@example.net,+44(0)118 4960517,Standard,2027-06-19,1
2414,Dale,Reed,1971-08-23,1 Cook Greens,,Gilbertmouth,E5T 6RQ,heather17@example.org,+443069990864,Mutual Rewards,2022-04-24,0
2415,Martin,Read,1983-12-20,"Flat 1, Taylor Hollow",,Walkerburgh,G94 3EY,ucole@example.org,01414960441,Standard,2025-08-28,1
2416,Irene,Brown,1998-12-08,"Flat 00H, Wood Path",,Lake Cherylview,B79 1ZY,,+44(0)113 496 0979,Standard,2025-08-11,1
2417,Marie,Pickering,1989-08-31,1 Suzanne Parks,,Port Cherylhaven,NE15 4YE,ebaker@example.com,+44(0)909 879 0567,Standard,2021-06-02,1
2418,Frances,Allen,1981-12-31,"Studio 7, Iqbal Manors",Studio 20,New Laura,N79 0DP,beth15@example.org,+44141 496 0898,Mutual Rewards,2023-11-23,1
2419,Craig,Whitehouse,2008-03-31,6 Robinson Place,,Ryanhaven,N1 9RS,qpatel@example.org,+44(0)29 2018695,Standard,2023-06-22,1
2420,Peter,Davidson,2000-08-16,4 Joyce Lights,,New Hilary,IM9W 7EJ,gillian00@example.org,0151 496 0845,Mutual Rewards,2021-07-24,1
2421,Kayleigh,Lane,1963-07-14,"Studio 02o, Mann Plain",,North Reece,E4T 6BL,allenamelia@example.org,+441632960629,Standard,2022-05-14,1
2422,Derek,Stone,1984-04-14,"Flat 76, Terence Walks",Flat 9,Marcburgh,LA2R 0SR,rconnolly@example.net,+44(0)28 9018 0059,Standard,2025-03-27,0
2423,Allan,Robson,1996-03-08,53 Russell Landing,,New Geraldinehaven,B68 9LW,davislee@example.com,,Standard,2025-12-04,1
2424,Charlene,Burton,1994-01-29,427 Fiona Cliff,Studio 3,Faulknerhaven,B4 2AG,allanwhitehead@example.net,(0909)8790708,Standard,2024-09-30,1
2425,Alice,Thomas,2007-03-11,24 Vincent Haven,,North Samuel,L21 3RU,alan09@example.org,,Standard,2027-03-19,1
2426,Maurice,West,1989-05-22,"Flat 70, Raymond Square",Studio 18,East Rickyborough,W1 8XH,begummohammad@example.com,+44113 496 0827,Standard,2026-06-02,1
2427,Sarah,Vincent,2003-04-18,"Studio 58, Marilyn Park",,Kathleenside,SN4P 4XF,karlthompson@example.net,+44141 496 0425,Standard,2021-01-26,0
2428,Leon,Miles,2005-09-14,"Flat 7, Khan Lake",,Alexanderchester,TQ12 5AD,williamsian@example.org,(0116) 4960418,Standard,2021-11-23,1
2429,Oliver,Marshall,1960-04-06,62 Daniel Prairie,,Morrisonburgh,SS21 8LU,jackpope@example.com,0117 4960141,Standard,2027-11-07,0
2430,Joshua,Bell,2001-05-13,43 Fiona Knolls,,Christopherstad,WF86 2YR,waltersabigail@example.org,(0306) 9990472,Standard,2027-11-03,1
2431,Abigail,Davies,1952-12-24,897 Tracy Causeway,Flat 46j,East Angelaport,SS5 1YZ,,+44114 4960673,Standard,2023-05-25,0
2432,Amelia,Kennedy,1992-10-18,21 Ricky Burg,,Lynchland,S64 9AU,lucasross@example.net,01214960271,Standard,2027-05-09,1
2433,Gerald,Wood,1998-07-03,70 King Hills,Studio 92i,West Annette,TR16 0AL,ben41@example.com,+441174960456,Mutual Rewards,2023-08-15,0
2434,Michelle,Bell,1964-11-13,718 George Dam,Studio 06n,West Valerie,RH9 9LZ,zsaunders@example.com,+44131 4960646,Standard,2026-08-13,1
2435,Mary,Hughes,1971-01-06,"Studio 4, Gerald Hollow",,South Fionaview,L2 2GE,qturner@example.net,+44131 496 0324,Standard,2027-02-20,0
2436,Mitchell,Marshall,1947-12-31,4 Green Brook,,Alexandrahaven,N90 5WE,,(0306) 999 0983,Standard,2024-08-05,1
2437,Claire,Tucker,1990-09-28,"Studio 9, Brandon Ranch",,New Julianfort,HU39 9BB,clare83@example.com,+44(0)1144960080,Standard,2025-03-28,1
2438,Sarah,Fowler,1976-11-02,"Flat 3, Sharpe Landing",Flat 3,Stewartton,M22 8PY,paul31@example.org,+44(0)306 9990155,Mutual Rewards,2025-11-17,0
2439,Susan,Allen,1966-09-02,"Studio 24, Tina Square",,Griffithsfurt,HG3 0EX,griffithspauline@example.org,(0117) 4960280,Standard,2026-09-15,1
2440,Frederick,Hayes,1970-08-18,"Flat 83, Bruce Heights",Flat 91E,Port Steven,KT5B 8ED,taylorbilly@example.com,,Standard,2025-09-15,1
2441,Dawn,Giles,1966-08-01,"Flat 1, Henry Bridge",,North Karen,M50 5PY,obennett@example.org,01174960121,Standard,2022-09-23,1
2442,Keith,Morgan,1996-09-22,34 Lamb Loaf,,Port Rachael,L6 1PJ,garry06@example.org,,Standard,2021-08-27,1
2443,Iain,Burton,1993-05-28,205 Wright Haven,Flat 75o,South Benjamin,W4 3HQ,philliphunt@example.org,0151 4960941,Standard,2024-10-08,0
2444,Bruce,Griffiths,1982-12-31,075 Owen Divide,,Tobyview,L8G 1FH,maria79@example.org,01314960073,Standard,2021-05-11,1
2445,Rita,Rahman,1958-08-08,29 Andrews Spring,Studio 56,South Rachel,LA31 9RG,ismith@example.net,+44(0)151 496 0547,Standard,2021-03-13,0
2446,Terence,King,1945-04-03,4 Carolyn Knolls,,New Julian,M2H 8FX,readhelen@example.com,+44(0)1632 960960,Standard,2023-07-03,1
2447,Alexander,Jarvis,1971-09-05,"Flat 47D, Jacqueline Harbors",Studio 13,West Dawn,G9W 4NF,victorrussell@example.com,+44191 4960843,Standard,2027-06-13,1
2448,Jenna,Smith,1959-03-04,960 Harrison Well,,Chapmanberg,E92 7WU,owen45@example.com,,Standard,2027-02-05,1
2449,Gail,Ellis,1988-05-28,1 Pollard Views,,Evansburgh,PH94 2ZS,danny48@example.org,+44(0)151 496 0719,Standard,2027-03-28,0
2450,Denis,Butler,2007-04-19,941 Tracey Hills,,Josephinemouth,CW91 8WN,samuel14@example.com,+44306 9990082,Standard,2022-09-11,1
2451,Craig,Richardson,1971-01-09,"Flat 7, Jay Passage",,Lake Cheryl,M4T 7EW,pritchardvictor@example.net,+44(0)1144960289,Mutual Rewards,2025-10-23,1
2452,Christine,Clark,2000-02-13,744 Murray Manors,,South Glenn,L7 4TB,alextaylor@example.org,,Standard,2026-07-31,1
2453,Charlene,Humphries,1997-01-15,82 Ashley Avenue,,Port Laura,E3U 9PD,sthomson@example.com,,Standard,2024-03-08,1
2454,Kieran,Pritchard,1976-03-23,"Flat 89D, Donald View",Flat 91Y,Sarahburgh,G97 0GQ,owen85@example.com,+44(0)8081570422,Standard,2021-04-29,1
2455,Danny,Harris,1962-05-11,"Flat 91, Grace Parkways",Studio 96C,East Naomi,SK3 0SH,russellbentley@example.net,+44114 4960719,Standard,2027-04-02,0
2456,Owen,Morgan,1992-10-31,"Studio 6, Wayne Ranch",,Francescaville,WF62 5SU,nicole63@example.com,0121 496 0703,Standard,2026-06-21,1
2457,Andrew,Kelly,1970-01-31,"Flat 86, Scott Lights",,Masonmouth,MK4 5JD,uross@example.org,+44(0)1164960887,Standard,2024-04-27,1
2458,Harry,Williams,1945-04-19,"Flat 60a, Billy Course",,Port Karenside,G8H 3QD,lhopkins@example.com,(029) 2018 0974,Standard,2023-11-19,1
2459,Stephen,Brady,1976-09-03,706 Wells Green,,Port Hazelfort,BS2X 3NS,gloverhugh@example.net,0131 4960240,Standard,2027-09-24,1
2460,Ashley,May,1985-05-31,1 Fisher Crescent,Flat 08,New Bruce,458,jbrown@example.org,01414960060,Mutual Rewards,2023-12-04,1
2461,Darren,Ellis,1947-05-16,"Flat 5, Craig Plains",,East Lynn,FY0Y 4LB,rbibi@example.org,0191 498 0935,Standard,2022-12-01,1
2462,Oliver,Price,1991-03-10,61 Poole Knolls,Flat 24,North Frederickview,M8 2SX,jacquelinecharlton@example.net,+441174960527,Standard,2023-01-16,1
2463,Paula,Martin,1985-04-12,"Studio 85, Payne Lodge",Studio 45,Dennisview,BL93 9QU,gbutcher@example.org,(028)9018394,Standard,2023-03-09,1
2464,Eileen,Russell,1990-07-29,"Studio 30, Riley Plaza",Flat 57G,Tonyton,TS2H 7UE,abbie65@example.net,+441134960286,Standard,2021-02-10,0
2465,Keith,Watkins,1984-04-28,69 Ryan Pass,,Port Janiceside,l71eb,craigsimpson@example.net,(0114) 4960951,Standard,2021-09-26,1
2466,Thomas,Pearce,1941-06-18,"Studio 26w, Steven Lodge",,Susanland,TS6 0AA,tgraham@example.net,+44(0)306 999 0143,Standard,2024-11-23,1
2467,Louise,Thompson,1965-06-24,556 Jason Ville,,Lynnebury,GL8 0UH,gilliansanderson@example.net,0909 8790199,Standard,2027-02-22,1
2468,Simon,Smith,1980-06-21,"Studio 3, Lewis Branch",Flat 53,Robinsonmouth,L3F 1QD,beverley40@example.net,(0113)4960746,Mutual Rewards,2025-01-09,0
2469,Aaron,Wilson,1952-10-14,"Studio 88, Stuart Pine",,North Anthony,IM05 5XT,smithlaura@example.org,+44(0)29 2018 0776,Standard,2026-01-18,1
2470,Jane,Jones,1943-09-09,5 Fox Light,,Port Danielletown,W37 3XA,caroline12@example.org,+44141 4960629,Standard,2024-04-09,0
2471,Ellie,Wheeler,1981-11-11,34 Judith Port,,Lake Arthurburgh,NP54 6AR,kathleen99@example.org,0116 4960191,Standard,2026-09-17,1
2472,Bernard,Barrett,1990-10-03,42 Lesley Rapids,Flat 34S,Helenview,SW0 4SG,peter44@example.org,+44141 4960316,Mutual Rewards,2027-03-02,0
2473,Katy,Edwards,1945-04-16,"Flat 17d, Benjamin Forges",Flat 79,West Chloeview,E20 6AQ,faulknerpaula@example.com,+44(0)1414960902,Standard,2027-03-01,1
2474,Yvonne,King,1991-02-12,708 Jennifer Valleys,,West Kieran,W5 0XT,ylane@example.net,0151 496 0673,Standard,2023-05-17,1
2475,Jasmine,Saunders,1983-12-06,"Flat 1, Edwards Cape",,Suzannemouth,OX1 6QD,ywheeler@example.net,,Mutual Rewards,2022-06-08,1
2476,Jamie,Wilkins,1956-07-24,952 Green Crossing,Studio 67,Lake Fionachester,L7C 1SL,garry71@example.org,+441174960258,Mutual Rewards,2021-10-12,1
2477,Beth,Grant,1945-11-11,"Flat 48, Julian Brook",,West Gailbury,WS25 9EP,carlywood@example.net,0118 4960058,Standard,2027-09-15,0
2478,Jonathan,Hudson,1954-08-13,"Studio 62s, Leonard Meadow",,Greenland,S1 8DR,hillreece@example.net,01164960986,Mutual Rewards,2023-10-05,1
2479,Alex,Turner,1982-06-11,"Flat 4, Brown Club",,New Catherineside,WR0 7NH,lwillis@example.com,(0114) 4960426,Standard,2021-10-30,0
2480,Kerry,Robson,1960-07-08,4 Toby Via,Studio 21j,Port Hilarybury,W30 6BJ,leannewright@example.net,+443069990573,Standard,2024-12-25,1
2481,Bethany,Owen,1965-10-16,"Studio 10J, Charlton Bypass",Studio 2,Tinaview,AB3R 4YN,oconnorfrank@example.org,+4420 74960845,standard,2024-01-27,0
2482,Dean,Edwards,1988-06-12,54 Law Extension,,Stevenview,L6 2QP,,(0191) 496 0613,Standard,2022-10-18,0
2483,Karl,Murray,1988-02-29,5 Spencer Road,,North Martin,L7 3SU,lewisharry@example.org,+44(0)1632 960 522,Mutual Rewards,2021-08-26,1
2484,Terence,Hamilton,1992-05-08,830 Jackson Forest,,East Jordan,E3J 9XS,wadedenise@example.org,+44(0)1914960968,Standard,2026-05-30,1
2485,Terence,Kaur,1958-12-05,"Flat 35, Gardner Plains",Flat 58,West Joannahaven,LU96 7SX,lpearce@example.com,0121 496 0644,Standard,2022-05-08,0
2486,Marc,Lynch,1968-12-30,"Flat 84b, Joyce Trail",,Dayberg,B7F 2FL,greengillian@example.com,+44191 496 0983,Mutual Rewards,2024-06-01,1
2487,Karl,Miah,1943-01-26,96 Miller Lane,,Daviesville,BL3 8LP,victor36@example.com,020 74960326,Standard,2022-08-14,1
2488,Charlie,Smith,2007-10-04,"Flat 8, Steven Mountains",,Jennafurt,TS14 6RQ,fiona08@example.net,+44(0)2074960571,Standard,2021-06-02,1
2489,Pamela,Thomas,1990-01-20,4 Edward Expressway,Studio 35L,Brownstad,N5C 9QA,gerard36@example.org,0808 1570488,Standard,2027-11-28,1
2490,Gerard,Wilkinson,1944-02-06,"Studio 18g, Abbott Mill",,Chloefurt,G6S 6ZA,walkerkimberley@example.net,0161 4960303,Standard,2024-08-10,1
2491,Owen,Morgan,1945-03-05,74 Williams Glen,Flat 34,New Dianamouth,N5 0EH,gordonsharp@example.com,(0909)8790317,Standard,2027-03-03,0
2492,Aaron,Simpson,1964-12-04,"Studio 49B, Lewis Parkway",,Damianview,G6 0EP,derek63@example.org,,Standard,2022-10-09,1
2493,Jake,Thomas,1963-04-20,"Studio 7, Fletcher Bypass",,Gregoryberg,E1 6WG,oobrien@example.net,(0121)4960018,Standard,2025-08-23,1
2494,Colin,Bird,1948-04-02,"Studio 74g, Stephanie Spurs",Flat 71,Timothyborough,M8 8XF,oallan@example.com,(0117)4960946,Mutual Rewards,2022-12-25,0
2495,Christine,Williams,1943-05-06,868 Elliott Harbors,,Arnoldmouth,HP7 4TG,rpritchard@example.net,+441514960931,Mutual Rewards,2026-11-08,0
2496,Naomi,Little,2002-10-04,12 Karl Manors,Studio 8,Lake Jacobville,HU4 3TJ,sprice@example.org,+44(0)118 496 0145,Mutual Rewards,2025-08-07,0
2497,Eleanor,Cooke,1966-08-03,6 Chamberlain Gardens,,Lynneton,EH28 7PP,donna40@example.org,0121 496 0210,Standard,2027-08-29,0
2498,Lydia,Anderson,2006-10-23,"Studio 88, Nicholls Station",,North Josephineshire,SP66 9HY,valeriebennett@example.net,0117 4960607,STANDARD,2025-12-12,1
2499,Maureen,Anderson,1946-06-24,"Studio 89O, Andrew Parks",,Lake Norman,E0B 6FL,osullivankarl@example.org,028 9018 0526,Mutual Rewards,2023-03-22,1
2500,Hannah,Jones,2007-03-18,"Flat 63U, Jacob Row",,Danielstad,SA6 8WN,mitchellkaren@example.net,0131 496 0474,Standard,2022-07-17,1
2501,Thomas,Day,1943-08-26,4 Irene Mission,,West Cliveport,B13 2LZ,paulafisher@example.com,+44808 1570096,Standard,2026-03-01,1
2502,Samantha,Saunders,2003-06-08,537 Gray Coves,,East James,CR15 5RA,jeffreyhayes@example.com,+44(0)28 9018032,Standard,2026-06-15,1
2503,Hollie,Short,2003-04-21,80 Charlotte Plain,,Markchester,CT9 8QP,simon79@example.org,+441164960008,Standard,2022-02-19,1
2504,Sylvia,Clarke,2005-12-21,"Flat 91o, Teresa Lights",Flat 0,Elliottfort,M1 6LA,grobertson@example.com,+44(0)8081570118,Standard,2022-03-01,1
2505,Justin,Thompson,1953-01-07,2 Long Burg,,East Antony,G13 8PW,birdchristian@example.com,+44(0)1174960502,Standard,2022-03-04,1
2506,Oliver,Edwards,1942-06-13,10 Grace View,Studio 53,North David,PO7 2XD,hilary35@example.org,01632960941,Mutual Rewards,2026-04-26,1
2507,Alexandra,Jones,1957-09-07,63 Rosie Coves,,North Damienview,E67 1NE,singhjosh@example.net,(0808) 1570882,Mutual Rewards,2027-12-08,0
2508,Matthew,Stevenson,1954-08-15,"Studio 2, Harriet Burg",,Lake Edward,ME3P 2YH,oclarke@example.net,+44(0)292018205,Standard,2024-03-22,1
2509,Bruce,Ali,1947-04-05,"Studio 16, Harding Cliffs",,South Amber,TR4 1JA,melissa72@example.com,0808 157 0332,Standard,2023-08-20,1
2510,Harriet,Jackson,1980-09-21,30 Humphreys Way,,Robsonchester,G0 2XQ,jordan40@example.org,+44141 4960166,Mutual Rewards,2027-09-07,0
2511,Maria,Moss,1996-12-23,"Studio 01u, Morris Curve",,West Sheila,NE1 6AN,leah98@example.org,01632 960 781,Standard,2023-05-30,1
2512,Elaine,Simpson,1954-10-16,"Studio 64N, Davies Ville",,Laneville,S98 5JJ,sarah33@example.net,(0121) 4960309,Mutual Rewards,2026-06-02,0
2513,Ashley,Fletcher,1948-07-02,"Studio 83, Terence Causeway",,Port Adam,N2A 6LP,robinsongarry@example.com,0114 4960585,Mutual Rewards,2024-09-20,1
2514,Susan,Hunter,2001-07-31,"Flat 9, Morris Square",,Port Lynda,BD4 4YF,wrightleonard@example.com,+44(0)131 496 0491,Standard,2022-07-22,0
2515,Kerry,Kelly,1951-08-03,94 Cooke Curve,,Port Sally,G99 8TN,jennifergiles@example.net,+44808 1570630,Mutual Rewards,2023-05-15,1
2516,Jayne,Taylor,1954-12-19,"Flat 9, Page Place",,Ellisland,DH88 8DA,lynne25@example.org,+44116 496 0118,MUTUAL REWARDS,2026-01-11,1
2517,Lawrence,Palmer,2002-12-30,1 Stewart Lane,,Laurafurt,S30 4HH,kimberley01@example.com,(0141)4960407,Standard,2026-09-02,1
2518,Harriet,Owen,1970-02-18,"Studio 69s, Arthur Loaf",,Turnermouth,G8D 2QU,gsmith@example.net,(0141) 4960165,Standard,2024-07-16,1
2519,Joyce,Leach,1943-01-19,"Studio 6, Brown Forest",,South Sarah,ML6 7ED,olivermichelle@example.com,02074960693,Standard,2026-03-29,1
2520,Jeffrey,White,1956-09-15,"Flat 34, Thorpe Rapid",Flat 85,West Elizabethburgh,NG3R 7TN,knightrobin@example.org,+44(0)292018360,Mutual Rewards,2021-12-26,1
2521,Alexander,Andrews,1996-06-01,"Studio 6, Laura Forest",,Albertton,N81 5NZ,johnsonlisa@example.org,,Standard,2025-05-08,1
2522,Graeme,Palmer,1991-08-08,"Studio 0, Davis Lock",,Annetown,S32 2XS,fcarpenter@example.org,(028) 9018 0217,Standard,2022-11-27,1
2523,Michelle,Cooper,2001-12-29,"Studio 6, Barnes Rest",,South Gailton,ZE27 2HS,katie61@example.com,+44(0)151 496 0665,mutual rewards,2026-11-23,1
2524,Pauline,Johnson,1980-04-05,"Flat 02k, Griffiths Station",,Port Dominic,WN9 5TG,charlene49@example.org,+441514960648,Mutual Rewards,2027-02-09,1
2525,Jeffrey,Davison,1977-03-16,"Studio 10, Bell Neck",Studio 18,East Maureen,TA0R 3JE,lisa67@example.org,(0131) 496 0330,Mutual Rewards,2025-07-14,1
2526,Hugh,Hopkins,1984-03-02,606 Marshall Inlet,,Helenshire,E0 0XY,hgardiner@example.com,+44117 496 0804,Standard,2021-06-20,1
2527,Bryan,Moran,1981-07-03,16 Woods Spring,,East Paulfurt,N48 3YS,johnsonjames@example.com,+443069990808,Mutual Rewards,2025-10-12,1
2528,Thomas,McLean,1996-11-24,"Flat 98T, Evans Station",,Alexanderburgh,TA9 8TD,shannonfoster@example.org,+44(0)151 496 0935,standard,2026-09-11,1
2529,Lawrence,Davey,1969-02-19,"Studio 45Y, Glenn Wall",,Walkerborough,BN1W 2RD,beth57@example.net,0191 498 0245,Mutual Rewards,2027-03-29,1
2530,Ruth,Alexander,1995-06-03,30 Griffiths Path,,South Dominicmouth,S3B 3HH,hannah83@example.com,02074960570,Standard,2027-03-24,0
2531,Julia,Lyons,1966-10-10,03 Martin Vista,,Dyerburgh,N62 3LH,laurenhayward@example.org,+44306 999 0205,Mutual Rewards,2025-02-23,0
2532,Dylan,Richards,1950-10-19,8 Harper Parkways,,New Molly,TD28 0FL,joanne45@example.org,+44115 496 0076,Mutual Rewards,2026-06-10,1
2533,Fiona,Harrison,1963-01-22,"Flat 0, Thomas Ports",,Hallview,N93 5UD,hharrison@example.com,+449098790633,Mutual Rewards,2024-04-24,1
2534,Jack,Miles,1954-01-24,1 Lydia Estates,,North Jeremy,B36 2SW,chloe30@example.net,+44(0)114 4960690,Mutual Rewards,2022-09-07,0
2535,Glenn,Day,1944-12-16,"Flat 06, Kathleen Stravenue",,Kerrytown,CR4 1DS,fionawalsh@example.org,+449098790436,Standard,2025-03-20,0
2536,Georgina,Ward,1989-09-16,"Flat 34, Owens Orchard",,Begumfurt,G9D 0UH,gbrown@example.com,+44(0)3069990746,Standard,2023-04-15,1
2537,Dale,Buckley,1997-03-03,"Flat 8, Christine Spring",,Hollandview,SY5N 2XJ,ashleigh88@example.com,(028) 9018421,Standard,2021-05-26,0
2538,Kimberley,Phillips,1997-02-08,47 Morris Ramp,,North Trevor,S0J 7QJ,katycampbell@example.net,+44(0)191 496 0567,Standard,2027-06-28,0
2539,Mary,Gill,1959-08-17,427 Marie Passage,,New Victoria,GY8 3HW,austinclaire@example.org,+44(0)141 496 0347,Standard,2027-09-21,0
2540,Harriet,Hooper,1993-02-25,"Studio 8, Douglas Tunnel",,Rileyside,N4 5FY,laurenlewis@example.com,(020) 74960148,Standard,2021-01-21,1
2541,Nicole,Parkin,1994-01-15,"Studio 21, Nigel Trail",Studio 05H,McCarthyhaven,TS94 1XL,cooperdawn@example.org,+44118 496 0178,Standard,2026-10-01,1
2542,Alison,Miller,1998-09-23,5 Ali Curve,,Franklinview,DN02 7XS,donald57@example.net,01414960667,Standard,2022-10-26,1
2543,Rachel,Bryant,1958-09-06,2 Jamie Route,,West Danny,S1F 7ZY,arthur18@example.net,(0131)4960199,Mutual Rewards,2024-07-01,0
2544,Sally,Martin,1991-10-23,62 Denise Divide,,South Jamie,N9 0GH,holliejenkins@example.org,+44(0)118 4960732,Standard,2025-03-05,0
2545,Justin,Clarke,2005-06-01,758 Timothy Meadow,,West Marion,SW97 8QD,phillipsangela@example.com,+44(0)1514960163,Standard,2021-12-28,0
2546,Charlene,Saunders,1985-06-24,096 Naomi Street,,Lewisfurt,E8 9GX,joyceedwards@example.net,,Standard,2026-10-27,1
2547,Max,Sims,1953-07-22,08 Brett Shore,Studio 89,Birdborough,RM4 8PX,sam04@example.net,03069990549,Standard,2022-07-11,0
2548,Stephanie,Hughes,1991-06-17,"Studio 56C, Wilson Pike",Studio 6,West Glennborough,G4W 3HU,royroberts@example.com,029 2018 0408,Mutual Rewards,2021-10-28,0
2549,Grace,Woods,1952-01-27,"Flat 89d, Peter Pike",,Bradleymouth,N99 9FD,alice86@example.com,01632 960 482,Standard,2025-10-18,0
2550,Ann,Hooper,1999-03-05,5 Frances Pass,Studio 0,North Beverleyton,CW46 2DF,jaystevenson@example.com,,Standard,2023-06-22,1
2551,Gerald,Hall,1964-07-26,206 Bennett Green,,Elizabethchester,BL37 7BD,sullivankaren@example.net,+44(0)909 879 0575,Mutual Rewards,2022-12-27,0
2552,Kathleen,Shaw,2002-06-23,78 Holmes Mount,,North Aliceland,SM8N 9ED,igray@example.org,+441614960875,Mutual Rewards,2027-10-12,1
2553,Leanne,Carter,1959-10-20,"Studio 91, Khan Rapids",,South Maureen,BN8 1YQ,zhooper@example.org,03069990100,Mutual Rewards,2021-02-27,1
2554,Garry,Cooke,1975-07-09,406 Wheeler Path,Flat 90Z,East Louisetown,S1E 3YD,dalekelly@example.net,(0121) 496 0237,Mutual Rewards,2027-10-10,1
2555,Kathleen,O'Connor,1986-03-04,"Flat 31, Jones Course",,South Lydia,N6 9FR,ofox@example.com,+44(0)115 4960013,Standard,2023-06-18,0
2556,Patrick,Taylor,1975-11-17,"Studio 87B, Robert Drive",,Watkinshaven,E8 3EY,iholmes@example.com,0117 4960591,Mutual Rewards,2022-08-20,1
2557,Damien,Bennett,1979-07-22,637 Williams Pike,Studio 82t,Lydiaville,W8B 3YE,wbray@example.org,+44(0)191 496 0823,Standard,2026-04-07,1
2558,Justin,Campbell,1983-06-08,"Flat 41X, Melanie Mountains",,West Stanleyport,BB5 7PQ,justinharris@example.org,(0117) 496 0690,Standard,2027-11-30,1
2559,Lesley,Hancock,1981-07-22,499 Ricky Spring,Flat 0,Taylorfort,W8K 7QH,aaustin@example.com,+44(0)808 157 0545,Standard,2025-03-28,0
2560,Lynda,Bird,1954-07-13,"Flat 37n, Martin Locks",,Marcmouth,M44 1GG,uwalker@example.org,01214960369,Standard,2022-05-19,1
2561,Jordan,Howard,1947-04-30,5 Smith Inlet,Studio 02M,Walkerhaven,N3J 0SL,hamiltonvalerie@example.com,+44(0)191 496 0967,Standard,2025-09-26,1
2562,Callum,Rowe,1956-06-03,69 Marcus Locks,,North Mohamedshire,PH3B 4NU,richard50@example.net,+44292018515,Standard,2025-12-24,0
2563,Abdul,Butler,1956-10-10,"Flat 3, Burton Tunnel",,South Mark,BS05 0ZE,nforster@example.net,+44(0)131 496 0372,Standard,2025-09-24,1
2564,Lewis,Hall,2008-06-04,"Flat 8, Jones Mills",,Sylviaborough,E5 5DS,allan39@example.net,+44(0)115 496 0883,Standard,2024-04-13,0
2565,Bethany,Morgan,1985-08-26,741 Fisher Dam,,Elliottfort,W2 0TP,elaine86@example.net,0115 496 0658,Standard,2023-02-23,1
2566,Oliver,Reid,1965-09-30,0 Shaun Expressway,,South Iainfurt,B66 2ZW,helenporter@example.net,(028) 9018410,Standard,2022-07-19,1
2567,Stephanie,Harrison,1996-07-01,638 Edward Mews,Flat 92X,East Keithstad,G2 5WD,lhall@example.net,+44(0)28 9018 0257,Standard,2025-07-09,1
2568,Dominic,Douglas,1990-08-12,"Studio 12, Andrew Islands",Studio 32u,South Anthony,E1 2JA,hkelly@example.net,029 2018 0012,Standard,2022-06-02,0
2569,Nicholas,Khan,1991-04-01,652 Darren Club,Flat 7,Brettburgh,N0 9YD,jenkinsbethany@example.org,+44(0)121 4960808,Standard,2027-11-02,0
2570,Christine,Johnson,1990-09-20,150 Dean Views,Flat 50,North Mohammedhaven,TF50 6TB,annahartley@example.com,(0118) 496 0807,STANDARD,2026-03-31,0
2571,Joan,Green,1969-05-11,19 Ryan Harbor,Flat 14h,Margaretside,E7F 1BY,suzanne34@example.net,(01632)960359,Mutual Rewards,2021-07-23,1
2572,Sam,Jones,1981-06-03,24 Flynn River,Studio 05l,Lake Alex,SE4R 0YD,wwalton@example.net,+44(0)1414960364,Standard,2021-04-20,1
2573,Harriet,Hudson,1984-12-09,"Studio 58, Oliver Plains",,Brucemouth,BT70 7QU,bturner@example.org,+44(0)151 4960106,Standard,2021-11-18,0
2574,Joshua,Kirby,1953-01-23,0 Martin Squares,Studio 53J,Hillhaven,N9 8AA,pbegum@example.net,01414960169,Standard,2021-01-03,1
2575,Benjamin,Perry,1947-10-16,"Flat 47, McLean Summit",,Jordanhaven,M4 3YL,victoria92@example.com,+44141 496 0263,Standard,2026-01-29,0
2576,Leigh,Green,1979-02-23,383 Leonard Squares,,Jasonmouth,ZE2 7TU,xarcher@example.net,0289018961,Standard,2027-11-21,0
2577,Deborah,Brown,1965-11-12,1 Norman View,,Knightland,W9U 8YG,kevinallen@example.com,0161 496 0258,Standard,2023-07-18,1
2578,Anthony,Sharp,1943-08-02,062 Payne Trail,,Michellefurt,IV0N 6WY,hudsonjustin@example.com,+44(0)1632 960 528,Mutual Rewards,2025-06-07,1
2579,Jodie,Murphy,1961-06-08,"Studio 84b, Slater Greens",Flat 9,East Maxville,SK17 2HU,ccarter@example.net,0909 879 0053,Standard,2027-11-22,1
2580,Gordon,Carter,1979-03-04,925 Kerry Meadow,Flat 70q,Elliottton,L13 4LU,davisgemma@example.com,0114 4960371,Mutual Rewards,2023-10-02,1
2581,Lindsey,Walker,1965-04-22,48 Denise Drive,Studio 8,Port William,G0 1PF,lhudson@example.org,(0161) 496 0679,Standard,2024-02-08,1
2582,Valerie,Webster,1995-02-28,"Flat 8, Young Turnpike",,Davidsontown,S9 3SP,proberts@example.net,(020)74960492,Mutual Rewards,2026-08-10,1
2583,Rhys,Baldwin,1980-03-11,"Flat 1, Ashleigh Point",Flat 7,North Julian,WD7 9BY,hazelwelch@example.com,(01632) 960176,Standard,2024-01-26,0
2584,Kathleen,Stewart,2005-01-18,837 Stewart Manor,,Lake Ritamouth,G5 0TQ,marion39@example.org,0808 1570782,Standard,2024-07-25,1
2585,Vincent,Giles,1999-01-19,44 Henry Circle,Flat 88,Charlenemouth,E0J 7EU,amanda63@example.com,(0161)4960903,Standard,2027-04-20,0
2586,Kathleen,Rees,1982-09-02,"Studio 32, John Mountain",,New Lydia,HP43 0EE,lisacartwright@example.net,+44(0)116 496 0897,Standard,2026-07-07,1
2587,Barry,Browne,1987-08-20,"Studio 1, Dylan Via",,Jonesfurt,E3 0ZX,xclarke@example.org,+441144960157,Standard,2021-11-27,1
2588,Janice,Curtis,1959-04-11,"Flat 22D, Hazel Branch",,Hillchester,WC65 5XL,abbottheather@example.net,+448081570910,standard,2022-10-31,1
2589,Angela,Phillips,1952-02-09,"Flat 64, Allan Cliffs",Flat 12,Tinaside,WD7P 1PQ,vnorton@example.net,+44(0)115 4960131,Mutual Rewards,2026-12-01,1
2590,Brenda,Barlow,1971-03-03,"Studio 39, Leslie Turnpike",,New Alison,LU22 7DD,claireday@example.net,01632960336,Mutual Rewards,2024-07-06,1
2591,Maureen,Myers,1970-08-21,"Studio 49, Olivia Points",Flat 67,Whitefort,G45 1YP,mathew96@example.net,(0118) 4960727,Mutual Rewards,2026-11-05,0
2592,Joanne,Thomas,1955-09-05,281 Knight Oval,,South Fionashire,FK4 8HY,ldobson@example.com,+44161 496 0004,Standard,2022-06-05,0
2593,Fiona,Richardson,1980-05-04,"Flat 47h, Adam Camp",,Barnesland,NW08 6XG,patrick39@example.net,+44(0)20 7496 0776,Standard,2026-11-25,1
2594,Hayley,Morgan,2005-06-20,9 Melissa Courts,,Harrisonmouth,B5J 1YN,martynfletcher@example.com,+4429 2018 0118,Standard,2025-06-10,0
2595,Christopher,Gray,1980-04-27,"Studio 7, Rita Brook",Studio 1,Fosterside,LU3 0RJ,rbaker@example.com,+44116 4960185,Standard,2021-04-24,1
2596,Chelsea,Clarke,1972-11-25,"Flat 6, Mohammad Cape",,Lawrencefurt,PO8 9AE,kward@example.com,(0114) 496 0017,Standard,2024-02-12,1
2597,Linda,Jennings,1952-12-21,78 Gerard Course,,South Danielle,E5 3WU,irenepowell@example.net,+44116 4960912,mutual rewards,2023-01-19,1
2598,Stephanie,Davies,1998-08-07,874 William Tunnel,Studio 4,Port Gareth,DA84 2JU,uthomas@example.net,0909 8790356,Mutual Rewards,2025-01-12,1
2599,Ashley,Wright,1955-01-29,"Flat 47, Ashley Estate",,Hussainfort,L33 3GR,griffinjoyce@example.net,+44117 4960222,Mutual Rewards,2026-08-08,1
2600,Katie,Butcher,1977-03-28,58 Stewart Springs,Flat 17o,New Kathleenland,TQ8B 4FL,,(0115) 4960296,Standard,2022-12-05,0
2601,Susan,Barker,1975-06-07,"Flat 22G, Kieran Burgs",,New Wendy,PR8 0ZG,janewilliams@example.net,+44(0)131 4960145,Mutual Rewards,2023-12-04,1
2602,Mathew,Moran,1945-11-03,"Flat 44j, Woodward Overpass",Flat 68,East Dale,M83 7QQ,odawson@example.com,+44191 496 0513,Standard,2026-01-21,0
2603,Dominic,Stewart,1996-12-09,6 Stevens Drive,Studio 4,Margaretfurt,HU70 7EU,evansleah@example.org,+44(0)28 9018833,Standard,2027-09-19,0
2604,Eric,Barnes,1991-03-19,"Flat 55, Adrian Ford",,Lynnport,B3 1DJ,qlucas@example.org,+44113 496 0220,Mutual Rewards,2021-09-15,0
2605,Caroline,Wilson,1997-06-19,6 Patricia Plain,Studio 8,Olivertown,BA99 4XX,mroberts@example.net,028 9018 0875,Standard,2024-08-26,1
2606,Chelsea,May,1981-01-12,959 Nicholas Brook,,New Kerry,PA3 5AY,jacobmcdonald@example.com,0117 496 0296,Mutual Rewards,2026-02-28,1
2607,Gregory,Baker,1998-07-31,"Flat 20, Norman Stream",,Port Hannahmouth,L23 9DE,rpalmer@example.org,+44114 496 0516,Standard,2023-07-01,1
2608,Rita,Russell,1972-05-31,"Studio 5, Alex Road",Studio 5,Moorechester,B0J 0NT,ryanshaun@example.com,+44(0)113 4960088,Standard,2027-07-28,1
2609,Stacey,Rogers,1981-03-07,134 Smith Views,Flat 5,New Maureen,L1U 9AN,shaun82@example.org,+441632960616,Standard,2021-04-14,1
2610,Graham,Brown,1964-03-08,"Flat 89, Stacey Extension",Flat 2,North Lewisstad,B6 9UW,lynne70@example.com,(029) 2018209,Standard,2024-09-21,1
2611,Ellie,Davis,1962-04-06,"Studio 66Q, Timothy Bypass",,New Dylanmouth,E94 2HR,shane27@example.org,+44118 496 0725,Mutual Rewards,2021-02-10,0
2612,Hayley,Curtis,1941-03-03,3 Clare Landing,,New Cherylview,TW4 1UN,elizabethbailey@example.org,(0141)4960168,Mutual Rewards,2025-01-13,1
2613,Jacqueline,Wilson,1965-01-18,37 Derek Ville,,Hayleystad,M8D 3ZE,gwest@example.org,+44(0)306 999 0898,standard,2025-08-21,0
2614,Timothy,Bailey,1985-01-05,"Studio 8, Kyle Spring",,East Sian,NG6 3LF,julianwest@example.org,0116 496 0641,Mutual Rewards,2021-02-21,1
2615,Adrian,Smith,1975-02-11,"Flat 30, Palmer Loaf",,Jennifermouth,AL61 5EU,frank42@example.org,+44113 4960843,Standard,2026-04-02,1
2616,Paula,Lee,1980-08-21,903 Tracy Rapids,,Smithchester,B2W 8UN,jamie17@example.com,029 2018612,Standard,2023-05-21,1
2617,Abigail,Andrews,1943-01-18,"Studio 85Y, Owens Hollow",,Moorechester,PH0 8GU,aharrison@example.net,0306 999 0482,Standard,2023-10-29,1
2618,Gregory,Roberts,2000-09-08,"Studio 3, Harris Mission",Studio 82c,North Alexfort,IP8H 2WD,danielleclarke@example.com,+441164960046,Standard,2027-05-13,0
2619,Claire,Wilson,1983-12-10,"Flat 17, Tom Valleys",,Macdonaldfort,ox830fb,jeremysmith@example.net,+44121 4960099,Mutual Rewards,2023-11-19,1
2620,Lauren,Cook,1989-03-29,"Flat 71, Lee Lights",Flat 19,Glenview,NP0P 7RL,ndavidson@example.net,+441134960651,Mutual Rewards,2024-05-24,1
2621,Damien,Cunningham,1970-08-10,"Flat 47m, Thomas Expressway",Studio 14h,Garethbury,W7U 0AA,mathew50@example.com,+4428 9018935,Standard,2026-04-28,1
2622,Alice,Matthews,1994-08-25,123 Holden Rue,Flat 36,South Deantown,W60 0UB,psmith@example.com,+44(0)1414960803,Mutual Rewards,2021-10-09,1
2623,Tracy,Lee,1952-06-17,"Studio 0, Edwards Bridge",Flat 66b,West Albertshire,E99 9HL,molly91@example.net,+44(0)28 9018615,Standard,2026-04-03,1
2624,Samuel,Birch,1961-12-21,"Studio 82, Lynch Dam",,Tommouth,WV41 5BW,williamspeter@example.org,,Standard,2024-07-15,1
2625,Donald,Phillips,2005-03-17,616 Harry Gardens,Flat 36,West Brandon,B43 2RL,vincent58@example.org,,mutual rewards,2024-06-13,1
2626,Josh,Grant,1991-12-03,"Studio 1, Hawkins Roads",,Fishermouth,E5G 4AU,alexandra17@example.net,+44(0)29 2018 0906,Mutual Rewards,2021-02-21,1
2627,Aimee,Hunter,1991-11-13,5 Davis Lock,Flat 2,East Arthur,W1E 0SU,tina65@example.org,+443069990002,Standard,2021-12-18,1
2628,Josephine,Pearce,1963-12-17,"Studio 76, Roberts Mills",,Lake Dylanside,SE01 5RD,dylanwilliams@example.org,0131 4960695,Standard,2021-07-19,1
2629,Patrick,Baker,1993-09-13,28 Clive Light,Flat 4,East Kerry,GY7M 9UW,,(0131) 4960136,Standard,2025-06-28,1
2630,Liam,Jenkins,1978-01-30,446 Tom Spur,,Port Lukeberg,TW29 7EL,whitehouseraymond@example.org,028 9018 0058,Standard,2025-04-10,1
2631,Stephanie,Harris,1968-09-03,26 George Trail,,Lake Josh,M6A 8DW,sarahaynes@example.org,(0115) 496 0938,Mutual Rewards,2023-12-01,1
2632,Ben,Macdonald,1952-11-13,1 Hudson Vista,,North Jason,WR4 9TA,sara98@example.net,+44(0)161 4960312,Standard,2021-02-23,0
2633,Gemma,Benson,2002-02-01,"Flat 95, Smith Station",,New Martyn,WC1 9YH,gbooth@example.com,(0117) 496 0107,standard,2023-06-29,1
2634,Alexandra,Bartlett,1968-06-14,"Studio 76, Carpenter Forge",,North Fionaburgh,E8 0SZ,seanmyers@example.org,(0808) 1570401,Standard,2021-12-24,1
2635,Gemma,Lord,1991-02-19,6 Gillian Garden,Flat 81,Youngton,LU21 6SQ,adamsdiane@example.com,+44(0)909 8790534,Standard,2021-03-13,1
2636,Adam,Roberts,1958-03-31,"Studio 71A, Sandra Dale",Studio 7,Donaldshire,EX3 6ED,hwright@example.com,+44306 999 0218,Standard,2024-02-24,1
2637,Melissa,Gardner,1971-09-15,0 Davies Harbor,Studio 22,Amyside,W6S 6SE,wilkinsongillian@example.org,+44(0)1632 960010,Mutual Rewards,2025-11-17,0
2638,Charles,Howard,1949-09-02,"Flat 78, Alexander Knolls",Studio 71M,Mohamedfort,b343xs,trevorpope@example.org,+44(0)29 2018510,mutual rewards,2021-04-05,0
2639,Lynda,Anderson,1968-01-05,9 Abdul Pike,Studio 1,Lake Jake,B3 8AT,ftaylor@example.org,+4420 74960120,Standard,2026-10-31,0
2640,Howard,Edwards,1988-04-01,795 Wilson Shoals,Flat 53u,Deborahside,S6 3BA,louisebarnes@example.org,+44(0)1514960570,Mutual Rewards,2025-05-29,1
2641,Brian,Fry,1971-02-24,778 Allan Trail,Studio 8,South Philip,SM4 4QQ,ododd@example.org,(0114) 496 0026,Standard,2024-08-22,1
2642,Yvonne,John,2003-03-28,"Flat 27u, Hudson Groves",Studio 91,West Bruce,E65 9UY,martyn74@example.org,(0114) 4960586,Standard,2027-12-20,0
2643,Helen,Hill,1952-06-11,"Studio 27, Rebecca Glens",Flat 28m,West Matthew,L08 2GY,gordon97@example.org,+44(0)1632960501,Standard,2021-05-29,1
2644,Kieran,Bull,1986-06-22,414 Ellie Spurs,,North Shirleyport,E7 4ZE,natashahowell@example.com,020 7946 0511,Standard,2021-01-19,1
2645,Marie,Edwards,2008-01-27,"Flat 2, Johnson Cliffs",Studio 9,Port Joel,LE8R 6FZ,ysharpe@example.com,+44(0)2074960307,Standard,2022-04-02,1
2646,Terence,Hudson,1944-08-09,"Studio 21, Pamela Rapids",,Lake Williamfurt,ML4P 2XU,,(0118) 496 0457,Standard,2024-04-17,0
2647,Karl,Davies,2002-06-25,"Studio 73, Nicholas Corner",,West Gerard,PO2N 7LP,,+441414960443,Mutual Rewards,2022-01-08,1
2648,Russell,O'Brien,2008-07-18,561 Emily Parkway,,East Damian,SR2W 4SA,emma74@example.org,0161 496 0248,Standard,2027-12-30,1
2649,Jordan,Reed,1959-09-17,799 Warner Oval,Studio 08,Nicoleland,SN2 7ED,ben75@example.net,(0113) 496 0736,Standard,2021-09-15,1
2650,Shane,Kay,1990-04-27,"Flat 6, Ben Villages",Flat 36,Lake Kathleen,W9 1DH,jonesemily@example.com,+44(0)1144960967,Standard,2021-12-07,0
2651,Rosemary,Williams,1958-09-30,"Studio 78, Jessica Extensions",,Palmerville,BR6 6QY,cthomas@example.org,(0116)4960127,Standard,2021-08-16,1
2652,Dorothy,Wood,1972-04-22,5 Jasmine Union,,Balltown,S2H 1SU,howardrobson@example.net,01164960842,Mutual Rewards,2024-09-02,0
2653,Holly,Reynolds,1995-07-10,84 Brandon Hills,,Francescaville,B61 6WU,paulinebrown@example.com,+441184960987,Standard,2025-02-12,0
2654,Oliver,Walker,1947-10-05,"Studio 92, Duffy Courts",,Lake Sarah,L3T 9UY,samanthaknight@example.com,(0116) 4960151,Standard,2021-09-08,1
2655,Aaron,Goddard,1966-12-26,"Flat 0, Barry Pines",,South Holly,IM5 9YX,abigailrowe@example.net,(028) 9018732,Standard,2024-08-02,1
2656,Mohammad,Turner,1957-12-28,67 Kelly Corners,,Aaronborough,SE2 9LJ,ian71@example.net,+44(0)1632 960 627,standard,2024-05-30,0
2657,Amanda,Smith,1977-06-16,"Studio 60, Cooper Crest",Flat 10,Alexanderton,CV9Y 2ZN,terence35@example.com,0113 4960990,Standard,2021-08-25,0
2658,Sylvia,Smith,1942-04-10,81 Anne Road,,Jennastad,AB3X 3FS,julianjones@example.org,0131 4960432,Standard,2022-07-29,1
2659,Samantha,Potts,1984-08-11,84 Curtis Falls,Flat 06S,South Albert,M5J 0FH,jonesgary@example.org,+44(0)1632960564,Standard,2021-05-09,0
2660,Daniel,Ali,1989-04-19,"Flat 5, Hughes Island",,West Daniel,NN7Y 1PQ,priceabigail@example.com,+44118 496 0496,Standard,2026-04-30,1
2661,Louis,Taylor,1959-10-20,4 Shirley Lock,Flat 24T,Port Lawrenceborough,HX45 9DS,bentleyedward@example.net,+44(0)1154960265,Standard,2027-01-21,0
2662,Mary,Hughes,1945-02-02,62 Wilson Harbors,,South Paigeland,NE0 5XR,burnsmolly@example.org,029 2018 0119,Mutual Rewards,2022-11-22,1
2663,Gail,Palmer,1972-09-18,"Flat 74f, Kyle Station",,Rowetown,EN4M 1XR,katy13@example.net,0114 4960408,Mutual Rewards,2021-06-12,0
2664,Kathleen,Chadwick,1980-02-17,835 Thomson Courts,Flat 27c,North Marilyn,G1 5YP,albertstevens@example.org,(01632) 960412,Mutual Rewards,2024-08-10,1
2665,Elizabeth,Ahmed,1976-12-17,068 Gilbert Tunnel,,Port Jaynetown,CV8V 4DD,edwardsheather@example.org,+44113 4960150,Standard,2022-04-26,1
2666,Nicola,Shaw,1941-01-20,"Flat 42D, Davies Course",,Garyton,HU2 6NS,forstermarian@example.org,01632 960495,Standard,2022-05-01,1
2667,Jessica,Day,1993-08-09,854 White Court,,South Jacob,E1C 3DN,nicole86@example.org,+44(0)141 4960680,Standard,2022-06-29,1
2668,Tina,Stephens,1958-11-29,"Studio 59, Mills Valleys",,Port Victoria,WR7 0QS,judithharrison@example.com,(0909) 8790329,Standard,2026-06-17,0
2669,Ryan,Ellis,1954-08-31,160 Williamson Spur,,New Toby,TN6B 6DP,baileythomas@example.org,+44161 496 0492,Standard,2022-01-21,1
2670,Kieran,Turner,1975-09-09,"Studio 86, Adam Square",,Jonesmouth,CA55 6FH,jean64@example.com,,Standard,2026-12-28,0
2671,Amber,Collins,2008-05-13,"Flat 78Y, Bibi Square",Studio 09v,New Georginatown,N9K 5RA,scottblack@example.com,(0306) 999 0251,Standard,2021-06-20,1
2672,Donald,Glover,2008-03-23,8 Cartwright Garden,,North Ben,KA7 6ZS,bchandler@example.com,+44(0)114 4960080,Mutual Rewards,2026-04-19,0
2673,Irene,May,1970-09-03,29 Hughes Fall,,Kerrymouth,CH5 0HL,lawrencejames@example.org,(0151) 4960100,Mutual Rewards,2022-12-26,1
2674,Hilary,Johnson,1990-04-19,"Studio 0, Young Forks",Studio 34L,Duncanfort,LU5 6HR,gavin99@example.net,+44(0)1164960863,Standard,2024-03-13,1
2675,Carole,Riley,2000-01-29,11 Khan Manor,,Oliverfurt,BL6 3JA,bryan06@example.net,0151 496 0514,Mutual Rewards,2025-05-08,0
2676,Patrick,Cooper,1942-01-27,25 Carter Ville,Flat 93,North Kimberleyberg,CV4B 7UE,jay36@example.com,0118 4960174,Standard,2022-05-03,1
2677,Gary,Webb,2001-09-06,9 Ann Summit,,South Thomas,W0H 9ZQ,oliver31@example.org,0808 157 0398,Mutual Rewards,2024-08-23,1
2678,Joanna,Reynolds,1982-05-07,"Flat 59, Spencer Fork",,Lake Meganstad,TA74 3TU,jenkinshoward@example.org,+44(0)115 4960563,Standard,2025-04-29,1
2679,Julie,Townsend,1956-12-17,1 Philip Trail,,West Arthurberg,DG8B 5LB,,01184960274,Standard,2021-11-15,1
2680,Glenn,Smith,1972-01-16,"Flat 25, Pearce Well",,South Liam,G0H 4DE,frances86@example.org,+44(0)2074960783,Standard,2022-02-12,1
2681,Kim,Pollard,2002-06-21,"Flat 38h, Alexandra Streets",,Lake Tracychester,M0 9XY,maryfreeman@example.com,+44(0)113 4960172,Standard,2021-08-25,1
2682,Laura,Garner,2001-09-18,"Studio 74q, Benjamin Circle",,Howardbury,CA2E 6NY,rossbryan@example.org,(0121) 4960450,Standard,2022-11-20,0
2683,Stephanie,Whitehead,1940-09-14,76 Hayward Prairie,,Justinborough,N37 4GG,ereed@example.com,0121 4960843,Standard,2027-06-19,1
2684,Leigh,Blake,2004-03-24,"Flat 62y, Brandon Junctions",Flat 85,Bruceside,N9K 8YB,,+441174960477,Standard,2026-10-27,1
2685,Howard,Robertson,1965-07-20,"Studio 53, Harry Terrace",,East Alexanderside,G12 6ET,fkhan@example.net,+441514960310,Standard,2022-04-05,0
2686,Kim,Adams,1969-01-04,1 Amanda Islands,,Lake Donna,B0 4ZX,atucker@example.com,(0118)4960840,Standard,2023-05-02,1
2687,Duncan,Carr,1968-02-13,8 Hanson Isle,Studio 15,New Frederick,CV23 9HR,anne95@example.com,,Standard,2025-10-29,1
2688,Gail,Kemp,2004-05-30,"Studio 92a, Hodgson Point",,Leemouth,G57 6GZ,taylorlesley@example.org,+44(0)141 4960925,Mutual Rewards,2022-08-03,0
2689,Rhys,Woodward,1981-12-19,966 Alison Dale,,Joshuafort,E2 0XN,jonesmaureen@example.net,(0116)4960227,Standard,2022-01-30,1
2690,Josephine,Webster,1954-07-04,"Studio 93, Olivia Passage",Flat 87G,Martinton,DY8 7RT,rwalker@example.org,+44909 8790737,Standard,2025-10-24,1
2691,Carol,Cross,1983-06-03,036 Wallace Station,,Lydiafurt,IG0B 3PU,clivechapman@example.net,+44(0)118 496 0970,Mutual Rewards,2025-08-12,1
2692,Gerald,Rogers,1961-05-23,"Flat 62, Davies Locks",Flat 41r,Jamesmouth,GY5W 1WX,jessicalewis@example.net,,Standard,2021-01-17,1
2693,Joanna,Jackson,1977-02-19,320 Anderson Haven,,Kerryland,WA55 5JZ,johnsonbruce@example.com,+44(0)1154960500,Standard,2027-06-17,0
2694,Alex,Bentley,1956-09-26,"Flat 76, Cheryl Extensions",Studio 8,Georgeborough,G15 6HB,dianataylor@example.org,+44(0)161 4960586,Standard,2024-12-17,1
2695,Mathew,Wilson,1974-01-20,"Flat 4, Cameron Lock",,Lake Lorraine,SA1R 0SB,gillian18@example.net,0191 498 0069,Mutual Rewards,2026-06-17,1
2696,Charlene,Ward,1943-03-12,9 Martyn Estates,Studio 67,Port Stephen,EN68 3XR,,(0121) 496 0610,Mutual Rewards,2027-05-06,0
2697,Caroline,Parry,1980-04-15,7 Baker Glens,,South Dianemouth,ML9 3ZD,eedwards@example.org,(0121) 496 0914,Standard,2026-06-15,1
2698,Terence,Bishop,1970-01-20,"Studio 2, Frank Ford",Studio 31,Morleyshire,B3 2NU,hicksfiona@example.net,(0118)4960195,Mutual Rewards,2021-09-26,1
2699,Dominic,Barnett,1948-06-28,"Flat 52M, Heather Branch",,West Jayne,B57 8HY,katynash@example.org,0808 157 0030,Mutual Rewards,2025-03-24,0
2700,Leanne,Davis,1947-01-01,716 Kennedy Rest,,Sophieville,N79 2HH,richardsonmatthew@example.org,0114 4960899,Standard,2022-07-29,0
2701,Josephine,Mitchell,1991-09-01,"Studio 3, Nicholas Highway",,Port Ronaldville,DL0 4BG,ewatts@example.com,(0161)4960812,Mutual Rewards,2026-11-17,0
2702,Sally,Wright,1998-06-06,3 Cross Glens,Flat 23,Lake Lesleyfort,E6C 4GU,bevans@example.com,(0151) 4960076,Mutual Rewards,2022-04-14,0
2703,Joseph,Conway,2002-02-21,35 Josephine Dam,,West Christianland,S1 4DB,uhayward@example.com,+441614960200,Standard,2026-10-23,1
2704,Marion,Smith,1954-06-30,244 Harvey Court,,Janemouth,W09 3WU,justinjohnson@example.org,0306 999 0367,Mutual Rewards,2024-09-27,1
2705,Peter,Anderson,1957-01-08,"Flat 42, Marshall Circles",,Howardborough,HD8V 2EQ,bruce24@example.net,(020) 7496 0930,Standard,2027-05-24,1
2706,Leanne,Jones,1974-08-17,1 Green Point,Studio 04,North Ritaburgh,G6 0YA,dmarshall@example.net,+44(0)306 999 0296,Standard,2025-01-05,0
2707,Vincent,Singh,1959-09-14,"Studio 8, Gordon Haven",,North Amanda,L48 5QT,melissa08@example.com,(0151) 4960471,Standard,2025-03-06,1
2708,Angela,Dean,1999-04-09,"Studio 4, Smith Drives",Flat 46,Barnesside,CB5V 0YZ,geraldinesimpson@example.net,(0116) 4960634,Standard,2022-09-02,1
2709,Lee,Anderson,2002-06-21,"Flat 04, Tony Brooks",,Port Denisberg,W3 0DW,,(0808)1570973,Standard,2027-04-25,0
2710,Russell,Garner,2003-07-14,71 Knowles Junctions,,Perkinsbury,B3B 9TG,hardingdenise@example.com,+44289018840,Standard,2024-11-20,0
2711,Cameron,James,1981-09-15,"Flat 19, Gail Plaza",Flat 73r,Hursthaven,KY7N 0DP,,(01632) 960 422,Standard,2026-08-18,1
2712,Teresa,Hughes,1971-12-10,"Flat 77P, Joshua Walks",,Lake Dannybury,TF88 8YS,gerald53@example.net,+44(0)116 496 0018,Standard,2024-12-27,1
2713,Wendy,Ali,1997-04-12,9 Bennett Glen,,North Laurenbury,AB9B 7BT,emmamatthews@example.org,+441414960272,Standard,2023-03-15,0
2714,Ricky,Price,1978-06-06,967 Hargreaves Motorway,Flat 6,East Marie,N26 5PT,louise68@example.org,(0115) 4960200,Standard,2024-01-17,1
2715,Samantha,Bryant,1962-06-15,"Flat 30V, Brown Union",,Joeborough,W2S 0UQ,julianparsons@example.net,(0808) 1570242,Mutual Rewards,2022-08-29,1
2716,Nicole,Hodgson,1944-09-24,2 Lewis Summit,Studio 1,South Reecefort,E1J 8YJ,fionarichardson@example.net,(0131) 496 0434,Standard,2026-05-04,1
2717,Brett,Howarth,2002-07-05,"Studio 12J, Hartley Forge",,Benjaminstad,W0E 9HE,olloyd@example.net,0117 4960519,MUTUAL REWARDS,2023-10-18,0
2718,Lee,Richards,1982-06-11,3 Robertson Spring,,Kirstybury,L3D 7WU,aimeeslater@example.com,+44(0)1632 960805,Mutual Rewards,2025-09-04,1
2719,Shaun,Osborne,1978-03-14,"Studio 81, Watson Plain",,West Jaynemouth,N5 7LR,aaron27@example.org,0114 4960063,Mutual Rewards,2024-05-01,0
2720,Billy,Hall,2007-07-03,"Studio 70, Lee Pines",,West Aimeeside,E9C 4TS,dominicwoods@example.com,(0161)4960993,Mutual Rewards,2025-05-05,1
2721,Jack,Murray,1942-07-06,"Flat 1, John Flat",,Sykestown,PE1 7ZY,vbrown@example.com,(020) 74960731,STANDARD,2021-03-05,0
2722,Leanne,Barnett,1979-03-06,13 Thompson Way,,West Laura,NE41 3FF,liamclark@example.net,+44(0)161 496 0869,Standard,2026-06-14,1
2723,Joseph,Duffy,1979-07-30,"Flat 7, Amber Underpass",,Jasonshire,ME2 1SX,kathleen45@example.net,+44(0)3069990369,Standard,2025-04-30,0
2724,Irene,Ford,2004-11-28,34 Julie Forges,,Jeanport,G3A 0UZ,mathewnixon@example.com,+44114 496 0390,Standard,2024-12-29,1
2725,Dorothy,Thompson,1970-01-04,"Flat 53U, Jayne Lane",,West Marion,E7W 2UE,christian27@example.org,(0161) 496 0226,Mutual Rewards,2022-09-13,0
2726,Debra,Watson,1997-08-01,16 Alex Throughway,,West Kerry,W8 0QF,carly50@example.org,+441214960783,Mutual Rewards,2024-02-13,0
2727,Graeme,Williamson,1945-05-21,357 Green Greens,,Danielton,B7 ,stevensonfrank@example.org,+44(0)116 496 0006,Mutual Rewards,2025-07-28,1
2728,Carol,James,1953-10-24,2 Leon Dale,Flat 4,East Ricky,ZE04 8NW,anthony13@example.com,(0161) 496 0245,Mutual Rewards,2021-03-04,0
2729,Chelsea,Richards,1946-01-26,008 Bowen Spurs,,Stanleyland,L2G 4RN,nigelbrown@example.net,,Mutual Rewards,2021-12-27,0
2730,Aaron,Payne,1981-01-26,"Studio 5, Harriet Knolls",,Clarkfort,S2A 7YY,qrichards@example.net,+44117 496 0294,Standard,2025-06-03,1
2731,Andrew,Hughes,1987-12-30,89 Trevor Mission,,Benjaminville,LS54 5BJ,turnerjulia@example.net,0909 879 0815,Standard,2024-11-23,1
2732,Karl,Pugh,2006-10-30,"Studio 09V, Moore Crescent",,North Jack,B81 0NT,ncook@example.com,(0121) 496 0408,Standard,2025-08-06,1
2733,Suzanne,Knight,2007-12-23,7 Joseph Union,Studio 30,Colinside,M8 9SA,samantha20@example.net,+44161 4960384,Standard,2022-11-17,1
2734,Bradley,Thompson,1947-01-06,"Studio 3, Lawrence Rapids",Studio 76G,Lake Bruce,L81 4UN,geraldinethompson@example.net,+44(0)2074960955,Mutual Rewards,2027-11-15,1
2735,Lucy,Nixon,1960-11-29,350 Walker Square,Flat 13Y,South Ruthview,EH2 9FA,ashleyhudson@example.org,(0306)9990237,Standard,2026-08-03,1
2736,John,Moss,1959-03-14,288 James Springs,,Lake Tracy,B5 0SE,mitchelljudith@example.com,(0115) 496 0069,Standard,2026-08-08,1
2737,Hollie,Hughes,1958-03-03,"Flat 32p, Lucas Route",,Jonesfurt,GY2B 8PU,leslielewis@example.net,(0113) 4960436,Standard,2026-02-14,1
2738,Craig,Williams,2000-09-19,"Flat 38, Francesca Plain",,Fosterland,E8A 7NP,rita27@example.com,+4428 9018370,Standard,2021-03-16,1
2739,Tony,Murray,1950-11-17,3 Emma Trail,,New Gemma,BT1 9FU,priley@example.net,+442074960313,Standard,2026-12-05,1
2740,Irene,Walker,1983-08-14,"Studio 49b, Ann Station",Flat 71B,Kennedybury,B1 1XQ,abdul05@example.com,0306 999 0448,Standard,2025-02-19,0
2741,Daniel,Wallace,2003-12-09,717 Jones Rapid,Flat 7,East Patrick,N3D 3RF,petermarshall@example.com,+44141 496 0207,Standard,2022-06-02,1
2742,Emma,Austin,1988-04-27,8 Roberts Trail,,Kyleville,S2F 9QR,kimberleysmith@example.net,(0191)4960742,Mutual Rewards,2022-02-20,1
2743,Conor,Martin,2006-12-05,"Studio 09, Conor Divide",,Mitchellshire,S34 4XH,smithjack@example.com,+44121 496 0589,Standard,2024-04-26,1
2744,Mark,Bruce,1991-04-11,772 Scott Island,,Ahmedside,W3 5TE,hallclare@example.net,(0113)4960655,Standard,2021-04-27,1
2745,Kyle,Pugh,1966-12-17,"Flat 23, Elliot Loop",,Carlton,B76 7YS,wdavey@example.net,+441144960343,Standard,2027-07-08,0
2746,Bryan,Marshall,1961-02-01,"Studio 6, Dale Locks",,Milesbury,NR61 0LQ,ahughes@example.com,0909 8790404,Mutual Rewards,2026-04-09,0
2747,Damien,Austin,1970-04-19,92 Burke Summit,,North Denisstad,HR29 7XE,carolconnor@example.net,+441914960046,Standard,2025-02-04,1
2748,Pauline,Bell,1955-03-02,8 Carole Junction,,East Kayleighmouth,S2S 3EL,wilsonjoshua@example.org,+44292018978,Standard,2023-09-01,1
2749,Jonathan,Hodgson,1978-09-20,0 Liam Trafficway,,South Valeriefort,S85 3TN,hsanderson@example.com,(0131) 496 0849,Standard,2026-09-05,1
2750,Lesley,Read,1953-02-11,"Flat 0, Keith Village",,West Patrickland,M07 6UW,gharrison@example.net,(0191) 4960664,Standard,2024-01-03,1
2751,Reece,Smith,1948-08-29,33 Jordan Valley,,Westport,JE03 0UT,,+44(0)151 496 0353,Standard,2023-01-03,0
2752,Melissa,Bolton,1980-09-21,41 Hayley Turnpike,,Catherineshire,B2H 0ZZ,mohamedobrien@example.com,+44114 496 0209,Standard,2025-07-07,1
2753,Sandra,Scott,2004-02-17,"Flat 46F, Mark Heights",Studio 5,Thomasville,B87 3LE,gilbertshannon@example.com,+44114 496 0010,Standard,2025-07-05,0
2754,Marc,Collier,1974-02-01,"Flat 52, Simpson Brooks",,Port Tobychester,S3 1ZR,paigewebster@example.org,(0808) 157 0944,Standard,2024-09-24,0
2755,Lawrence,McCarthy,1982-11-06,579 Frederick Extension,Studio 18m,Hayleychester,NP5H 3PR,bethphillips@example.net,(0131) 4960178,Standard,2024-06-02,1
2756,Damian,Gibson,1973-10-04,86 Ali Mountains,,Shahmouth,DH7Y 6XW,elliottmaureen@example.com,+44(0)1632 960 966,Standard,2023-12-20,1
2757,Gareth,Iqbal,1965-11-14,"Flat 48, Fisher Viaduct",,Morrishaven,E0 1DW,bradley64@example.org,+44(0)1632 960 022,standard,2027-11-26,1
2758,Adam,Owen,2005-09-15,95 Vaughan Pike,Flat 8,West Aaron,AB9,gpage@example.net,01632 960809,Standard,2027-10-10,1
2759,Victor,Walker,1979-05-02,99 Jeremy Gardens,,Lake Gordon,LU36 4BD,estevens@example.org,(0306)9990202,Standard,2024-12-13,1
2760,Leslie,Williamson,1994-06-09,"Flat 17, King Road",Flat 9,New Shirley,W33 0ZP,ssmith@example.com,(020)74960232,Mutual Rewards,2024-04-06,1
2761,Anne,Khan,1975-06-10,966 Marie Brook,,Whitefurt,DL38 2FW,baileyross@example.net,0161 496 0060,Standard,2026-04-24,0
2762,Lydia,Chapman,1945-05-10,"Flat 7, Hollie Way",,South Nathan,L93 8DX,glenn49@example.com,(0131)4960152,STANDARD,2023-01-20,1
2763,Melanie,Davies,1953-08-10,"Flat 50, Murphy Club",,East Aaron,TA3R 9AJ,smithdeborah@example.com,01214960390,Standard,2026-12-23,0
2764,Jake,Mills,1970-03-03,9 Moore Villages,,Lake Aaron,KW5A 1GW,lowenaomi@example.net,028 9018 0364,Standard,2023-11-03,1
2765,Grace,Taylor,1948-05-28,0 Charlotte Mountain,,Lake Reeceport,NW06 6QR,dalyellie@example.com,+44(0)8081570472,Standard,2024-07-05,1
2766,Danielle,Gardner,1996-09-12,"Flat 6, Hughes Orchard",,Ruthborough,S6J 0TH,eileen21@example.net,(0113) 4960893,Standard,2021-12-04,1
2767,Patricia,Woodward,1976-07-04,7 Smith Station,Flat 20v,Stevensontown,DT52 7PR,edward98@example.org,+44(0)1314960303,Mutual Rewards,2024-05-19,1
2768,Terence,Bailey,1988-08-14,60 Griffiths Brooks,,New Brendamouth,B9 2RL,gwilkins@example.com,+441514960520,Standard,2024-01-28,0
2769,Marion,Smith,1965-07-21,"Flat 15F, Damian Prairie",,Smithview,GL25 9YP,bmitchell@example.com,+44(0)114 4960984,standard,2024-08-08,1
2770,Gail,West,1990-06-18,"Flat 16, Dennis Ferry",,Vanessaside,W8W 1UF,smiller@example.net,+44131 4960288,Standard,2022-03-04,0
2771,Stephanie,Boyle,1981-04-02,1 Lucas Shore,,Lake Derekstad,B02 4GS,freemanpaige@example.org,+44(0)909 8790534,Standard,2024-03-17,0
2772,Olivia,Moss,1996-09-17,"Studio 85P, Tracy Cliffs",Studio 1,North Naomi,E78 6GR,ncross@example.net,0161 4960422,Standard,2023-01-05,1
2773,Julian,Bell,1989-11-11,"Flat 46e, Kelly Port",Studio 54M,Clareland,UB1R 4ZL,francesca15@example.org,01414960145,Standard,2021-08-12,0
2774,Joyce,King,1949-05-29,3 Neil Villages,,Lake Gemmafort,M9 5RE,scottholly@example.org,01514960076,Standard,2025-05-12,1
2775,Jill,Hawkins,1997-11-26,40 Hussain Wells,,West Lynnport,HS1 8GU,brendasmith@example.org,,Standard,2025-07-22,1
2776,Jasmine,Dunn,2003-09-01,64 Marsden Groves,,Port Dean,TQ9 7NX,brenda13@example.org,+44161 4960599,Standard,2027-07-27,1
2777,Joe,Wilson,1956-06-15,"Studio 23, Stephanie Overpass",,South Marieview,SW75 8ZF,dylanwillis@example.com,+441414960807,Mutual Rewards,2022-02-28,1
2778,Hugh,Jones,1999-12-31,"Flat 13f, Morris Manor",Flat 67,Nolanville,S06 9NY,vincent72@example.com,+44(0)115 4960455,Standard,2026-09-04,1
2779,Holly,Black,1946-05-07,"Flat 11N, Hill Walks",,Lake Reece,DT6H 0DN,valerie15@example.net,+44(0)1632 960 997,Standard,2025-03-21,1
2780,Katy,Mason,1952-05-11,"Studio 45N, Turner Ridges",,Fergusonton,W7W 1WN,nortonpatrick@example.com,(0118) 4960053,Standard,2024-01-30,1
2781,Barry,Robinson,1946-09-01,2 Stevenson Squares,,Bateston,TN7 1WS,tom32@example.net,(0151) 496 0169,Standard,2021-08-26,1
2782,Jade,Robinson,2001-04-10,"Studio 93, Ward Estates",Flat 79,New Markstad,TN4 0BS,zhunt@example.net,0113 4960296,Mutual Rewards,2026-07-22,1
2783,Callum,Jennings,1942-05-01,"Studio 63o, Baxter Causeway",,Milesside,W12 6JE,chandlercarol@example.net,+441514960254,Mutual Rewards,2021-05-25,1
2784,Chloe,Hughes,1986-10-22,"Studio 81, Taylor Drive",,West Robinburgh,E2H 3ET,zdoyle@example.org,(029)2018789,Standard,2026-06-15,1
2785,Arthur,Barrett,1982-04-06,"Flat 42, Stone Tunnel",,West Peterfurt,WA0 8AY,,+4428 9018531,Mutual Rewards,2024-08-21,0
2786,Joel,Williams,1953-11-26,"Studio 48, Haynes Squares",,Alanfort,RG3E 5RX,garethkhan@example.net,(0114) 4960710,Standard,2025-09-01,1
2787,Christian,Wilkins,1996-04-17,403 Douglas Port,Studio 77w,East Jacqueline,TF83 8XN,henry90@example.net,+44191 4960678,MUTUAL REWARDS,2021-10-21,1
2788,Rhys,Heath,1987-02-18,1 Molly Lodge,,O'Donnellfurt,FY7N 3QR,hsmith@example.net,+449098790282,Standard,2022-07-17,1
2789,Katie,Bailey,1958-12-05,"Studio 97F, Jones Bypass",Studio 42,Darrenmouth,BD23 8DB,mary36@example.net,01184960201,Mutual Rewards,2023-12-07,0
2790,Clifford,Patel,1996-09-21,4 Clive Route,,New Hilary,KT7H 9LE,marion26@example.net,,Standard,2026-09-24,1
2791,Stanley,Davies,1968-09-29,580 Thomas Falls,,North Brandon,TF2B 9SD,dylanbennett@example.org,,Standard,2021-07-11,1
2792,Nathan,Parry,2001-12-19,"Studio 35U, Leonard Bridge",,South Stanleyfort,W38 1SP,,+44(0)191 496 0456,Standard,2022-08-27,1
2793,Justin,Richardson,1967-07-05,"Flat 05o, Savage Islands",Studio 8,Port Dannyview,AL9V 2ET,kclayton@example.com,+44(0)115 496 0292,Standard,2022-12-06,1
2794,Sian,Bird,1974-09-30,"Studio 1, Dixon Club",,Barrettmouth,EH0 6RT,harriet00@example.org,+4428 9018 0847,Standard,2027-10-20,1
2795,Aimee,Carr,1993-10-17,"Studio 9, Bates Ports",Studio 0,Huntberg,ZE0 7RQ,matthewperkins@example.com,0141 4960224,Standard,2027-06-24,1
2796,Sandra,Harvey,1943-12-20,8 Teresa Ville,,Juliabury,CF04 8GR,wrightalan@example.org,+441632 960 750,Standard,2024-11-29,1
2797,Hazel,Russell,1960-01-16,"Flat 22e, Lowe Loop",,Hughesport,E8K 0DR,hollieking@example.com,+441614960426,Standard,2023-01-21,0
2798,Phillip,Williams,1941-01-01,5 Wheeler Throughway,,Evansburgh,CT87 8LE,gillian62@example.net,0118 496 0802,Standard,2024-05-06,0
2799,Wendy,Tomlinson,1971-09-19,"Studio 1, Hall Orchard",,Lake Janeview,E4 0LY,hayesirene@example.org,0151 4960322,Standard,2025-05-31,1
2800,Robert,Sutton,1981-08-23,798 Liam Forest,Flat 72V,New Tracyfort,S67 1ZS,rhys76@example.com,+44113 496 0392,Standard,2025-02-03,0
2801,Josh,Houghton,1995-02-10,38 Amber Mills,Studio 50v,North Georgina,DG3P 1NS,wbell@example.org,+44(0)114 496 0888,Standard,2025-09-25,1
2802,Lindsey,Gallagher,1955-04-18,"Flat 3, Leslie Hill",,East Nicolaton,WV3 4QQ,bberry@example.net,(0118) 496 0940,Standard,2025-07-24,0
2803,Graham,Bradshaw,1947-08-21,58 Walters Estate,Studio 7,Jennaport,PL22 0DY,conorlambert@example.com,+44131 496 0957,Standard,2026-03-29,1
2804,Harriet,Cooper,1979-01-31,11 Stanley Crest,,Hollandside,CH65 8ET,martingail@example.com,,Mutual Rewards,2024-05-13,0
2805,Joseph,Brennan,1993-09-16,28 Anne Prairie,,Hughbury,SO8M 5NG,rbrowne@example.net,(0909)8790753,Standard,2027-09-27,1
2806,Jasmine,Lee,2002-02-06,"Studio 92Q, Craig Haven",,New Mohammed,W92 9ZR,upage@example.org,0141 4960601,Standard,2021-09-24,0
2807,Joanne,Ward,1947-06-30,"Flat 11w, Frank Islands",,Laurenside,B0 6AQ,wbaker@example.com,01614960213,Standard,2024-09-17,1
2808,Jack,Thomas,2001-12-16,"Studio 38c, Diane Gardens",,South Melanie,L69 0ZZ,cadams@example.org,+448081570191,Standard,2027-11-25,1
2809,Jacqueline,Ryan,1947-04-09,916 Green Plains,,North Mathewfort,E53 7BA,mohamedbuckley@example.org,(0161) 4960020,Standard,2021-06-13,1
2810,Irene,Wood,1994-03-31,"Studio 50P, Paige Mission",,North Hilarymouth,M23 5QL,leahchapman@example.net,+44116 4960321,Standard,2022-06-22,1
2811,Sian,Stokes,1995-08-16,5 Louis Square,,East Traceyland,G27 9AL,qmay@example.com,+44161 4960309,Standard,2026-05-21,1
2812,Sally,Warner,1977-07-07,780 Burton Light,,Hillmouth,L43 5TW,gerald70@example.org,(029)2018180,Standard,2022-09-11,1
2813,Joe,Cox,1986-01-22,"Flat 3, Kelly Squares",Flat 06b,Darrenbury,N11 3UX,owen73@example.com,(0808) 157 0253,Standard,2021-02-09,1
2814,Duncan,Phillips,1980-11-27,02 Lee Ferry,,South Amber,G7C 0FG,stephen09@example.net,(0161)4960511,Standard,2021-01-12,0
2815,Christian,Pearce,2002-06-21,"Flat 9, Parsons Mountain",,Juliafurt,YO5 7DH,mortonjenna@example.org,+443069990844,Standard,2022-06-24,1
2816,Mohammed,Dean,1987-06-25,"Studio 33i, Norman Wells",,Port Ian,B4 9PR,barrettcallum@example.net,01174960095,Standard,2025-04-14,0
2817,Abigail,Graham,1941-03-18,0 Evans Causeway,Flat 2,Susanfurt,L1J 0SG,kimgreenwood@example.com,0118 4960874,Standard,2023-07-27,1
2818,Dale,Hughes,1987-10-19,5 Jay Ridges,,Clarkefort,EC00 6JG,ashley73@example.net,(0151) 4960674,Mutual Rewards,2025-09-03,1
2819,Lorraine,Nicholson,1977-09-10,20 Dawn Lake,,Richardsport,M3 4AE,joanhill@example.com,+44(0)29 2018842,Standard,2026-03-18,1
2820,Laura,Smith,1989-06-08,718 Gregory Terrace,,New Lawrence,N6 8AG,kieran12@example.org,0114 496 0416,Mutual Rewards,2023-04-10,0
2821,Andrea,Ball,1985-03-10,"Studio 15w, Smith Neck",,East Barryville,W0D 0XX,roger35@example.net,+44118 4960021,Mutual Rewards,2024-07-03,0
2822,Beverley,Henderson,1955-05-31,81 Glenn Road,,Martinfurt,G44 2SP,victoria15@example.net,(0161)4960723,Standard,2023-11-17,1
2823,Katy,Ward,1958-05-02,27 Watson Plaza,,Carolineburgh,BH59 4RE,owilson@example.com,01144960684,Standard,2023-06-23,1
2824,Dawn,Hunter,1996-03-12,74 Tina Streets,,Lake Charlesfurt,G8 0AT,deananne@example.com,+44(0)161 4960023,Standard,2022-03-27,0
2825,Susan,Davies,1964-10-13,"Studio 98, Benjamin Trail",Studio 81,Judithport,M6S 4DD,,+44(0)116 4960422,Standard,2026-02-03,1
2826,Victoria,Chambers,1973-08-09,91 Suzanne Falls,,South Sammouth,E86 7WF,katyjackson@example.com,+44(0)121 4960676,Standard,2027-01-10,0
2827,Lauren,Jackson,1984-03-07,"Flat 78, West Shore",,Albertshire,LA1B 2NW,hilllouise@example.org,01514960337,Standard,2026-05-10,0
2828,Shannon,Bull,1948-05-25,"Studio 2, Read Mills",,East Emma,NE1H 1PZ,traceyherbert@example.com,+44(0)29 2018 0620,Standard,2026-12-12,1
2829,Harriet,West,2006-08-21,074 Ellis Lodge,,Lake Ricky,L2 5ZE,shanedavies@example.org,0121 4960142,Standard,2021-09-12,1
2830,Bruce,Reynolds,1941-05-08,"Flat 51q, Stewart Forge",,West Benjamin,S9 0QD,oconnorhazel@example.org,+441314960949,Standard,2027-08-24,1
2831,Sylvia,Carter,2007-06-30,94 Georgia Gateway,,Barrymouth,S0 7DL,jfrost@example.org,(0141)4960917,Standard,2026-06-22,1
2832,Jordan,Henry,1974-06-07,22 Lawrence Cliff,,Watsonmouth,G1S 7BB,ben45@example.net,(0141) 4960090,Mutual Rewards,2021-10-21,0
2833,Sam,Mitchell,1969-01-14,20 Walker Estate,,Russellshire,DH1 2ED,hblake@example.com,(01632) 960256,Standard,2026-11-30,0
2834,George,Chan,1955-04-12,88 Sharpe Skyway,Studio 5,West Brandonfurt,S0U 2WQ,emmaturner@example.net,029 2018 0749,MUTUAL REWARDS,2022-06-13,0
2835,Yvonne,Johnson,2000-05-12,711 Lindsey Loop,,West Gerard,E33 1FU,williamsmitchell@example.com,+44121 4960783,Standard,2027-10-26,1
2836,Alexandra,Morris,2000-12-01,97 Jack Garden,,Lake Rhysbury,PE91 1WP,walshbethany@example.com,(0151) 4960064,Mutual Rewards,2023-05-28,1
2837,Thomas,Anderson,1968-02-12,577 Watts Run,,West Jamesfurt,G6A 5NF,fstevens@example.com,+44(0)113 496 0885,Mutual Rewards,2021-11-29,1
2838,Angela,Parkes,1947-02-18,"Flat 13W, Guy Plains",,Lake Duncan,HS5E 3TH,paulamiller@example.com,(0306) 999 0177,Mutual Rewards,2026-04-04,1
2839,Grace,Lewis,1979-04-28,38 Alexander Branch,,Stevenstown,PH5 7RE,christopher48@example.com,+44(0)161 496 0716,Standard,2026-01-27,1
2840,Darren,Jones,2005-10-03,8 Kenneth Centers,,North Jordan,E1E 1RX,daniel98@example.net,+44(0)1184960793,Standard,2026-03-23,0
2841,Maria,Smart,1985-12-03,646 Teresa Manor,,North Mollychester,L3 2HX,justinsmith@example.org,+44(0)151 496 0557,STANDARD,2022-02-27,1
2842,Natalie,Marshall,1978-04-15,"Studio 25, Naomi Circles",Studio 87,North Michelle,S5W 7RU,ykaur@example.net,0161 496 0130,Standard,2025-05-11,1
2843,Kayleigh,Smith,2003-12-02,720 Deborah Squares,,Kellymouth,ML98 5TN,joannehall@example.net,(0113) 4960619,Mutual Rewards,2026-12-18,0
2844,Olivia,Bell,1990-11-11,3 Joel Rue,,West Dennisside,B1F 1QA,mitchellannette@example.net,(0117)4960534,Mutual Rewards,2026-11-07,1
2845,Joanna,Potter,1941-10-19,"Flat 55, Rees Circles",,Hardingport,W60 8HG,lesley98@example.org,+44(0)292018695,Standard,2026-12-04,1
2846,Dorothy,Mitchell,1953-10-25,"Flat 46, Joyce Meadow",,West Jeffreymouth,B4T 1ZJ,yvonne98@example.org,01632 960 843,Mutual Rewards,2027-02-01,1
2847,Christian,White,2003-04-08,"Flat 74o, Brooks Island",,Harrietland,G86 2YJ,timothysimpson@example.com,(0116) 496 0868,Standard,2027-09-28,0
2848,Denis,Kirk,1990-11-13,7 Tom Ranch,,North Reeceburgh,TW5R 4ND,,+44(0)3069990482,Standard,2022-04-07,1
2849,Ricky,Davey,1959-12-08,5 Pollard Point,,Victormouth,L97 2RA,owen02@example.net,(0141) 4960259,Mutual Rewards,2026-03-16,1
2850,Jamie,Phillips,1949-09-07,39 May Unions,,Janeville,CW07 3SU,elaineoconnor@example.org,(0808)1570015,Standard,2026-07-20,1
2851,Justin,Jones,1952-07-19,"Flat 74, Adrian Place",Flat 48F,West Kieranshire,M4 9AB,glennnelson@example.net,+441514960825,Mutual Rewards,2024-12-11,0
2852,Joe,Stewart,1951-07-10,2 Robert Fort,,Carterbury,HS4A 3HL,robertslewis@example.com,+44(0)1184960785,Standard,2026-08-26,1
2853,Benjamin,Perry,1944-01-29,"Flat 9, Joe Parks",,New Paulafurt,MK5 0FD,joanne54@example.net,01154960932,Standard,2027-11-21,0
2854,Mohammed,Cameron,1982-03-31,15 Lydia Island,,North Graceland,LS98 9PA,natalie00@example.com,+44(0)116 4960250,Standard,2021-08-25,0
2855,Alison,Bradley,1973-03-13,"Studio 17, Roberts Rue",,New Antonyborough,L6A 4UA,wpage@example.net,(0113) 4960660,Standard,2027-03-10,1
2856,Sarah,Hughes,1946-03-10,"Flat 27n, Steven Street",,East Victorshire,G2W 8ZX,hpearson@example.com,(0116) 496 0444,Standard,2023-12-05,1
2857,Steven,Byrne,1947-09-07,"Flat 3, Brown Green",,Port Joannaport,W8F 1PB,kayleighmurphy@example.com,0118 4960939,Standard,2027-01-28,1
2858,Connor,Baxter,2000-09-03,654 Wright Plains,,South Aaronton,N2T 9PW,khoward@example.com,(0114) 496 0933,Standard,2026-06-01,1
2859,Rosie,Edwards,1969-12-06,0 Welch Ferry,,North Danny,M52 3LY,clewis@example.com,(0909)8790232,Mutual Rewards,2024-03-17,1
2860,Nicola,Hopkins,1955-11-17,8 Nathan Crest,,Lordmouth,G5 1JB,mperry@example.com,+44(0)116 4960649,Standard,2025-03-28,0
2861,Abigail,Brown,1998-06-08,4 Patel Cliffs,,Sarahmouth,W42 6YE,danielle59@example.com,(0115)4960904,Standard,2023-09-30,1
2862,Arthur,Watts,1944-02-26,54 Carey Village,Flat 92,Williamhaven,S6G 1WT,wattsjennifer@example.com,028 9018 0890,STANDARD,2021-02-11,0
2863,Elizabeth,Green,1959-03-15,0 Geoffrey Landing,,Annmouth,WN52 6HQ,kayleighsmith@example.com,(0121)4960507,standard,2024-09-11,1
2864,Brandon,Parkes,1975-01-31,59 Brenda Plain,,Hughesstad,YO1M 5WA,jreid@example.org,(0115)4960203,Standard,2027-08-22,1
2865,Pauline,Reid,1989-05-13,"Flat 0, Josh Islands",Flat 32,East Sara,M2 4EU,marionmills@example.net,01214960307,Mutual Rewards,2021-08-08,1
2866,Hollie,Dennis,1980-06-21,"Studio 0, Norman Stravenue",,Jamieview,B3D 1JY,margaretcox@example.com,+44(0)29 2018720,Standard,2026-10-13,1
2867,Barbara,Lawson,1991-02-04,67 Richardson Freeway,Studio 65,South Donald,E6 8BH,stewartvanessa@example.org,01914960794,Mutual Rewards,2022-05-05,1
2868,Patricia,Kelly,1945-12-22,"Flat 5, Davey Knolls",Flat 15W,Johnsonbury,G99 8DG,jenkinsjoseph@example.net,+44(0)114 496 0770,Standard,2021-09-06,1
2869,Beverley,Watts,1971-12-12,71 Wright Lodge,,Joyceside,TW66 2DT,vedwards@example.com,+441632 960 441,Mutual Rewards,2023-12-10,1
2870,Gemma,Evans,2005-04-17,"Flat 75, Billy Place",,East Jacobside,B1 9QQ,dorothy45@example.com,0117 496 0526,Standard,2023-03-31,1
2871,Joshua,Roberts,1947-01-29,491 Raymond Canyon,,Sharonstad,W40 5SL,leonard31@example.net,+44(0)116 496 0903,Standard,2025-06-29,1
2872,Edward,Oliver,1981-09-24,9 Price Ports,,South Francis,W00 1DH,daviesjeffrey@example.org,(0116) 496 0761,Standard,2023-12-27,1
2873,Andrea,Smith,2004-01-21,11 Marshall Falls,,East Trevor,N8D 3GZ,bdodd@example.org,01214960097,Standard,2021-12-31,1
2874,Paula,Green,1965-09-26,"Flat 36j, Andrews Grove",,New Gillianborough,W8 2YU,gharris@example.com,+44(0)289018685,Standard,2022-01-22,1
2875,Marie,Gould,1953-08-14,58 Lee Drive,,Harrisonport,B03 6EB,sallyreeves@example.org,0115 4960704,Standard,2021-03-05,0
2876,Gregory,Ellis,1998-07-15,"Studio 73, Burns Causeway",Flat 21U,Briggsberg,W3 0DS,,(029)2018316,Standard,2022-02-07,1
2877,Rosemary,Saunders,1943-11-16,7 Clark Locks,,Williamsview,S6 6LX,georgina88@example.net,0121 4960442,Standard,2023-06-11,1
2878,Maurice,Howard,1981-01-06,"Studio 98G, Harris Knoll",,New Mary,M5B 6PG,anorman@example.com,0118 496 0155,Standard,2022-06-19,1
2879,Guy,Bull,1942-10-08,783 Craig Common,,South Shannon,S8 0RH,victor85@example.com,+44(0)1632960977,Standard,2021-07-16,1
2880,David,Barber,1958-11-22,"Studio 82, Bell Freeway",,Edwardport,L59 8WU,,01134960052,Standard,2023-12-22,0
2881,Jake,Roberts,1961-08-20,"Flat 72, Wilkinson Well",,Hardyburgh,E4 8LW,asmith@example.org,(0131) 4960471,Standard,2027-10-28,1
2882,Ronald,Rees,1984-12-11,"Flat 75, Yates Garden",,North Peter,CB19 6XZ,dean97@example.com,(0808) 157 0802,Standard,2027-02-10,1
2883,Gordon,Wilson,1986-06-04,"Flat 35, Richardson Ranch",Studio 3,Lake Abbie,M6A 4YD,nmorris@example.net,0909 8790155,Standard,2023-10-02,1
2884,Amanda,Warner,1969-01-08,"Studio 04E, Walker Crescent",,West Jeffreyview,N84 5WY,marcsmith@example.com,01614960176,Standard,2025-08-27,1
2885,Rebecca,Lucas,1975-01-04,"Studio 94, Zoe Street",Flat 77j,Flynnmouth,B92 7DN,scottlydia@example.com,+44(0)3069990640,Standard,2025-06-28,1
2886,Jean,Foster,1987-04-29,36 Natasha Pine,,Barbaramouth,M52 6NG,marshallcolin@example.org,+441632960808,Standard,2022-06-09,1
2887,Joyce,Lee,1956-01-31,"Flat 85i, Jonathan Run",,North Annette,OX4 3HJ,bankselaine@example.net,(029) 2018 0842,Standard,2024-09-22,0
2888,Emily,Walker,1998-12-04,7 Payne Lane,,Lake Hughbury,W01 6JZ,ehunter@example.com,+4428 9018364,Standard,2024-08-28,1
2889,Jeffrey,Pearce,1967-11-27,45 Keith Radial,,Port Caroleburgh,LN12 8LA,olivia60@example.net,029 2018 0307,Standard,2023-02-07,1
2890,Hugh,Cooke,1992-12-13,"Flat 0, Jackson Squares",,Darrenfort,NE56 4ZF,declan93@example.org,(0118) 4960886,Mutual Rewards,2025-10-31,1
2891,Stanley,Herbert,1999-05-24,2 Stephen Shores,,Oliverfurt,DH1 5ZP,qdaniels@example.net,0161 4960423,Mutual Rewards,2022-12-21,1
2892,Clifford,Howarth,1960-01-06,8 Gerard View,,Lake Pauline,L7 2RZ,elewis@example.com,+44(0)117 4960916,Standard,2026-06-21,1
2893,Tina,Webb,1996-11-12,"Studio 8, Damian Crossroad",,Dickinsonland,DN98 8EE,xhayes@example.org,01314960125,Standard,2025-02-03,0
2894,Stewart,Joyce,1959-05-25,"Flat 24, Thomson Route",Studio 3,Lake Judithtown,N5E 0RA,kathrynroberts@example.com,0114 4960078,Mutual Rewards,2025-11-15,0
2895,Garry,Allen,1960-11-07,06 Holly Motorway,,East Denise,B75 1JN,ccook@example.net,+44(0)1414960810,Mutual Rewards,2023-01-27,0
2896,Christian,Long,1999-11-29,01 Morton Estates,,West Mollymouth,HA3B 4SU,john09@example.com,0113 4960437,Mutual Rewards,2025-09-01,1
2897,Oliver,Taylor,1977-07-13,9 Hill Stravenue,,South Adam,SN34 5DH,parkerbethany@example.org,+44(0)1174960953,Standard,2022-08-05,1
2898,Alison,Simpson,1969-03-28,233 Michelle Oval,Flat 6,New Rosemary,ST81 5NX,hussaincallum@example.net,(01632) 960 335,standard,2027-12-04,1
2899,Dean,King,1956-02-27,"Studio 0, Charlie Skyway",,West Olivia,IV8 9FU,waltonowen@example.net,+44114 496 0370,Standard,2022-10-11,1
2900,Rita,Parsons,1969-03-13,"Studio 78, Yvonne Park",,Olivermouth,S7K 9HS,alexandrahodgson@example.net,+44(0)909 879 0995,Mutual Rewards,2027-11-22,1
2901,Abigail,Gallagher,1974-03-04,3 Humphries Circle,Flat 81h,Helenhaven,CA3V 3DH,qryan@example.com,(020) 7496 0235,Mutual Rewards,2026-12-01,1
2902,Ellie,Marshall,1959-10-05,493 Morris Creek,,West Nigelmouth,DE85 0JA,aliluke@example.net,+441184960039,standard,2026-12-12,1
2903,Jade,Mitchell,1992-05-31,"Flat 11, Amanda Ridge",,West Duncanhaven,E1E 1ZY,thompsonnicola@example.org,(0808) 1570441,Standard,2025-06-29,1
2904,Guy,Myers,1988-09-04,664 Maurice View,Flat 9,Oliviamouth,NG11 4JD,francis29@example.org,+44(0)8081570149,Mutual Rewards,2022-12-23,0
2905,Rachael,Macdonald,1960-06-15,3 Campbell Vista,Studio 3,Lesleyburgh,DA47 9JY,burtonmohammed@example.com,(029) 2018730,Standard,2025-08-18,1
2906,Alice,Harrison,1979-06-14,"Flat 3, Hussain Terrace",,North Charleneburgh,HU4A 4RT,eowen@example.com,0116 4960775,STANDARD,2027-06-05,1
2907,Gerald,Fraser,1950-08-06,3 Duncan Isle,,Harrisville,PE3 0DQ,lloydyvonne@example.org,(0118)4960030,Mutual Rewards,2025-12-21,1
2908,Roger,Khan,1964-10-16,36 Robson Land,,Douglastown,B6G 8BN,jack66@example.com,+44121 4960651,Standard,2023-10-27,1
2909,Gillian,Green,1971-03-08,300 Kerry Parkway,Flat 49,New Vincent,HP5 7NG,paigebrown@example.net,(0161) 4960944,Mutual Rewards,2021-04-04,0
2910,Lee,Boyle,1989-10-02,68 Jones Causeway,,Lake Ann,ZE9 4NF,geoffreywest@example.net,+441414960892,Standard,2026-11-30,1
2911,Donna,Williams,1985-04-10,"Studio 79, Billy Parkway",Flat 96m,Elaineberg,L15 6BQ,,+44292018794,Mutual Rewards,2025-08-27,0
2912,Brian,Webster,1965-08-06,"Studio 10, Martin Summit",,Mohammadport,HX12 5UJ,sdavies@example.net,+441184960800,Mutual Rewards,2022-04-01,1
2913,Christopher,Mann,1957-09-11,8 Barton Trace,Flat 7,Edwardsfort,L2S 5BZ,fitzgeraldrebecca@example.com,+44(0)117 4960222,Mutual Rewards,2022-07-27,1
2914,Norman,Campbell,1942-11-20,"Flat 1, Poole Heights",,South Sara,SO8V 2BZ,khankieran@example.org,+44121 4960839,Mutual Rewards,2026-07-07,1
2915,Ian,Peters,1978-07-18,845 Booth Orchard,Flat 78,Catherineborough,G3 8NU,zhooper@example.com,+44(0)1174960390,Standard,2026-04-19,0
2916,Carl,Blake,1997-06-30,"Flat 1, Charles Oval",,Markborough,S9 7LJ,graham88@example.org,03069990576,Standard,2026-09-30,0
2917,Christine,Simpson,1951-07-22,"Flat 2, Denise Locks",,Mauriceside,E94 5DU,,+441414960386,Standard,2021-10-02,1
2918,Lynn,Lambert,1941-11-06,540 Benjamin Fields,,West Ross,HG5 3ZT,,+44(0)116 4960056,Standard,2021-02-19,0
2919,Paul,Woods,1993-04-10,"Flat 09, Patrick Vista",,Kirstyfort,S70 1BR,crossgraham@example.net,+44(0)1174960032,Mutual Rewards,2022-05-19,1
2920,Phillip,Scott,1963-07-12,5 Wilson Spurs,,Atkinsonview,DL6 6BF,tjones@example.org,09098790216,Standard,2022-11-17,1
2921,Natasha,O'Brien,1957-12-20,"Studio 62, Julian River",Studio 72r,Charlieshire,SR09 0TY,kimberleytaylor@example.org,(0131)4960150,Standard,2027-04-23,1
2922,Kelly,Rees,1956-03-13,165 Hollie Wall,,Beverleyside,SS1 3FB,nicolewilson@example.com,0118 496 0424,Mutual Rewards,2026-06-10,0
2923,Rachael,Fry,1985-06-02,28 Alexander Stream,,Smithhaven,CM57 9YH,maxahmed@example.net,+44(0)28 9018649,Standard,2022-06-14,1
2924,Zoe,Bell,1961-05-13,"Flat 89, Bond Cove",Flat 66,Port Alexander,N4 6LG,,+44(0)1632 960 494,Standard,2023-08-12,0
2925,Patrick,Cox,1946-02-04,183 Tom Lakes,,Port Samfurt,TQ91 8GT,lyndahale@example.org,(0115) 4960369,Standard,2026-11-16,1
2926,Daniel,Randall,1974-04-04,"Flat 2, Kate Locks",,North Victoria,WD0 2LB,rosie03@example.com,0115 496 0760,Standard,2026-08-28,0
2927,Ellie,Richards,1947-03-20,7 Jones Road,,New Gemma,BA4 0LF,knowlesmary@example.com,(01632) 960478,Standard,2024-07-24,0
2928,Roy,Evans,1972-11-23,"Flat 01, Callum Loaf",,Terencemouth,N43 8UA,simon98@example.org,0116 4960162,Standard,2027-02-26,0
2929,Karen,Walker,1988-01-15,2 Bailey Tunnel,,Ashleightown,ME4W 8JL,rowleynorman@example.org,+44(0)121 4960287,Standard,2023-05-09,0
2930,Mohammad,Singh,1966-05-05,9 Dominic Fords,Flat 27,Baxterborough,G1K 6PW,mccarthyallan@example.net,+44(0)1614960551,Mutual Rewards,2022-03-08,1
2931,Jayne,Jackson,1993-10-11,"Studio 3, Georgia Springs",,West Natashabury,W6 4RH,daniel77@example.org,+44(0)1632960188,Mutual Rewards,2023-11-16,1
2932,Brenda,Smith,1982-02-25,"Studio 5, Charlie Keys",,Kimton,N3W 2LJ,tobywong@example.com,,Standard,2025-11-25,0
2933,Kerry,Griffin,1966-11-06,"Flat 38, Shaun Islands",,Dawnland,DD7V 6RL,lynn56@example.com,+44(0)306 9990868,Standard,2026-01-31,1
2934,Ronald,Matthews,1981-03-20,"Studio 51j, Perkins Center",,North Debraborough,BN63 0PP,susan65@example.org,0131 4960414,Standard,2022-07-01,1
2935,Gerald,Harrison,1952-09-29,"Flat 4, Brown Inlet",,East Kimside,G58 4BD,simpsonvanessa@example.org,,Standard,2025-11-29,0
2936,Peter,Ward,1983-03-23,"Studio 42Q, Samantha Inlet",,Leanneton,SW8B 6JP,oliver97@example.org,+44141 496 0344,Mutual Rewards,2024-01-15,1
2937,Stanley,Sanderson,1941-02-10,76 Hollie Stravenue,,Eleanorview,PE7 2BQ,oneillgraham@example.com,(0113)4960026,Mutual Rewards,2025-05-30,0
2938,Josh,Davies,1989-02-01,"Studio 7, Williams Crossing",Studio 20,New Natalie,EH77 5QT,dale19@example.org,0909 8790667,standard,2021-10-14,0
2939,George,Matthews,1990-12-11,"Flat 52, Lynda View",Flat 86,Port Beverley,BT8R 7PZ,kayleighprice@example.org,01614960513,Standard,2021-08-30,1
2940,Toby,Reynolds,2000-06-25,"Flat 07, Russell Walk",,Alicemouth,NR5M 7YL,louis93@example.com,+44(0)114 496 0123,Mutual Rewards,2024-06-21,1
2941,Jeffrey,Ford,1984-04-18,"Studio 16, Jacqueline Row",Studio 87,Lloydville,N9 3NN,znorris@example.org,+44(0)113 496 0947,Standard,2026-03-31,1
2942,Barry, Begum ,1986-10-31,0 Mohammad Landing,,New Eileen,E32 5PD,christopherduncan@example.com,+441134960836,Standard,2025-09-23,0
2943,Nicholas, Morris ,1984-05-26,666 Karen Point,Studio 09,Shirleyburgh,EX3W 5WW,bennash@example.com,,Standard,2025-02-28,1
2944,Francesca, Brooks ,1961-12-11,55 Russell Mission,Flat 6,Gillianberg,N69 1DG,julian55@example.net,01214960496,Mutual Rewards,2023-04-23,0
2945,Tom,Johnson,1950-12-20,96 Yates Valley,Flat 62,Declanberg,LE6 5AJ,deniscarr@example.net,0808 157 0848,Standard,2021-05-27,0
2946,Claire,Brown,1963-10-17,9 Charlie Court,,South Meganberg,HR3 7RG,georgina43@example.org,(0161) 4960976,Standard,2024-09-13,0
2947,Roger,Fletcher,1968-10-18,8 James Plaza,Flat 20,West Carolynbury,CM9H 1PJ,daviesdiana@example.net,+442074960230,Standard,2025-02-05,1
2948,MEGAN,Clayton,1986-08-22,"Studio 3, Jones Drive",Studio 8,Joshuatown,CR84 8QW,paynebrenda@example.net,+44(0)161 4960669,Standard,2022-05-16,0
2949,Dorothy,Bell,1977-07-07,68 Laura Club,,New Victorchester,DA43 7AD,vpalmer@example.com,(0909) 879 0360,Standard,2021-02-03,0
2950,Mohammed, Owens ,1952-01-07,"Studio 70, Pauline Lakes",,Abigailside,TN4 7RP,christopherjackson@example.com,+44(0)1632960643,Standard,2021-02-26,1
2951,Mark,Allen,1952-12-05,"Flat 39z, Turner Motorway",,Janicemouth,M8 5GL,holly87@example.net,0115 496 0584,Standard,2021-07-16,1
2952,JULIA,Wallace,1970-10-06,7 Mohammed Crest,Studio 4,Reidberg,S0 1FW,wcooke@example.org,+44141 496 0834,Standard,2022-01-05,0
2953,CLIFFORD,Brown,1972-08-16,69 Parkinson Court,,Valerieshire,SR34 8QP,luke83@example.com,0121 496 0560,Standard,2022-01-17,0
2954,CAROLE,Lamb,2003-03-17,"Flat 99F, Pearce Station",Studio 8,Port Barry,B8 0AE,antony86@example.net,+44(0)141 4960906,Standard,2022-07-21,1
2955,Sylvia, Carter ,2007-06-30,94 Georgia Gateway,,Barrymouth,S0 7DL,jfrost@example.org,(0141)4960917,Standard,2026-06-22,1
2956,Leanne, Daly ,1997-01-09,4 Parkin Port,Studio 48,New Graemeton,SO81 7QR,woodbilly@example.org,+44(0)1914960673,Mutual Rewards,2022-03-21,0
2957,Rebecca,Parker,1955-06-09,"Studio 61, Evans Neck",,Taylormouth,NG4E 7ES,lynne19@example.org,(0141) 496 0369,Standard,2023-11-03,1
2958,Kayleigh,Lloyd,1944-07-09,"Studio 48, McLean Forge",,New Christopherport,WC3 4HA,molly82@example.org,+44(0)306 999 0700,Standard,2021-03-14,1
2959,Robert,Morton,1994-11-06,361 Charlene Flats,Flat 89,South Ian,W8J 8DQ,catherinedunn@example.org,01134960486,Mutual Rewards,2022-07-26,1
2960,DENIS,Rowe,1994-12-26,7 Jones Garden,,Lake Marcville,ME87 9GS,hydelorraine@example.com,(029) 2018201,Standard,2022-03-23,1
2961,Graham,Turner,1951-06-17,32 Williams Station,,Lake Henryhaven,CW4X 6NX,keith78@example.org,+44(0)29 2018757,Standard,2025-01-12,1
2962,RUTH,Marsh,1941-11-08,"Flat 2, Hugh Meadow",,Danielshire,B99 8ZD,james78@example.com,+44161 496 0969,Standard,2025-11-11,1
2963,ROSEMARY,Martin,2000-10-30,3 West Street,,North Paigeshire,CT3 0HT,phillipskarl@example.org,+44(0)9098790318,Standard,2027-11-24,0
2964,Naomi,Hamilton,1956-11-12,445 Young Mews,Studio 69W,Hayesborough,LD11 1FB,stewartsimpson@example.net,01614960417,Standard,2023-11-25,1
2965,Valerie, Clark ,1969-12-22,"Studio 9, Holmes Ville",,Wilsonchester,WF6 1UQ,jameswatkins@example.com,(029) 2018167,Standard,2025-06-12,1
2966,Gerard, Richardson ,1954-12-21,"Flat 93M, Rose Court",,New Eric,AB7 2NP,charlie12@example.net,+448081570900,Standard,2027-04-22,1
2967,Katie, Butcher ,1977-03-28,58 Stewart Springs,Flat 17o,New Kathleenland,TQ8B 4FL,,(0115) 4960296,Standard,2022-12-05,0
2968,Hannah, Cook ,1964-01-21,741 Lindsey Burg,,Chelseaville,NW1H 9WH,bkerr@example.org,029 2018 0820,Standard,2023-05-05,1
2969,Jamie,Woods,1961-07-01,841 Atkinson Station,Flat 47D,South Carly,S9U 9FA,laura15@example.net,+44(0)28 9018704,Standard,2027-12-01,0
2970,SHEILA,Finch,1948-11-22,"Studio 8, Tina Stravenue",Studio 03,Brownmouth,DL12 5XX,ssullivan@example.com,0191 498 0530,Standard,2024-11-20,1
2971,JUNE,Johnson,1977-10-29,"Studio 21e, Elliott Dale",,South John,L0G 6LF,thomsonamelia@example.org,+441632 960 173,Standard,2021-08-22,1
2972,STEVEN,Byrne,1947-09-07,"Flat 3, Brown Green",,Port Joannaport,W8F 1PB,kayleighmurphy@example.com,0118 4960939,Standard,2027-01-28,1
2973,Ian, Chambers ,1962-10-30,92 Amanda Glens,Studio 58T,Thomsonstad,BN6P 3UB,julia02@example.com,+44(0)20 74960724,Standard,2023-02-08,0
2974,VINCENT,Watson,2003-08-11,21 Carpenter Stream,,Byrnetown,G35 1XA,,+441164960955,Standard,2026-08-07,1
2975,Denis, Miller ,1985-02-26,119 Farrell Crest,,Summersside,M20 4HH,declan34@example.org,0117 496 0497,Mutual Rewards,2027-01-22,0
2976,Duncan, Carr ,1968-02-13,8 Hanson Isle,Studio 15,New Frederick,CV23 9HR,anne95@example.com,,Standard,2025-10-29,1
2977,ROBIN,Barnes,1979-11-08,63 Marcus Springs,,Howellshaven,L69 2SY,akhtarjoyce@example.org,01164960097,Standard,2024-03-09,1
2978,Rosemary,Williams,1958-09-30,"Studio 78, Jessica Extensions",,Palmerville,BR6 6QY,cthomas@example.org,(0116)4960127,Standard,2021-08-16,1
2979,Cameron, James ,1981-09-15,"Flat 19, Gail Plaza",Flat 73r,Hursthaven,KY7N 0DP,,(01632) 960 422,Standard,2026-08-18,1
2980,Nicola, Hopkins ,1955-11-17,8 Nathan Crest,,Lordmouth,G5 1JB,mperry@example.com,+44(0)116 4960649,Standard,2025-03-28,0
2981,Elliot, Green ,1978-08-18,"Flat 07, Patel Court",,East Tom,M95 6BJ,etaylor@example.org,+44191 496 0492,Standard,2027-06-05,0
2982,Tracy,Lee,1952-06-17,"Studio 0, Edwards Bridge",Flat 66b,West Albertshire,E99 9HL,molly91@example.net,+44(0)28 9018615,Standard,2026-04-03,1
2983,Rhys,Woodward,1981-12-19,966 Alison Dale,,Joshuafort,E2 0XN,jonesmaureen@example.net,(0116)4960227,Standard,2022-01-30,1
2984,Joyce, Wilson ,1961-06-23,"Flat 0, Brown Green",,North Glennburgh,CW18 5ZZ,bcampbell@example.net,+44116 496 0962,Standard,2021-06-16,1
2985,Ryan, Lees ,1998-12-22,117 Blake Freeway,Studio 35J,South Patrick,WA9 1PD,anne94@example.com,+441174960878,Standard,2025-01-17,0
2986,Liam,Brown,1944-03-13,"Studio 64, Power Summit",,Lake Abigail,M5S 7FT,francis24@example.net,+441632 960264,Standard,2022-05-14,1
2987,Hugh, Davies ,1958-05-13,"Flat 74, Anderson Lodge",Studio 0,Kirkfurt,SS04 4EF,dohertypaige@example.org,0117 4960689,Standard,2022-10-17,1
2988,SEAN,Mistry,1962-12-02,4 Phillip Plaza,,Kayleighburgh,LD9 5QN,samuel85@example.com,+44118 496 0885,Standard,2026-02-10,0
2989,Shane, Thompson ,1965-02-22,2 Lyons Divide,,Lake Elainechester,BA2 1GA,elaine90@example.com,+44909 8790371,Standard,2021-05-21,0
2990,Alexandra,Morris,1943-06-23,"Flat 16G, Griffin Curve",,South Yvonne,W69 8ZW,normanhammond@example.com,+44(0)121 4960911,Standard,2026-09-19,1
2991,Edward,Bailey,1955-04-28,"Studio 83J, Duffy Bypass",Flat 45,East Marilynmouth,S7U 0JB,john93@example.com,+441414960754,Mutual Rewards,2026-04-28,1
2992,KIM,Taylor,1954-06-23,9 Moore Garden,,West Tracey,S2A 5HY,warrennicholas@example.net,,Standard,2027-08-31,1
2993,Gillian, Green ,1971-03-08,300 Kerry Parkway,Flat 49,New Vincent,HP5 7NG,paigebrown@example.net,(0161) 4960944,Mutual Rewards,2021-04-04,0
2994,Danny, Doyle ,1989-07-04,"Studio 61, Hall Stravenue",,North Megan,B9K 9ZW,patricia76@example.org,+44(0)1514960099,Mutual Rewards,2024-03-02,1
2995,AMELIA,Davies,1991-06-06,7 Yvonne Manor,,New Amandaport,485,brettlittle@example.net,+4429 2018 0541,Standard,2027-10-10,1
2996,Jack,Murray,1942-07-06,"Flat 1, John Flat",,Sykestown,PE1 7ZY,vbrown@example.com,(020) 74960731,STANDARD,2021-03-05,0
2997,Heather,Carpenter,1960-09-25,169 Quinn Fork,,New Tracy,W8 5XD,maureenhiggins@example.com,+44151 4960321,Standard,2022-11-26,0
2998,Shaun,Thompson,1969-10-05,548 Jennifer Bridge,Flat 73R,West Judithborough,NW74 7UL,nichollsross@example.com,01414960656,MUTUAL REWARDS,2021-02-08,1
2999,Tracy,Evans,1973-11-16,"Flat 20d, Hayes Spur",Studio 67,Carolineville,CR0 5DY,bradshawdebra@example.com,(029) 2018 0056,Mutual Rewards,2024-03-08,0
3000,ANNETTE,Roberts,1968-09-08,"Studio 7, Mohamed Fords",,East Janice,M8H 0RY,,029 2018804,Standard,2022-06-14,1
